{
  "objectID": 465955,
  "isHighlight": false,
  "accessionNumber": "1971.49.1",
  "accessionYear": "1971",
  "isPublicDomain": true,
  "primaryImage": "https://images.metmuseum.org/CRDImages/cl/original/DP291630.jpg",
  "primaryImageSmall": "https://images.metmuseum.org/CRDImages/cl/web-large/DP291630.jpg",
  "additionalImages": [
    "https://images.metmuseum.org/CRDImages/cl/original/sf1971-49-1s2.jpg"
  ],
  "constituents": null,
  "department": "The Cloisters",
  "objectName": "Plaque fragment",
  "title": "Fragment with Personifications of Victory and the Nile",
  "culture": "Byzantine",
  "period": "",
  "dynasty": "",
  "reign": "",
  "portfolio": "",
  "artistRole": "",
  "artistPrefix": "",
  "artistDisplayName": "",
  "artistDisplayBio": "",
  "artistSuffix": "",
  "artistAlphaSort": "",
  "artistNationality": "",
  "artistBeginDate": "",
  "artistEndDate": "",
  "artistGender": "",
  "artistWikidata_URL": "",
  "artistULAN_URL": "",
  "objectDate": "6th century",
  "objectBeginDate": 500,
  "objectEndDate": 599,
  "medium": "Ivory",
  "dimensions": "Overall: 1 7/8 x 4 9/16 x 9/16 in. (4.7 x 11.6 x 1.4 cm)",
  "measurements": [
    {
      "elementName": "Overall",
      "elementDescription": null,
      "elementMeasurements": {
        "Depth": 1.4,
        "Height": 4.7,
        "Width": 11.6
      }
    }
  ],
  "creditLine": "The Cloisters Collection, 1971",
  "geographyType": "Made in",
  "city": "",
  "state": "",
  "county": "",
  "country": "probably Egypt",
  "region": "",
  "subregion": "",
  "locale": "",
  "locus": "",
  "excavation": "",
  "river": "",
  "classification": "Ivories",
  "rightsAndReproduction": "",
  "linkResource": "",
  "metadataDate": "2021-09-11T04:36:01.277Z",
  "repository": "Metropolitan Museum of Art, New York, NY",
  "objectURL": "https://www.metmuseum.org/art/collection/search/465955",
  "tags": [
    {
      "term": "Heads",
      "AAT_URL": "http://vocab.getty.edu/page/aat/300375054",
      "Wikidata_URL": "https://www.wikidata.org/wiki/Q3409626"
    },
    {
      "term": "Nike",
      "AAT_URL": "http://vocab.getty.edu/page/ia/901000070",
      "Wikidata_URL": "https://www.wikidata.org/wiki/Q165023"
    },
    {
      "term": "Wreaths",
      "AAT_URL": "http://vocab.getty.edu/page/aat/300391223",
      "Wikidata_URL": "https://www.wikidata.org/wiki/Q1201922"
    }
  ],
  "objectWikidata_URL": "",
  "isTimelineWork": false,
  "GalleryNumber": "302",
  "prov": "Ernst and Marthe Kofler-Truniger, Lucerne (sold 1971)"
}