{
  "objectID": 465981,
  "isHighlight": false,
  "accessionNumber": "1975.65",
  "accessionYear": "1975",
  "isPublicDomain": true,
  "primaryImage": "https://images.metmuseum.org/CRDImages/cl/original/DP326230.jpg",
  "primaryImageSmall": "https://images.metmuseum.org/CRDImages/cl/web-large/DP326230.jpg",
  "additionalImages": [
    "https://images.metmuseum.org/CRDImages/cl/original/DP326538.jpg"
  ],
  "constituents": null,
  "department": "The Cloisters",
  "objectName": "Pendant",
  "title": "Pendant Medallion with Michael Slaying the Dragon",
  "culture": "French",
  "period": "",
  "dynasty": "",
  "reign": "",
  "portfolio": "",
  "artistRole": "",
  "artistPrefix": "",
  "artistDisplayName": "",
  "artistDisplayBio": "",
  "artistSuffix": "",
  "artistAlphaSort": "",
  "artistNationality": "",
  "artistBeginDate": "",
  "artistEndDate": "",
  "artistGender": "",
  "artistWikidata_URL": "",
  "artistULAN_URL": "",
  "objectDate": "ca. 1470\u201380",
  "objectBeginDate": 1470,
  "objectEndDate": 1480,
  "medium": "Mother of pearl, tempera, and silver",
  "dimensions": "Overall: 2 1/4 x 1 9/16 x 3/16 in. (5.7 x 3.9 x 0.5 cm)",
  "measurements": [
    {
      "elementName": "Overall",
      "elementDescription": null,
      "elementMeasurements": {
        "Depth": 0.5,
        "Height": 5.7,
        "Width": 3.9
      }
    }
  ],
  "creditLine": "The Cloisters Collection, 1975",
  "geographyType": "",
  "city": "",
  "state": "",
  "county": "",
  "country": "",
  "region": "",
  "subregion": "",
  "locale": "",
  "locus": "",
  "excavation": "",
  "river": "",
  "classification": "Sculpture-Miniature",
  "rightsAndReproduction": "",
  "linkResource": "",
  "metadataDate": "2021-10-14T04:36:36.32Z",
  "repository": "Metropolitan Museum of Art, New York, NY",
  "objectURL": "https://www.metmuseum.org/art/collection/search/465981",
  "tags": [
    {
      "term": "Saint Michael",
      "AAT_URL": null,
      "Wikidata_URL": "https://www.wikidata.org/wiki/Q45581"
    },
    {
      "term": "Men",
      "AAT_URL": "http://vocab.getty.edu/page/aat/300025928",
      "Wikidata_URL": "https://www.wikidata.org/wiki/Q8441"
    },
    {
      "term": "Dragons",
      "AAT_URL": "http://vocab.getty.edu/page/aat/300375726",
      "Wikidata_URL": "https://www.wikidata.org/wiki/Q7559"
    }
  ],
  "objectWikidata_URL": "https://www.wikidata.org/wiki/Q20201982",
  "isTimelineWork": false,
  "GalleryNumber": "307",
  "prov": "[ Brimo de Laroussilhe, Paris (sold 1975)]"
}