{
  "objectID": 466093,
  "isHighlight": false,
  "accessionNumber": "1982.357",
  "accessionYear": "1982",
  "isPublicDomain": true,
  "primaryImage": "https://images.metmuseum.org/CRDImages/cl/original/sf1982-357s1.jpg",
  "primaryImageSmall": "https://images.metmuseum.org/CRDImages/cl/web-large/sf1982-357s1.jpg",
  "additionalImages": [
    "https://images.metmuseum.org/CRDImages/cl/original/sf1982-357s2.jpg",
    "https://images.metmuseum.org/CRDImages/cl/original/sf1982-357d2.jpg"
  ],
  "constituents": null,
  "department": "The Cloisters",
  "objectName": "Comb",
  "title": "Comb",
  "culture": "French (?)",
  "period": "",
  "dynasty": "",
  "reign": "",
  "portfolio": "",
  "artistRole": "",
  "artistPrefix": "",
  "artistDisplayName": "",
  "artistDisplayBio": "",
  "artistSuffix": "",
  "artistAlphaSort": "",
  "artistNationality": "",
  "artistBeginDate": "",
  "artistEndDate": "",
  "artistGender": "",
  "artistWikidata_URL": "",
  "artistULAN_URL": "",
  "objectDate": "15th\u201316th century",
  "objectBeginDate": 1400,
  "objectEndDate": 1499,
  "medium": "Boxwood inlaid with bone, and decorated with red and green silk",
  "dimensions": "Overall: 3 7/8 x 6 1/2 x 3/8 in. (9.8 x 16.5 x 1 cm)",
  "measurements": [
    {
      "elementName": "Overall",
      "elementDescription": null,
      "elementMeasurements": {
        "Height": 9.8,
        "Thickness": 1,
        "Width": 16.5
      }
    }
  ],
  "creditLine": "The Cloisters Collection, 1982",
  "geographyType": "",
  "city": "",
  "state": "",
  "county": "",
  "country": "",
  "region": "",
  "subregion": "",
  "locale": "",
  "locus": "",
  "excavation": "",
  "river": "",
  "classification": "Woodwork",
  "rightsAndReproduction": "",
  "linkResource": "",
  "metadataDate": "2021-11-09T04:35:24.483Z",
  "repository": "Metropolitan Museum of Art, New York, NY",
  "objectURL": "https://www.metmuseum.org/art/collection/search/466093",
  "tags": null,
  "objectWikidata_URL": "",
  "isTimelineWork": false,
  "GalleryNumber": "",
  "prov": "[ Brummer Gallery, Paris and New York] ; Ella Bache Brummer, New York ; [ Blumka Gallery, New York (sold 1982)]"
}