{
  "objectID": 466092,
  "isHighlight": false,
  "accessionNumber": "1982.356",
  "accessionYear": "1982",
  "isPublicDomain": true,
  "primaryImage": "https://images.metmuseum.org/CRDImages/cl/original/sf1982-356s1.jpg",
  "primaryImageSmall": "https://images.metmuseum.org/CRDImages/cl/web-large/sf1982-356s1.jpg",
  "additionalImages": [],
  "constituents": null,
  "department": "The Cloisters",
  "objectName": "Fragment",
  "title": "Border with \"Block\" Foliate Pattern",
  "culture": "French",
  "period": "",
  "dynasty": "",
  "reign": "",
  "portfolio": "",
  "artistRole": "",
  "artistPrefix": "",
  "artistDisplayName": "",
  "artistDisplayBio": "",
  "artistSuffix": "",
  "artistAlphaSort": "",
  "artistNationality": "",
  "artistBeginDate": "",
  "artistEndDate": "",
  "artistGender": "",
  "artistWikidata_URL": "",
  "artistULAN_URL": "",
  "objectDate": "ca. 1230\u201340",
  "objectBeginDate": 1225,
  "objectEndDate": 1240,
  "medium": "Pot-metal glass and vitreous paint",
  "dimensions": "Overall: 13 3/4 x 5 1/2 x 5/16 in. (35 x 14 x 0.8 cm)",
  "measurements": [
    {
      "elementName": "Overall",
      "elementDescription": null,
      "elementMeasurements": {
        "Height": 35,
        "Thickness": 0.8,
        "Width": 14
      }
    }
  ],
  "creditLine": "The Cloisters Collection, 1982",
  "geographyType": "Made in",
  "city": "possibly Amiens",
  "state": "Picardy",
  "county": "",
  "country": "France",
  "region": "",
  "subregion": "",
  "locale": "",
  "locus": "",
  "excavation": "",
  "river": "",
  "classification": "Glass-Stained",
  "rightsAndReproduction": "",
  "linkResource": "",
  "metadataDate": "2021-11-09T04:35:24.483Z",
  "repository": "Metropolitan Museum of Art, New York, NY",
  "objectURL": "https://www.metmuseum.org/art/collection/search/466092",
  "tags": null,
  "objectWikidata_URL": "https://www.wikidata.org/wiki/Q20201981",
  "isTimelineWork": false,
  "GalleryNumber": "008",
  "prov": "[ Galerie f\u00fcr Glasmalerei, Zurich (sold 1982)] ; Sibyll Kummer-Rothenh\u00e4usler, Zurich"
}