{
  "objectID": 466115,
  "isHighlight": false,
  "accessionNumber": "1984.24.1",
  "accessionYear": "1984",
  "isPublicDomain": true,
  "primaryImage": "https://images.metmuseum.org/CRDImages/cl/original/sf1984-24-1s1.jpg",
  "primaryImageSmall": "https://images.metmuseum.org/CRDImages/cl/web-large/sf1984-24-1s1.jpg",
  "additionalImages": [
    "https://images.metmuseum.org/CRDImages/cl/original/sf1984-24-1-2s1.jpg",
    "https://images.metmuseum.org/CRDImages/cl/original/sf1984-24-1s3.jpg",
    "https://images.metmuseum.org/CRDImages/cl/original/sf1984-24-1s2.jpg"
  ],
  "constituents": null,
  "department": "The Cloisters",
  "objectName": "Reliquary",
  "title": "Portable Reliquary of Saint Vincent",
  "culture": "French",
  "period": "",
  "dynasty": "",
  "reign": "",
  "portfolio": "",
  "artistRole": "",
  "artistPrefix": "",
  "artistDisplayName": "",
  "artistDisplayBio": "",
  "artistSuffix": "",
  "artistAlphaSort": "",
  "artistNationality": "",
  "artistBeginDate": "",
  "artistEndDate": "",
  "artistGender": "",
  "artistWikidata_URL": "",
  "artistULAN_URL": "",
  "objectDate": "ca. 1400, with later terminals",
  "objectBeginDate": 1375,
  "objectEndDate": 1450,
  "medium": "Translucent enamels on silver, wood",
  "dimensions": "Overall: 2 1/2 x 1/2 x 13/16 in. (6.4 x 1.2 x 2 cm)",
  "measurements": [
    {
      "elementName": "Overall",
      "elementDescription": null,
      "elementMeasurements": {
        "Depth": 2,
        "Length": 6.4,
        "Width": 1.2
      }
    }
  ],
  "creditLine": "Gift of Dr. Louis R. Slattery, 1984",
  "geographyType": "",
  "city": "",
  "state": "",
  "county": "",
  "country": "",
  "region": "",
  "subregion": "",
  "locale": "",
  "locus": "",
  "excavation": "",
  "river": "",
  "classification": "Enamels-Champlev\u00e9",
  "rightsAndReproduction": "",
  "linkResource": "",
  "metadataDate": "2021-11-09T04:35:24.483Z",
  "repository": "Metropolitan Museum of Art, New York, NY",
  "objectURL": "https://www.metmuseum.org/art/collection/search/466115",
  "tags": null,
  "objectWikidata_URL": "",
  "isTimelineWork": false,
  "GalleryNumber": "306",
  "prov": "[ Sotheby's, London British, (June 24, 1982, lot 34)] ; [ Blumka Gallery, New York] ; Louis R. Slattery USA, New York (until 1984)"
}