{
  "objectID": 466197,
  "isHighlight": false,
  "accessionNumber": "1991.232.2a-d",
  "accessionYear": "1991",
  "isPublicDomain": true,
  "primaryImage": "https://images.metmuseum.org/CRDImages/cl/original/DP-20617-005.jpg",
  "primaryImageSmall": "https://images.metmuseum.org/CRDImages/cl/web-large/DP-20617-005.jpg",
  "additionalImages": [
    "https://images.metmuseum.org/CRDImages/cl/original/DP-20617-001.jpg",
    "https://images.metmuseum.org/CRDImages/cl/original/DP-20617-004.jpg",
    "https://images.metmuseum.org/CRDImages/cl/original/DP-20617-003.jpg",
    "https://images.metmuseum.org/CRDImages/cl/original/DP-20617-002.jpg"
  ],
  "constituents": null,
  "department": "The Cloisters",
  "objectName": "Beatus; Bifolium",
  "title": "Leaves from a Beatus Manuscript: Bifolium with part of the Genealogy of Christ and the Adoration of the Magi",
  "culture": "Spanish",
  "period": "",
  "dynasty": "",
  "reign": "",
  "portfolio": "",
  "artistRole": "",
  "artistPrefix": "",
  "artistDisplayName": "",
  "artistDisplayBio": "",
  "artistSuffix": "",
  "artistAlphaSort": "",
  "artistNationality": "",
  "artistBeginDate": "",
  "artistEndDate": "",
  "artistGender": "",
  "artistWikidata_URL": "",
  "artistULAN_URL": "",
  "objectDate": "ca. 1180",
  "objectBeginDate": 1175,
  "objectEndDate": 1185,
  "medium": "Tempera, gold, and ink on parchment",
  "dimensions": "Overall (folio): 17 1/2 x 11 13/16 in. (44.4 x 30 cm)",
  "measurements": [
    {
      "elementName": "Overall",
      "elementDescription": "folio",
      "elementMeasurements": {
        "Height": 44.4,
        "Width": 30
      }
    },
    {
      "elementName": "Other",
      "elementDescription": "mat size for closed bi-folio",
      "elementMeasurements": {
        "Height": 55.88011,
        "Width": 40.64008
      }
    },
    {
      "elementName": "Other",
      "elementDescription": "Mat size for open bi-folio",
      "elementMeasurements": {
        "Height": 55.88011,
        "Width": 71.12014
      }
    }
  ],
  "creditLine": "Purchase, The Cloisters Collection, Rogers and Harris Brisbane Dick Funds, and Joseph Pulitzer Bequest, 1991",
  "geographyType": "",
  "city": "",
  "state": "",
  "county": "",
  "country": "",
  "region": "",
  "subregion": "",
  "locale": "",
  "locus": "",
  "excavation": "",
  "river": "",
  "classification": "Manuscripts and Illuminations",
  "rightsAndReproduction": "",
  "linkResource": "",
  "metadataDate": "2021-11-09T04:35:24.483Z",
  "repository": "Metropolitan Museum of Art, New York, NY",
  "objectURL": "https://www.metmuseum.org/art/collection/search/466197",
  "tags": [
    {
      "term": "Christ",
      "AAT_URL": "http://vocab.getty.edu/page/ia/901000087",
      "Wikidata_URL": "https://www.wikidata.org/wiki/Q642420"
    },
    {
      "term": "Adoration of the Magi",
      "AAT_URL": "http://vocab.getty.edu/page/ia/901000083",
      "Wikidata_URL": "https://www.wikidata.org/wiki/Q488841"
    }
  ],
  "objectWikidata_URL": "https://www.wikidata.org/wiki/Q20201960",
  "isTimelineWork": true,
  "GalleryNumber": "",
  "prov": "From the Benedictine monastery of San Pedro de Carde\u00f1a, Burgos; Victor Martin Le Roy, Neuilly-sur-Seine ; Jean-Joseph Marquet de Vasselot, Paris ; [ Alain Moatti, Paris (sold 1991)]"
}