{
  "objectID": 466119,
  "isHighlight": false,
  "accessionNumber": "1984.344",
  "accessionYear": "1984",
  "isPublicDomain": true,
  "primaryImage": "https://images.metmuseum.org/CRDImages/cl/original/ra1984-344-R1.jpg",
  "primaryImageSmall": "https://images.metmuseum.org/CRDImages/cl/web-large/ra1984-344-R1.jpg",
  "additionalImages": [
    "https://images.metmuseum.org/CRDImages/cl/original/DT7840.jpg"
  ],
  "constituents": null,
  "department": "The Cloisters",
  "objectName": "Silk textile",
  "title": "Silk with Griffins",
  "culture": "Central Asian, Sicilian, or North African",
  "period": "",
  "dynasty": "",
  "reign": "",
  "portfolio": "",
  "artistRole": "",
  "artistPrefix": "",
  "artistDisplayName": "",
  "artistDisplayBio": "",
  "artistSuffix": "",
  "artistAlphaSort": "",
  "artistNationality": "",
  "artistBeginDate": "",
  "artistEndDate": "",
  "artistGender": "",
  "artistWikidata_URL": "",
  "artistULAN_URL": "",
  "objectDate": "first half 13th century",
  "objectBeginDate": 1200,
  "objectEndDate": 1250,
  "medium": "Silk, silver-gilt metal on parchment over cotton",
  "dimensions": "69 1/4 x 38 1/4 in.  (175.9 x 97.2 cm)",
  "measurements": [
    {
      "elementName": "Overall",
      "elementDescription": null,
      "elementMeasurements": {
        "Height": 177.2,
        "Width": 97
      }
    }
  ],
  "creditLine": "The Cloisters Collection, 1984",
  "geographyType": "",
  "city": "",
  "state": "",
  "county": "",
  "country": "",
  "region": "",
  "subregion": "",
  "locale": "",
  "locus": "",
  "excavation": "",
  "river": "",
  "classification": "Textiles-Woven",
  "rightsAndReproduction": "",
  "linkResource": "",
  "metadataDate": "2021-11-09T04:35:24.483Z",
  "repository": "Metropolitan Museum of Art, New York, NY",
  "objectURL": "https://www.metmuseum.org/art/collection/search/466119",
  "tags": [
    {
      "term": "Griffins",
      "AAT_URL": "http://vocab.getty.edu/page/aat/300379594",
      "Wikidata_URL": "https://www.wikidata.org/wiki/Q130223"
    }
  ],
  "objectWikidata_URL": "",
  "isTimelineWork": true,
  "GalleryNumber": "",
  "prov": "Henry Ginsberg (sold 1984)"
}