{
  "objectID": 466191,
  "isHighlight": true,
  "accessionNumber": "1991.232.10",
  "accessionYear": "1991",
  "isPublicDomain": true,
  "primaryImage": "https://images.metmuseum.org/CRDImages/cl/original/DP-20629-001.jpg",
  "primaryImageSmall": "https://images.metmuseum.org/CRDImages/cl/web-large/DP-20629-001.jpg",
  "additionalImages": [
    "https://images.metmuseum.org/CRDImages/cl/original/DP-20629-002.jpg"
  ],
  "constituents": null,
  "department": "The Cloisters",
  "objectName": "Beatus; Manuscript leaf",
  "title": "Leaf from a Beatus Manuscript: at the Clarion of the Fifth Angel's Trumpet, a Star Falls from the Sky; the Bottomless Pit is Opened with a Key; Emerging from the Smoke, Locusts Come Upon the Earth and Torment the Deathless",
  "culture": "Spanish",
  "period": "",
  "dynasty": "",
  "reign": "",
  "portfolio": "",
  "artistRole": "",
  "artistPrefix": "",
  "artistDisplayName": "",
  "artistDisplayBio": "",
  "artistSuffix": "",
  "artistAlphaSort": "",
  "artistNationality": "",
  "artistBeginDate": "",
  "artistEndDate": "",
  "artistGender": "",
  "artistWikidata_URL": "",
  "artistULAN_URL": "",
  "objectDate": "ca. 1180",
  "objectBeginDate": 1175,
  "objectEndDate": 1185,
  "medium": "Tempera, gold, and ink on parchment",
  "dimensions": "Overall (folio): 17 1/2 x 11 13/16 in. (44.5 x 30 cm)\r\nMat: 22 x 16 in. (55.9 x 40.6 cm)",
  "measurements": [
    {
      "elementName": "Overall",
      "elementDescription": "folio",
      "elementMeasurements": {
        "Height": 44.5,
        "Width": 30
      }
    },
    {
      "elementName": "Overall",
      "elementDescription": "Mat",
      "elementMeasurements": {
        "Height": 55.8801,
        "Width": 40.6401
      }
    }
  ],
  "creditLine": "Purchase, The Cloisters Collection, Rogers and Harris Brisbane Dick Funds, and Joseph Pulitzer Bequest, 1991",
  "geographyType": "",
  "city": "",
  "state": "",
  "county": "",
  "country": "",
  "region": "",
  "subregion": "",
  "locale": "",
  "locus": "",
  "excavation": "",
  "river": "",
  "classification": "Manuscripts and Illuminations",
  "rightsAndReproduction": "",
  "linkResource": "",
  "metadataDate": "2021-11-19T04:38:46.373Z",
  "repository": "Metropolitan Museum of Art, New York, NY",
  "objectURL": "https://www.metmuseum.org/art/collection/search/466191",
  "tags": [
    {
      "term": "Angels",
      "AAT_URL": "http://vocab.getty.edu/page/aat/300379004",
      "Wikidata_URL": "https://www.wikidata.org/wiki/Q235113"
    }
  ],
  "objectWikidata_URL": "https://www.wikidata.org/wiki/Q20201955",
  "isTimelineWork": true,
  "GalleryNumber": "002",
  "prov": "From the Benedictine monastery of San Pedro de Carde\u00f1a, Burgos.; Victor Martin Le Roy, Neuilly-sur-Seine ; Jean-Joseph Marquet de Vasselot, Paris ; [ Alain Moatti, Paris (sold 1991)]"
}