{
  "objectID": 466187,
  "isHighlight": true,
  "accessionNumber": "1991.156",
  "accessionYear": "1991",
  "isPublicDomain": true,
  "primaryImage": "https://images.metmuseum.org/CRDImages/cl/original/cl1991.156.R.jpg",
  "primaryImageSmall": "https://images.metmuseum.org/CRDImages/cl/web-large/cl1991.156.R.jpg",
  "additionalImages": [],
  "constituents": null,
  "department": "The Cloisters",
  "objectName": "Antependium; Altar frontal",
  "title": "Altar Frontal with Man of Sorrows and Saints",
  "culture": "German",
  "period": "",
  "dynasty": "",
  "reign": "",
  "portfolio": "",
  "artistRole": "",
  "artistPrefix": "",
  "artistDisplayName": "",
  "artistDisplayBio": "",
  "artistSuffix": "",
  "artistAlphaSort": "",
  "artistNationality": "",
  "artistBeginDate": "",
  "artistEndDate": "",
  "artistGender": "",
  "artistWikidata_URL": "",
  "artistULAN_URL": "",
  "objectDate": "ca. 1465",
  "objectBeginDate": 1462,
  "objectEndDate": 1468,
  "medium": "Wool, linen, and metallic thread (gilt membrane on silk) on linen",
  "dimensions": "Overall: 35 1/4 x 65 1/2in. (89.5 x 166.4cm)",
  "measurements": [
    {
      "elementName": "Overall",
      "elementDescription": null,
      "elementMeasurements": {
        "Height": 89.5,
        "Width": 166.4
      }
    }
  ],
  "creditLine": "The Cloisters Collection, 1991",
  "geographyType": "Made in",
  "city": "Nuremberg",
  "state": "",
  "county": "",
  "country": "Germany (?)",
  "region": "",
  "subregion": "",
  "locale": "",
  "locus": "",
  "excavation": "",
  "river": "",
  "classification": "Textiles-Tapestries",
  "rightsAndReproduction": "",
  "linkResource": "",
  "metadataDate": "2021-11-09T04:35:24.483Z",
  "repository": "Metropolitan Museum of Art, New York, NY",
  "objectURL": "https://www.metmuseum.org/art/collection/search/466187",
  "tags": [
    {
      "term": "Lions",
      "AAT_URL": "http://vocab.getty.edu/page/aat/300310388",
      "Wikidata_URL": "https://www.wikidata.org/wiki/Q140"
    },
    {
      "term": "Christ",
      "AAT_URL": "http://vocab.getty.edu/page/ia/901000087",
      "Wikidata_URL": "https://www.wikidata.org/wiki/Q642420"
    },
    {
      "term": "Virgin Mary",
      "AAT_URL": "http://vocab.getty.edu/page/ia/901000032",
      "Wikidata_URL": "https://www.wikidata.org/wiki/Q345"
    },
    {
      "term": "Saint Jerome",
      "AAT_URL": "http://vocab.getty.edu/page/ulan/500060933",
      "Wikidata_URL": "https://www.wikidata.org/wiki/Q44248"
    },
    {
      "term": "Saint John the Baptist",
      "AAT_URL": "http://vocab.getty.edu/page/ia/901001056",
      "Wikidata_URL": "https://www.wikidata.org/wiki/Q40662"
    },
    {
      "term": "Saint John the Evangelist",
      "AAT_URL": "http://vocab.getty.edu/page/ia/901001171",
      "Wikidata_URL": "https://www.wikidata.org/wiki/Q328804"
    },
    {
      "term": "Saints",
      "AAT_URL": "http://vocab.getty.edu/page/aat/300150555",
      "Wikidata_URL": "https://www.wikidata.org/wiki/Q43115"
    }
  ],
  "objectWikidata_URL": "https://www.wikidata.org/wiki/Q29385415",
  "isTimelineWork": false,
  "GalleryNumber": "",
  "prov": "Possibly from St. Lorenzkirche, Nuremberg; [ Ruth and Leopold Blumka, New York (sold 1991) ]"
}