{
  "objectID": 466246,
  "isHighlight": false,
  "accessionNumber": "1992.284",
  "accessionYear": "1992",
  "isPublicDomain": true,
  "primaryImage": "https://images.metmuseum.org/CRDImages/cl/original/MED162.jpg",
  "primaryImageSmall": "https://images.metmuseum.org/CRDImages/cl/web-large/MED162.jpg",
  "additionalImages": [],
  "constituents": null,
  "department": "The Cloisters",
  "objectName": "Fragment",
  "title": "Section of a Border with Zigzag Pattern",
  "culture": "French",
  "period": "",
  "dynasty": "",
  "reign": "",
  "portfolio": "",
  "artistRole": "",
  "artistPrefix": "",
  "artistDisplayName": "",
  "artistDisplayBio": "",
  "artistSuffix": "",
  "artistAlphaSort": "",
  "artistNationality": "",
  "artistBeginDate": "",
  "artistEndDate": "",
  "artistGender": "",
  "artistWikidata_URL": "",
  "artistULAN_URL": "",
  "objectDate": "1200/1205\u20131223",
  "objectBeginDate": 1200,
  "objectEndDate": 1223,
  "medium": "Pot metal and colorless glass, vitreous paint, and silver stain",
  "dimensions": "Overall: 23 1/2 x 10 x 3/8 in. (59.7 x 25.4 x 1 cm)",
  "measurements": [
    {
      "elementName": "Overall",
      "elementDescription": null,
      "elementMeasurements": {
        "Height": 59.7,
        "Thickness": 1,
        "Width": 25.4
      }
    }
  ],
  "creditLine": "The Cloisters Collection, 1992",
  "geographyType": "Made in",
  "city": "Braine",
  "state": "",
  "county": "",
  "country": "France",
  "region": "",
  "subregion": "",
  "locale": "",
  "locus": "",
  "excavation": "",
  "river": "",
  "classification": "Glass-Stained",
  "rightsAndReproduction": "",
  "linkResource": "",
  "metadataDate": "2021-11-09T04:35:24.483Z",
  "repository": "Metropolitan Museum of Art, New York, NY",
  "objectURL": "https://www.metmuseum.org/art/collection/search/466246",
  "tags": null,
  "objectWikidata_URL": "https://www.wikidata.org/wiki/Q20201971",
  "isTimelineWork": false,
  "GalleryNumber": "008",
  "prov": "From the Abbey Church of Saint-Yved, Braine or from the choir clerestory (?) of the Cathedral of Saint-Gervais-et-Saint-Protais, Soissons; [ Galerie f\u00fcr Glasmalerei ] ; Sibyll Kummer-Rothenh\u00e4usler"
}