{
  "objectID": 466256,
  "isHighlight": false,
  "accessionNumber": "1993.273.1",
  "accessionYear": "1993",
  "isPublicDomain": true,
  "primaryImage": "https://images.metmuseum.org/CRDImages/cl/original/cdi1993-273-1.jpg",
  "primaryImageSmall": "https://images.metmuseum.org/CRDImages/cl/web-large/cdi1993-273-1.jpg",
  "additionalImages": [
    "https://images.metmuseum.org/CRDImages/cl/original/cdi1993-273-1s2.jpg",
    "https://images.metmuseum.org/CRDImages/cl/original/DT365695.jpg"
  ],
  "constituents": null,
  "department": "The Cloisters",
  "objectName": "Plaque",
  "title": "Enamel Plaque with the Annunciation",
  "culture": "South Netherlandish",
  "period": "",
  "dynasty": "",
  "reign": "",
  "portfolio": "",
  "artistRole": "",
  "artistPrefix": "",
  "artistDisplayName": "",
  "artistDisplayBio": "",
  "artistSuffix": "",
  "artistAlphaSort": "",
  "artistNationality": "",
  "artistBeginDate": "",
  "artistEndDate": "",
  "artistGender": "",
  "artistWikidata_URL": "",
  "artistULAN_URL": "",
  "objectDate": "ca. 1440\u201360",
  "objectBeginDate": 1440,
  "objectEndDate": 1460,
  "medium": "Silver with translucent and opaque enamels",
  "dimensions": "Overall: 1 3/4 x 1 7/16in. (4.4 x 3.6cm)",
  "measurements": [
    {
      "elementName": "Overall",
      "elementDescription": null,
      "elementMeasurements": {
        "Height": 4.4,
        "Width": 3.6
      }
    }
  ],
  "creditLine": "The Cloisters Collection, 1993",
  "geographyType": "",
  "city": "",
  "state": "",
  "county": "",
  "country": "",
  "region": "",
  "subregion": "",
  "locale": "",
  "locus": "",
  "excavation": "",
  "river": "",
  "classification": "Enamels-Basse taille",
  "rightsAndReproduction": "",
  "linkResource": "",
  "metadataDate": "2021-11-09T04:35:24.483Z",
  "repository": "Metropolitan Museum of Art, New York, NY",
  "objectURL": "https://www.metmuseum.org/art/collection/search/466256",
  "tags": [
    {
      "term": "Angels",
      "AAT_URL": "http://vocab.getty.edu/page/aat/300379004",
      "Wikidata_URL": "https://www.wikidata.org/wiki/Q235113"
    },
    {
      "term": "Virgin Mary",
      "AAT_URL": "http://vocab.getty.edu/page/ia/901000032",
      "Wikidata_URL": "https://www.wikidata.org/wiki/Q345"
    }
  ],
  "objectWikidata_URL": "",
  "isTimelineWork": false,
  "GalleryNumber": "014",
  "prov": "[ Blumka Gallery, New York (sold 1993) ]"
}