{
  "objectID": 466282,
  "isHighlight": false,
  "accessionNumber": "1995.301",
  "accessionYear": "1995",
  "isPublicDomain": true,
  "primaryImage": "https://images.metmuseum.org/CRDImages/cl/original/DT3911.jpg",
  "primaryImageSmall": "https://images.metmuseum.org/CRDImages/cl/web-large/DT3911.jpg",
  "additionalImages": [],
  "constituents": null,
  "department": "The Cloisters",
  "objectName": "Panel",
  "title": "Prophet from a Throne of Solomon",
  "culture": "French or South Netherlandish",
  "period": "",
  "dynasty": "",
  "reign": "",
  "portfolio": "",
  "artistRole": "",
  "artistPrefix": "",
  "artistDisplayName": "",
  "artistDisplayBio": "",
  "artistSuffix": "",
  "artistAlphaSort": "",
  "artistNationality": "",
  "artistBeginDate": "",
  "artistEndDate": "",
  "artistGender": "",
  "artistWikidata_URL": "",
  "artistULAN_URL": "",
  "objectDate": "ca. 1390\u20131410",
  "objectBeginDate": 1387,
  "objectEndDate": 1413,
  "medium": "Colorless glass, silver stain, and vitreous paint",
  "dimensions": "Overall: 9 x 4 1/2 in. (22.9 x 11.4 cm)",
  "measurements": [
    {
      "elementName": "Overall",
      "elementDescription": null,
      "elementMeasurements": {
        "Height": 22.860046,
        "Width": 11.43
      }
    }
  ],
  "creditLine": "The Cloisters Collection, 1995",
  "geographyType": "Made in",
  "city": "Bourges or Burgundy",
  "state": "",
  "county": "",
  "country": "",
  "region": "",
  "subregion": "",
  "locale": "",
  "locus": "",
  "excavation": "",
  "river": "",
  "classification": "Glass-Stained",
  "rightsAndReproduction": "",
  "linkResource": "",
  "metadataDate": "2021-11-09T04:35:24.483Z",
  "repository": "Metropolitan Museum of Art, New York, NY",
  "objectURL": "https://www.metmuseum.org/art/collection/search/466282",
  "tags": [
    {
      "term": "Men",
      "AAT_URL": "http://vocab.getty.edu/page/aat/300025928",
      "Wikidata_URL": "https://www.wikidata.org/wiki/Q8441"
    }
  ],
  "objectWikidata_URL": "https://www.wikidata.org/wiki/Q20201978",
  "isTimelineWork": true,
  "GalleryNumber": "013",
  "prov": "[ Galerie f\u00fcr Glasmalerei, Zurich (sold 1995) ]"
}