{
  "objectID": 466231,
  "isHighlight": false,
  "accessionNumber": "1991.471.4",
  "accessionYear": "1991",
  "isPublicDomain": true,
  "primaryImage": "https://images.metmuseum.org/CRDImages/cl/original/MED10.jpg",
  "primaryImageSmall": "https://images.metmuseum.org/CRDImages/cl/web-large/MED10.jpg",
  "additionalImages": [
    "https://images.metmuseum.org/CRDImages/cl/original/sf1991-471-4s2.jpg",
    "https://images.metmuseum.org/CRDImages/cl/original/sf1991-471-4s3.jpg",
    "https://images.metmuseum.org/CRDImages/cl/original/sf1991-471-4s4.jpg",
    "https://images.metmuseum.org/CRDImages/cl/original/sf1991-471-4s7.jpg",
    "https://images.metmuseum.org/CRDImages/cl/original/sf1991-471-4s5.jpg",
    "https://images.metmuseum.org/CRDImages/cl/original/sf1991-471-4s6.jpg"
  ],
  "constituents": null,
  "department": "The Cloisters",
  "objectName": "Jug",
  "title": "Jug",
  "culture": "German",
  "period": "",
  "dynasty": "",
  "reign": "",
  "portfolio": "",
  "artistRole": "",
  "artistPrefix": "",
  "artistDisplayName": "",
  "artistDisplayBio": "",
  "artistSuffix": "",
  "artistAlphaSort": "",
  "artistNationality": "",
  "artistBeginDate": "",
  "artistEndDate": "",
  "artistGender": "",
  "artistWikidata_URL": "",
  "artistULAN_URL": "",
  "objectDate": "late 1300s or early 1400s",
  "objectBeginDate": 1350,
  "objectEndDate": 1450,
  "medium": "Partially salt-glazed stoneware",
  "dimensions": "Overall: 9 1/8 x 5 1/2 x 4 3/4 in. (23.1 x 13.9 x 12.1 cm)",
  "measurements": [
    {
      "elementName": "Overall",
      "elementDescription": null,
      "elementMeasurements": {
        "Diameter": 12.1,
        "Height": 23.1,
        "Width": 13.9
      }
    }
  ],
  "creditLine": "Gift of Anthony and Lois Blumka, 1991",
  "geographyType": "Made in",
  "city": "Siegburg",
  "state": "Lower Rhineland",
  "county": "",
  "country": "Germany",
  "region": "",
  "subregion": "",
  "locale": "",
  "locus": "",
  "excavation": "",
  "river": "",
  "classification": "Ceramics-Pottery",
  "rightsAndReproduction": "",
  "linkResource": "",
  "metadataDate": "2021-11-09T04:35:24.483Z",
  "repository": "Metropolitan Museum of Art, New York, NY",
  "objectURL": "https://www.metmuseum.org/art/collection/search/466231",
  "tags": null,
  "objectWikidata_URL": "",
  "isTimelineWork": false,
  "GalleryNumber": "307",
  "prov": "[ W. Bastiaan Blok, Noordwijk, The Netherlands (sold 1991)]"
}