{
  "objectID": 466240,
  "isHighlight": false,
  "accessionNumber": "1992.237",
  "accessionYear": "1992",
  "isPublicDomain": true,
  "primaryImage": "https://images.metmuseum.org/CRDImages/cl/original/cds256682.jpg",
  "primaryImageSmall": "https://images.metmuseum.org/CRDImages/cl/web-large/cds256682.jpg",
  "additionalImages": [],
  "constituents": null,
  "department": "The Cloisters",
  "objectName": "Chair",
  "title": "High-Backed Chair",
  "culture": "Northwest European",
  "period": "",
  "dynasty": "",
  "reign": "",
  "portfolio": "",
  "artistRole": "",
  "artistPrefix": "",
  "artistDisplayName": "",
  "artistDisplayBio": "",
  "artistSuffix": "",
  "artistAlphaSort": "",
  "artistNationality": "",
  "artistBeginDate": "",
  "artistEndDate": "",
  "artistGender": "",
  "artistWikidata_URL": "",
  "artistULAN_URL": "",
  "objectDate": "ca. 1450\u20131500",
  "objectBeginDate": 1450,
  "objectEndDate": 1500,
  "medium": "Oak",
  "dimensions": "Overall: 68 x 27 1/4 x 18 in. (172.7 x 69.2 x 45.7 cm)",
  "measurements": [
    {
      "elementName": "Overall",
      "elementDescription": null,
      "elementMeasurements": {
        "Depth": 45.7201,
        "Height": 172.7203,
        "Width": 69.2151
      }
    }
  ],
  "creditLine": "Gift of Dr. and Mrs. Paul G. Ecker, in memory of Victoria Blumka, 1992",
  "geographyType": "Made in",
  "city": "",
  "state": "Normandy or England",
  "county": "",
  "country": "northern Europe",
  "region": "",
  "subregion": "",
  "locale": "",
  "locus": "",
  "excavation": "",
  "river": "",
  "classification": "Woodwork-Furniture",
  "rightsAndReproduction": "",
  "linkResource": "",
  "metadataDate": "2021-11-09T04:35:24.483Z",
  "repository": "Metropolitan Museum of Art, New York, NY",
  "objectURL": "https://www.metmuseum.org/art/collection/search/466240",
  "tags": null,
  "objectWikidata_URL": "",
  "isTimelineWork": false,
  "GalleryNumber": "",
  "prov": "[ P. W. French & Co., New York] ; Dr. and Mrs. Paul G. Ecker USA (until 1992)"
}