{
  "objectID": 466230,
  "isHighlight": false,
  "accessionNumber": "1991.471.3",
  "accessionYear": "1991",
  "isPublicDomain": true,
  "primaryImage": "https://images.metmuseum.org/CRDImages/cl/original/sf1991-471-3s1.jpg",
  "primaryImageSmall": "https://images.metmuseum.org/CRDImages/cl/web-large/sf1991-471-3s1.jpg",
  "additionalImages": [
    "https://images.metmuseum.org/CRDImages/cl/original/sf1991-471-3s2.jpg",
    "https://images.metmuseum.org/CRDImages/cl/original/sf1991-471-3s3.jpg",
    "https://images.metmuseum.org/CRDImages/cl/original/sf1991-471-3s4.jpg",
    "https://images.metmuseum.org/CRDImages/cl/original/sf1991-471-3s5.jpg"
  ],
  "constituents": null,
  "department": "The Cloisters",
  "objectName": "Jug",
  "title": "Jug",
  "culture": "German",
  "period": "",
  "dynasty": "",
  "reign": "",
  "portfolio": "",
  "artistRole": "",
  "artistPrefix": "",
  "artistDisplayName": "",
  "artistDisplayBio": "",
  "artistSuffix": "",
  "artistAlphaSort": "",
  "artistNationality": "",
  "artistBeginDate": "",
  "artistEndDate": "",
  "artistGender": "",
  "artistWikidata_URL": "",
  "artistULAN_URL": "",
  "objectDate": "first half 14th century",
  "objectBeginDate": 1300,
  "objectEndDate": 1350,
  "medium": "Proto-stoneware, unglazed",
  "dimensions": "Overall: 7 15/16 x 4 3/16 x 3 11/16 in. (20.2 x 10.6 x 9.3 cm)",
  "measurements": [
    {
      "elementName": "Overall",
      "elementDescription": null,
      "elementMeasurements": {
        "Depth": 9.3,
        "Height": 20.2,
        "Width": 10.6
      }
    }
  ],
  "creditLine": "Gift of Anthony and Lois Blumka, 1991",
  "geographyType": "Made in",
  "city": "Siegburg",
  "state": "Lower Rhineland",
  "county": "",
  "country": "Germany",
  "region": "",
  "subregion": "",
  "locale": "",
  "locus": "",
  "excavation": "",
  "river": "",
  "classification": "Ceramics-Pottery",
  "rightsAndReproduction": "",
  "linkResource": "",
  "metadataDate": "2021-11-09T04:35:24.483Z",
  "repository": "Metropolitan Museum of Art, New York, NY",
  "objectURL": "https://www.metmuseum.org/art/collection/search/466230",
  "tags": null,
  "objectWikidata_URL": "",
  "isTimelineWork": false,
  "GalleryNumber": "",
  "prov": "[ W. Bastiaan Blok, Noordwijk, The Netherlands (sold 1991)]"
}