{
  "objectID": 467626,
  "isHighlight": false,
  "accessionNumber": "36.79.3",
  "accessionYear": "1936",
  "isPublicDomain": true,
  "primaryImage": "https://images.metmuseum.org/CRDImages/cl/original/LC_36_79_3_s01.jpg",
  "primaryImageSmall": "https://images.metmuseum.org/CRDImages/cl/web-large/LC_36_79_3_s01.jpg",
  "additionalImages": [
    "https://images.metmuseum.org/CRDImages/cl/original/LC_36_79_3_s04.jpg",
    "https://images.metmuseum.org/CRDImages/cl/original/LC_36_79_3_s02.jpg",
    "https://images.metmuseum.org/CRDImages/cl/original/LC_36_79_3_s03.jpg",
    "https://images.metmuseum.org/CRDImages/cl/original/LC_36_79_3_s05.jpg",
    "https://images.metmuseum.org/CRDImages/cl/original/LC_36_79_3_s06-2.jpg",
    "https://images.metmuseum.org/CRDImages/cl/original/LC_36_79_3_s07.jpg"
  ],
  "constituents": null,
  "department": "The Cloisters",
  "objectName": "Relief",
  "title": "Mary Magdalene Relief",
  "culture": "Franco-Netherlandish",
  "period": "",
  "dynasty": "",
  "reign": "",
  "portfolio": "",
  "artistRole": "",
  "artistPrefix": "",
  "artistDisplayName": "",
  "artistDisplayBio": "",
  "artistSuffix": "",
  "artistAlphaSort": "",
  "artistNationality": "",
  "artistBeginDate": "",
  "artistEndDate": "",
  "artistGender": "",
  "artistWikidata_URL": "",
  "artistULAN_URL": "",
  "objectDate": "15th\u201316th century",
  "objectBeginDate": 1400,
  "objectEndDate": 1599,
  "medium": "Black Marble",
  "dimensions": "Overall: 7 1/4 x 13 1/2 x 3 1/4 in. (18.4 x 34.3 x 8.3 cm)",
  "measurements": [
    {
      "elementName": "Overall",
      "elementDescription": null,
      "elementMeasurements": {
        "Depth": 8.255,
        "Height": 18.415,
        "Width": 34.2901
      }
    }
  ],
  "creditLine": "The Cloisters Collection, 1936",
  "geographyType": "",
  "city": "",
  "state": "",
  "county": "",
  "country": "",
  "region": "",
  "subregion": "",
  "locale": "",
  "locus": "",
  "excavation": "",
  "river": "",
  "classification": "Sculpture-Stone",
  "rightsAndReproduction": "",
  "linkResource": "",
  "metadataDate": "2021-07-16T04:41:38.683Z",
  "repository": "Metropolitan Museum of Art, New York, NY",
  "objectURL": "https://www.metmuseum.org/art/collection/search/467626",
  "tags": null,
  "objectWikidata_URL": "",
  "isTimelineWork": false,
  "GalleryNumber": "",
  "prov": "[ Demotte Inc., Paris and New York] ; John D. Rockefeller Jr., New York (until 1936)"
}