{
  "objectID": 468377,
  "isHighlight": false,
  "accessionNumber": "52.121.11a\u2013c",
  "accessionYear": "1952",
  "isPublicDomain": true,
  "primaryImage": "https://images.metmuseum.org/CRDImages/cl/original/sf52-121-11a-cs1.jpg",
  "primaryImageSmall": "https://images.metmuseum.org/CRDImages/cl/web-large/sf52-121-11a-cs1.jpg",
  "additionalImages": [
    "https://images.metmuseum.org/CRDImages/cl/original/sf52-121-11a-cs2.jpg",
    "https://images.metmuseum.org/CRDImages/cl/original/sf52-121-11as1.jpg",
    "https://images.metmuseum.org/CRDImages/cl/original/sf52-121-11as2.jpg",
    "https://images.metmuseum.org/CRDImages/cl/original/sf52-121-11as3.jpg",
    "https://images.metmuseum.org/CRDImages/cl/original/sf52-121-11as4.jpg"
  ],
  "constituents": null,
  "department": "The Cloisters",
  "objectName": "Door knocker",
  "title": "Door Knocker",
  "culture": "European",
  "period": "",
  "dynasty": "",
  "reign": "",
  "portfolio": "",
  "artistRole": "",
  "artistPrefix": "",
  "artistDisplayName": "",
  "artistDisplayBio": "",
  "artistSuffix": "",
  "artistAlphaSort": "",
  "artistNationality": "",
  "artistBeginDate": "",
  "artistEndDate": "",
  "artistGender": "",
  "artistWikidata_URL": "",
  "artistULAN_URL": "",
  "objectDate": "15th\u201316th century",
  "objectBeginDate": 1400,
  "objectEndDate": 1599,
  "medium": "wrought iron",
  "dimensions": "Overall (Knocker): 8 3/16 x 7 13/16 x 4 1/16 in. (20.8 x 19.9 x 10.3 cm)\r\npin b: 8 1/8 x 7/8 x 9/16 in. (20.7 x 2.3 x 1.5 cm)\r\npin c: 6 5/8 x 9/16 x 9/16 in. (16.9 x 1.5 x 1.5 cm)",
  "measurements": [
    {
      "elementName": "Overall",
      "elementDescription": "Knocker",
      "elementMeasurements": {
        "Depth": 10.3,
        "Height": 20.8,
        "Width": 19.9
      }
    },
    {
      "elementName": "Other",
      "elementDescription": "pin c",
      "elementMeasurements": {
        "Depth": 1.5,
        "Length": 16.9,
        "Width": 1.5
      }
    },
    {
      "elementName": "Other",
      "elementDescription": "pin b",
      "elementMeasurements": {
        "Depth": 1.5,
        "Length": 20.7,
        "Width": 2.3
      }
    }
  ],
  "creditLine": "The Cloisters Collection, 1952",
  "geographyType": "",
  "city": "",
  "state": "",
  "county": "",
  "country": "",
  "region": "",
  "subregion": "",
  "locale": "",
  "locus": "",
  "excavation": "",
  "river": "",
  "classification": "Metalwork-Iron",
  "rightsAndReproduction": "",
  "linkResource": "",
  "metadataDate": "2021-09-21T04:36:03.75Z",
  "repository": "Metropolitan Museum of Art, New York, NY",
  "objectURL": "https://www.metmuseum.org/art/collection/search/468377",
  "tags": null,
  "objectWikidata_URL": "",
  "isTimelineWork": false,
  "GalleryNumber": "",
  "prov": "Samuel Yellin American, born Russia (sold 1955)"
}