{
  "objectID": 468389,
  "isHighlight": false,
  "accessionNumber": "52.34",
  "accessionYear": "1952",
  "isPublicDomain": true,
  "primaryImage": "https://images.metmuseum.org/CRDImages/cl/original/DP-14824-009.jpg",
  "primaryImageSmall": "https://images.metmuseum.org/CRDImages/cl/web-large/DP-14824-009.jpg",
  "additionalImages": [
    "https://images.metmuseum.org/CRDImages/cl/original/DP-14824-010.jpg"
  ],
  "constituents": null,
  "department": "The Cloisters",
  "objectName": "Altar frontal",
  "title": "Arma Christi",
  "culture": "South Netherlandish",
  "period": "",
  "dynasty": "",
  "reign": "",
  "portfolio": "",
  "artistRole": "",
  "artistPrefix": "",
  "artistDisplayName": "",
  "artistDisplayBio": "",
  "artistSuffix": "",
  "artistAlphaSort": "",
  "artistNationality": "",
  "artistBeginDate": "",
  "artistEndDate": "",
  "artistGender": "",
  "artistWikidata_URL": "",
  "artistULAN_URL": "",
  "objectDate": "1475\u20131550",
  "objectBeginDate": 1475,
  "objectEndDate": 1550,
  "medium": "Wool warp;  wool, silk, silver, and gilt wefts",
  "dimensions": "44 1/4 x 83 in.  (112.4 x 210.8 cm)",
  "measurements": [
    {
      "elementName": "Overall",
      "elementDescription": null,
      "elementMeasurements": {
        "Height": 112.4,
        "Width": 210.8
      }
    }
  ],
  "creditLine": "The Cloisters Collection, 1952",
  "geographyType": "",
  "city": "",
  "state": "",
  "county": "",
  "country": "",
  "region": "",
  "subregion": "",
  "locale": "",
  "locus": "",
  "excavation": "",
  "river": "",
  "classification": "Textiles-Tapestries",
  "rightsAndReproduction": "",
  "linkResource": "",
  "metadataDate": "2021-07-16T04:41:38.683Z",
  "repository": "Metropolitan Museum of Art, New York, NY",
  "objectURL": "https://www.metmuseum.org/art/collection/search/468389",
  "tags": [
    {
      "term": "Cross",
      "AAT_URL": "http://vocab.getty.edu/page/aat/300235443",
      "Wikidata_URL": "https://www.wikidata.org/wiki/Q40843"
    }
  ],
  "objectWikidata_URL": "",
  "isTimelineWork": false,
  "GalleryNumber": "013",
  "prov": "Said to have come from the charterhouse of Val de Christo near Segorbe, Valencia; Don Berenguer Torres y Aguilar, Spain (in 1507) ; Marqu\u00e9s de Dos Aguas, Valencia (by 1910) ; [ Spanish Art Gallery Ltd., London (sold 1928)] ; Christie's, London (April 6-7, 1938, no. 234) ; F. A. Drey, London (until 1952)"
}