{
  "objectID": 468331,
  "isHighlight": false,
  "accessionNumber": "50.158",
  "accessionYear": "1950",
  "isPublicDomain": true,
  "primaryImage": "https://images.metmuseum.org/CRDImages/cl/original/cds148117.jpg",
  "primaryImageSmall": "https://images.metmuseum.org/CRDImages/cl/web-large/cds148117.jpg",
  "additionalImages": [],
  "constituents": null,
  "department": "The Cloisters",
  "objectName": "Lectern",
  "title": "Lectern",
  "culture": "Spanish",
  "period": "",
  "dynasty": "",
  "reign": "",
  "portfolio": "",
  "artistRole": "",
  "artistPrefix": "",
  "artistDisplayName": "",
  "artistDisplayBio": "",
  "artistSuffix": "",
  "artistAlphaSort": "",
  "artistNationality": "",
  "artistBeginDate": "",
  "artistEndDate": "",
  "artistGender": "",
  "artistWikidata_URL": "",
  "artistULAN_URL": "",
  "objectDate": "16th century",
  "objectBeginDate": 1500,
  "objectEndDate": 1599,
  "medium": "Iron",
  "dimensions": "H: 53\"  W: 20 1/4\"  D: 22\"  (134.6 x 51.4 x 55.9cm)",
  "measurements": [
    {
      "elementName": "Overall",
      "elementDescription": null,
      "elementMeasurements": {
        "Depth": 55.8801,
        "Height": 134.6203,
        "Width": 51.4351
      }
    }
  ],
  "creditLine": "Gift of Silberman Galleries, 1950",
  "geographyType": "",
  "city": "",
  "state": "",
  "county": "",
  "country": "",
  "region": "",
  "subregion": "",
  "locale": "",
  "locus": "",
  "excavation": "",
  "river": "",
  "classification": "Metalwork-Iron",
  "rightsAndReproduction": "",
  "linkResource": "",
  "metadataDate": "2021-07-16T04:41:38.683Z",
  "repository": "Metropolitan Museum of Art, New York, NY",
  "objectURL": "https://www.metmuseum.org/art/collection/search/468331",
  "tags": null,
  "objectWikidata_URL": "",
  "isTimelineWork": false,
  "GalleryNumber": "",
  "prov": "E & A Silberman Galleries (until 1950)"
}