{
  "objectID": 468445,
  "isHighlight": false,
  "accessionNumber": "53.63.2",
  "accessionYear": "1953",
  "isPublicDomain": true,
  "primaryImage": "https://images.metmuseum.org/CRDImages/cl/original/cds53-63-2s2.jpg",
  "primaryImageSmall": "https://images.metmuseum.org/CRDImages/cl/web-large/cds53-63-2s2.jpg",
  "additionalImages": [
    "https://images.metmuseum.org/CRDImages/cl/original/cds53-63-2s1.jpg"
  ],
  "constituents": null,
  "department": "The Cloisters",
  "objectName": "Chasuble",
  "title": "Chasuble",
  "culture": "Spanish",
  "period": "",
  "dynasty": "",
  "reign": "",
  "portfolio": "",
  "artistRole": "",
  "artistPrefix": "",
  "artistDisplayName": "",
  "artistDisplayBio": "",
  "artistSuffix": "",
  "artistAlphaSort": "",
  "artistNationality": "",
  "artistBeginDate": "",
  "artistEndDate": "",
  "artistGender": "",
  "artistWikidata_URL": "",
  "artistULAN_URL": "",
  "objectDate": "early 15th century",
  "objectBeginDate": 1400,
  "objectEndDate": 1450,
  "medium": "Silk & metal thread",
  "dimensions": "Overall: 46 x 25 1/2 in. (116.8 x 64.8 cm)",
  "measurements": [
    {
      "elementName": "Overall",
      "elementDescription": null,
      "elementMeasurements": {
        "Length": 116.84023,
        "Width": 64.77013
      }
    }
  ],
  "creditLine": "The Cloisters Collection, 1953",
  "geographyType": "",
  "city": "",
  "state": "",
  "county": "",
  "country": "",
  "region": "",
  "subregion": "",
  "locale": "",
  "locus": "",
  "excavation": "",
  "river": "",
  "classification": "Textiles-Costumes-Ecclesiastical",
  "rightsAndReproduction": "",
  "linkResource": "",
  "metadataDate": "2021-07-16T04:41:38.683Z",
  "repository": "Metropolitan Museum of Art, New York, NY",
  "objectURL": "https://www.metmuseum.org/art/collection/search/468445",
  "tags": null,
  "objectWikidata_URL": "",
  "isTimelineWork": false,
  "GalleryNumber": "",
  "prov": "[ Galerie Fischer, Lucerne (sold 1953)]"
}