{
  "objectID": 468480,
  "isHighlight": false,
  "accessionNumber": "55.20",
  "accessionYear": "1955",
  "isPublicDomain": true,
  "primaryImage": "https://images.metmuseum.org/CRDImages/cl/original/LC-55_20-1.jpg",
  "primaryImageSmall": "https://images.metmuseum.org/CRDImages/cl/web-large/LC-55_20-1.jpg",
  "additionalImages": [
    "https://images.metmuseum.org/CRDImages/cl/original/LC-55_20-2.jpg",
    "https://images.metmuseum.org/CRDImages/cl/original/LC-55_20-3.jpg",
    "https://images.metmuseum.org/CRDImages/cl/original/LC-55_20-4.jpg",
    "https://images.metmuseum.org/CRDImages/cl/original/LC-55_20-5.jpg",
    "https://images.metmuseum.org/CRDImages/cl/original/LC-55_20-6.jpg"
  ],
  "constituents": null,
  "department": "The Cloisters",
  "objectName": "Statuette",
  "title": "Standing Apostle",
  "culture": "German",
  "period": "",
  "dynasty": "",
  "reign": "",
  "portfolio": "",
  "artistRole": "",
  "artistPrefix": "",
  "artistDisplayName": "",
  "artistDisplayBio": "",
  "artistSuffix": "",
  "artistAlphaSort": "",
  "artistNationality": "",
  "artistBeginDate": "",
  "artistEndDate": "",
  "artistGender": "",
  "artistWikidata_URL": "",
  "artistULAN_URL": "",
  "objectDate": "1440\u201350",
  "objectBeginDate": 1440,
  "objectEndDate": 1450,
  "medium": "Alabaster with traces of paint",
  "dimensions": "Overall: 17 9/16 x 6 1/4 x 2 7/8 in. (44.6 x 15.9 x 7.3 cm)",
  "measurements": [
    {
      "elementName": "Overall",
      "elementDescription": null,
      "elementMeasurements": {
        "Depth": 7.3025146,
        "Height": 44.6088,
        "Width": 15.875031
      }
    }
  ],
  "creditLine": "The Cloisters Collection, 1955",
  "geographyType": "Made in",
  "city": "Westphalia",
  "state": "",
  "county": "",
  "country": "Germany",
  "region": "",
  "subregion": "",
  "locale": "",
  "locus": "",
  "excavation": "",
  "river": "",
  "classification": "Sculpture-Stone",
  "rightsAndReproduction": "",
  "linkResource": "",
  "metadataDate": "2021-07-16T04:41:38.683Z",
  "repository": "Metropolitan Museum of Art, New York, NY",
  "objectURL": "https://www.metmuseum.org/art/collection/search/468480",
  "tags": [
    {
      "term": "Apostles",
      "AAT_URL": "http://vocab.getty.edu/page/aat/300343837",
      "Wikidata_URL": "https://www.wikidata.org/wiki/Q43412"
    },
    {
      "term": "Men",
      "AAT_URL": "http://vocab.getty.edu/page/aat/300025928",
      "Wikidata_URL": "https://www.wikidata.org/wiki/Q8441"
    }
  ],
  "objectWikidata_URL": "https://www.wikidata.org/wiki/Q20201450",
  "isTimelineWork": false,
  "GalleryNumber": "016",
  "prov": "[ L.P. Bresset et Fils, Paris] ; [ Taillemas, Paris (until 1955)]"
}