{
  "objectID": 468432,
  "isHighlight": false,
  "accessionNumber": "53.35.3",
  "accessionYear": "1953",
  "isPublicDomain": true,
  "primaryImage": "https://images.metmuseum.org/CRDImages/cl/original/cdi53-35-3.jpg",
  "primaryImageSmall": "https://images.metmuseum.org/CRDImages/cl/web-large/cdi53-35-3.jpg",
  "additionalImages": [
    "https://images.metmuseum.org/CRDImages/cl/original/cdi53-35-3v2.jpg",
    "https://images.metmuseum.org/CRDImages/cl/original/cdi53-35-3v3.jpg"
  ],
  "constituents": null,
  "department": "The Cloisters",
  "objectName": "Orphrey",
  "title": "Orphrey",
  "culture": "German",
  "period": "",
  "dynasty": "",
  "reign": "",
  "portfolio": "",
  "artistRole": "",
  "artistPrefix": "",
  "artistDisplayName": "",
  "artistDisplayBio": "",
  "artistSuffix": "",
  "artistAlphaSort": "",
  "artistNationality": "",
  "artistBeginDate": "",
  "artistEndDate": "",
  "artistGender": "",
  "artistWikidata_URL": "",
  "artistULAN_URL": "",
  "objectDate": "15th century",
  "objectBeginDate": 1400,
  "objectEndDate": 1499,
  "medium": "Silk and metal thread on linen",
  "dimensions": "H\" 40 3/4\" W: 5 9/16\"  (103.5 x 14.1cm)\r\nW/ plexiglass box: 42 1/4\" x 7 1/4\"",
  "measurements": [
    {
      "elementName": "Other",
      "elementDescription": null,
      "elementMeasurements": {
        "Length": 103.51
      }
    },
    {
      "elementName": "Overall",
      "elementDescription": null,
      "elementMeasurements": {
        "Width": 14.1
      }
    }
  ],
  "creditLine": "The Cloisters Collection, 1953",
  "geographyType": "Made in",
  "city": "Cologne",
  "state": "",
  "county": "",
  "country": "Germany",
  "region": "",
  "subregion": "",
  "locale": "",
  "locus": "",
  "excavation": "",
  "river": "",
  "classification": "Textiles-Embroidered",
  "rightsAndReproduction": "",
  "linkResource": "",
  "metadataDate": "2021-07-16T04:41:38.683Z",
  "repository": "Metropolitan Museum of Art, New York, NY",
  "objectURL": "https://www.metmuseum.org/art/collection/search/468432",
  "tags": [
    {
      "term": "Crucifixion",
      "AAT_URL": "http://vocab.getty.edu/page/aat/300404300",
      "Wikidata_URL": "https://www.wikidata.org/wiki/Q3235597"
    },
    {
      "term": "Saints",
      "AAT_URL": "http://vocab.getty.edu/page/aat/300150555",
      "Wikidata_URL": "https://www.wikidata.org/wiki/Q43115"
    },
    {
      "term": "Christ",
      "AAT_URL": "http://vocab.getty.edu/page/ia/901000087",
      "Wikidata_URL": "https://www.wikidata.org/wiki/Q642420"
    },
    {
      "term": "Virgin Mary",
      "AAT_URL": "http://vocab.getty.edu/page/ia/901000032",
      "Wikidata_URL": "https://www.wikidata.org/wiki/Q345"
    }
  ],
  "objectWikidata_URL": "",
  "isTimelineWork": false,
  "GalleryNumber": "",
  "prov": "Leopold Ikl\u00e9, St. Gall, Switzerland"
}