{
  "objectID": 468455,
  "isHighlight": false,
  "accessionNumber": "53.80",
  "accessionYear": "1953",
  "isPublicDomain": true,
  "primaryImage": "https://images.metmuseum.org/CRDImages/cl/original/156954_2.jpg",
  "primaryImageSmall": "https://images.metmuseum.org/CRDImages/cl/web-large/156954_2.jpg",
  "additionalImages": [
    "https://images.metmuseum.org/CRDImages/cl/original/cds53-80_1.jpg",
    "https://images.metmuseum.org/CRDImages/cl/original/cds53-80.jpg"
  ],
  "constituents": null,
  "department": "The Cloisters",
  "objectName": "Tapestry",
  "title": "The Story of Esther and Ahasuerus (from Christ the Judge on the Throne of Majesty and Other Subjects)",
  "culture": "South Netherlandish",
  "period": "",
  "dynasty": "",
  "reign": "",
  "portfolio": "",
  "artistRole": "",
  "artistPrefix": "",
  "artistDisplayName": "",
  "artistDisplayBio": "",
  "artistSuffix": "",
  "artistAlphaSort": "",
  "artistNationality": "",
  "artistBeginDate": "",
  "artistEndDate": "",
  "artistGender": "",
  "artistWikidata_URL": "",
  "artistULAN_URL": "",
  "objectDate": "ca. 1500\u20131510",
  "objectBeginDate": 1497,
  "objectEndDate": 1513,
  "medium": "Wool warp;  wool, silk, and metallic wefts",
  "dimensions": "Overall: 140 x 363 in. (355.6 x 922 cm)  [overall dimensions of entire tapestry including 41.100.214, 53.81]",
  "measurements": [
    {
      "elementName": "Overall",
      "elementDescription": null,
      "elementMeasurements": {
        "Height": 355.6,
        "Width": 922
      }
    }
  ],
  "creditLine": "The Cloisters Collection, 1953",
  "geographyType": "",
  "city": "",
  "state": "",
  "county": "",
  "country": "",
  "region": "",
  "subregion": "",
  "locale": "",
  "locus": "",
  "excavation": "",
  "river": "",
  "classification": "Textiles-Tapestries",
  "rightsAndReproduction": "",
  "linkResource": "",
  "metadataDate": "2021-07-16T04:41:38.683Z",
  "repository": "Metropolitan Museum of Art, New York, NY",
  "objectURL": "https://www.metmuseum.org/art/collection/search/468455",
  "tags": [
    {
      "term": "Men",
      "AAT_URL": "http://vocab.getty.edu/page/aat/300025928",
      "Wikidata_URL": "https://www.wikidata.org/wiki/Q8441"
    },
    {
      "term": "Women",
      "AAT_URL": "http://vocab.getty.edu/page/aat/300025943",
      "Wikidata_URL": "https://www.wikidata.org/wiki/Q467"
    },
    {
      "term": "Christ",
      "AAT_URL": "http://vocab.getty.edu/page/ia/901000087",
      "Wikidata_URL": "https://www.wikidata.org/wiki/Q642420"
    },
    {
      "term": "Esther",
      "AAT_URL": "http://vocab.getty.edu/page/ia/901000951",
      "Wikidata_URL": "https://www.wikidata.org/wiki/Q732413"
    },
    {
      "term": "Ahasuerus",
      "AAT_URL": "http://vocab.getty.edu/page/ia/901001013",
      "Wikidata_URL": "https://www.wikidata.org/wiki/Q1370497"
    }
  ],
  "objectWikidata_URL": "",
  "isTimelineWork": false,
  "GalleryNumber": "",
  "prov": "Baron Arthur Schickler 1828\u20131919, Ch\u00e2teau Martinvast, Normandy (from about 1872) ; [ Duveen Brothers, London, Paris and New York (by 1947-53)]"
}