{
  "objectID": 468425,
  "isHighlight": false,
  "accessionNumber": "53.164",
  "accessionYear": "1953",
  "isPublicDomain": true,
  "primaryImage": "https://images.metmuseum.org/CRDImages/cl/original/sf53-164s1.jpg",
  "primaryImageSmall": "https://images.metmuseum.org/CRDImages/cl/web-large/sf53-164s1.jpg",
  "additionalImages": [
    "https://images.metmuseum.org/CRDImages/cl/original/156230.jpg"
  ],
  "constituents": null,
  "department": "The Cloisters",
  "objectName": "Fragment",
  "title": "Fragment with a Simulated Silk Textile Pattern",
  "culture": "Upper Rhenish",
  "period": "",
  "dynasty": "",
  "reign": "",
  "portfolio": "",
  "artistRole": "",
  "artistPrefix": "",
  "artistDisplayName": "",
  "artistDisplayBio": "",
  "artistSuffix": "",
  "artistAlphaSort": "",
  "artistNationality": "",
  "artistBeginDate": "",
  "artistEndDate": "",
  "artistGender": "",
  "artistWikidata_URL": "",
  "artistULAN_URL": "",
  "objectDate": "ca. 1450\u20131550",
  "objectBeginDate": 1447,
  "objectEndDate": 1553,
  "medium": "Linen warp, wool wefts",
  "dimensions": "Overall: 24 3/4 x 24 3/4 in. (62.9 x 62.9 cm)",
  "measurements": [
    {
      "elementName": "Overall",
      "elementDescription": null,
      "elementMeasurements": {
        "Height": 62.865128,
        "Width": 62.865128
      }
    }
  ],
  "creditLine": "The Cloisters Collection, 1953",
  "geographyType": "Made in",
  "city": "Nuremberg/Strasbourg",
  "state": "",
  "county": "",
  "country": "",
  "region": "",
  "subregion": "",
  "locale": "",
  "locus": "",
  "excavation": "",
  "river": "",
  "classification": "Textiles-Tapestries",
  "rightsAndReproduction": "",
  "linkResource": "",
  "metadataDate": "2021-07-16T04:41:38.683Z",
  "repository": "Metropolitan Museum of Art, New York, NY",
  "objectURL": "https://www.metmuseum.org/art/collection/search/468425",
  "tags": null,
  "objectWikidata_URL": "",
  "isTimelineWork": false,
  "GalleryNumber": "",
  "prov": "Dr. Albert Figdor, Vienna (until d. 1927) ; Ikl\u00e9 Family, Saint Gall, Switzerland ; Charles F. Ikl\u00e9, Saint Gall, Switzerland (until 1953)"
}