{
  "objectID": 468491,
  "isHighlight": false,
  "accessionNumber": "55.61.16",
  "accessionYear": "1955",
  "isPublicDomain": true,
  "primaryImage": "https://images.metmuseum.org/CRDImages/cl/original/sf55-61-16s1.jpg",
  "primaryImageSmall": "https://images.metmuseum.org/CRDImages/cl/web-large/sf55-61-16s1.jpg",
  "additionalImages": [
    "https://images.metmuseum.org/CRDImages/cl/original/sf55-61-16s2.jpg",
    "https://images.metmuseum.org/CRDImages/cl/original/sf55-61-16s3.jpg",
    "https://images.metmuseum.org/CRDImages/cl/original/sf55-61-16s4.jpg",
    "https://images.metmuseum.org/CRDImages/cl/original/sf55-61-16d1.jpg",
    "https://images.metmuseum.org/CRDImages/cl/original/sf55-61-16d2.jpg",
    "https://images.metmuseum.org/CRDImages/cl/original/sf55-61-16d3.jpg"
  ],
  "constituents": null,
  "department": "The Cloisters",
  "objectName": "Purse frame",
  "title": "Purse Frame",
  "culture": "French (?)",
  "period": "",
  "dynasty": "",
  "reign": "",
  "portfolio": "",
  "artistRole": "",
  "artistPrefix": "",
  "artistDisplayName": "",
  "artistDisplayBio": "",
  "artistSuffix": "",
  "artistAlphaSort": "",
  "artistNationality": "",
  "artistBeginDate": "",
  "artistEndDate": "",
  "artistGender": "",
  "artistWikidata_URL": "",
  "artistULAN_URL": "",
  "objectDate": "15th\u201316th century",
  "objectBeginDate": 1400,
  "objectEndDate": 1599,
  "medium": "Iron",
  "dimensions": "Overall: 6 1/2 x 5 15/16 in. (16.5 x 15.1 cm)",
  "measurements": [
    {
      "elementName": "Overall",
      "elementDescription": null,
      "elementMeasurements": {
        "Height": 16.51,
        "Width": 15.0813
      }
    }
  ],
  "creditLine": "The Cloisters Collection, 1955",
  "geographyType": "",
  "city": "",
  "state": "",
  "county": "",
  "country": "",
  "region": "",
  "subregion": "",
  "locale": "",
  "locus": "",
  "excavation": "",
  "river": "",
  "classification": "Metalwork-Iron",
  "rightsAndReproduction": "",
  "linkResource": "",
  "metadataDate": "2021-10-02T04:36:27.257Z",
  "repository": "Metropolitan Museum of Art, New York, NY",
  "objectURL": "https://www.metmuseum.org/art/collection/search/468491",
  "tags": null,
  "objectWikidata_URL": "",
  "isTimelineWork": false,
  "GalleryNumber": "",
  "prov": "Samuel Yellin American, born Russia, Philadelphia (until 1940) ; Samuel Yellin, Philadelphia (1940\u2013sold 1955)"
}