{
  "objectID": 468496,
  "isHighlight": false,
  "accessionNumber": "55.61.44",
  "accessionYear": "1955",
  "isPublicDomain": true,
  "primaryImage": "https://images.metmuseum.org/CRDImages/cl/original/sf55-61-44s5.jpg",
  "primaryImageSmall": "https://images.metmuseum.org/CRDImages/cl/web-large/sf55-61-44s5.jpg",
  "additionalImages": [
    "https://images.metmuseum.org/CRDImages/cl/original/sf55-61-44s2.jpg",
    "https://images.metmuseum.org/CRDImages/cl/original/sf55-61-44s3.jpg",
    "https://images.metmuseum.org/CRDImages/cl/original/sf55-61-44s6.jpg",
    "https://images.metmuseum.org/CRDImages/cl/original/sf55-61-44s1.jpg",
    "https://images.metmuseum.org/CRDImages/cl/original/sf55-61-44s4.jpg"
  ],
  "constituents": null,
  "department": "The Cloisters",
  "objectName": "Key",
  "title": "Double Key",
  "culture": "European",
  "period": "",
  "dynasty": "",
  "reign": "",
  "portfolio": "",
  "artistRole": "",
  "artistPrefix": "",
  "artistDisplayName": "",
  "artistDisplayBio": "",
  "artistSuffix": "",
  "artistAlphaSort": "",
  "artistNationality": "",
  "artistBeginDate": "",
  "artistEndDate": "",
  "artistGender": "",
  "artistWikidata_URL": "",
  "artistULAN_URL": "",
  "objectDate": "15th\u201316th century",
  "objectBeginDate": 1400,
  "objectEndDate": 1599,
  "medium": "Iron",
  "dimensions": "Overall (closed): 1 3/16 x 3 3/8 x 13/16 in. (3 x 8.5 x 2.1 cm)\r\nOverall (fully extended): 5 1/4 x 1 3/16 x 13/16 in. (13.3 x 3 x 2.1 cm)",
  "measurements": [
    {
      "elementName": "Overall",
      "elementDescription": "closed",
      "elementMeasurements": {
        "Depth": 2.1,
        "Length": 8.5,
        "Width": 3
      }
    },
    {
      "elementName": "Overall",
      "elementDescription": "fully extended",
      "elementMeasurements": {
        "Depth": 2.1,
        "Length": 13.3,
        "Width": 3
      }
    }
  ],
  "creditLine": "The Cloisters Collection, 1955",
  "geographyType": "",
  "city": "",
  "state": "",
  "county": "",
  "country": "",
  "region": "",
  "subregion": "",
  "locale": "",
  "locus": "",
  "excavation": "",
  "river": "",
  "classification": "Metalwork-Iron",
  "rightsAndReproduction": "",
  "linkResource": "",
  "metadataDate": "2021-09-21T04:36:03.75Z",
  "repository": "Metropolitan Museum of Art, New York, NY",
  "objectURL": "https://www.metmuseum.org/art/collection/search/468496",
  "tags": null,
  "objectWikidata_URL": "",
  "isTimelineWork": false,
  "GalleryNumber": "",
  "prov": "Samuel Yellin American, born Russia, Philadelphia (until 1940) ; Samuel Yellin, Philadelphia (1940\u2013sold 1955)"
}