{
  "objectID": 468428,
  "isHighlight": false,
  "accessionNumber": "53.22a, b",
  "accessionYear": "1953",
  "isPublicDomain": true,
  "primaryImage": "https://images.metmuseum.org/CRDImages/cl/original/LC-53_22ab-1.jpg",
  "primaryImageSmall": "https://images.metmuseum.org/CRDImages/cl/web-large/LC-53_22ab-1.jpg",
  "additionalImages": [
    "https://images.metmuseum.org/CRDImages/cl/original/LC-53_22ab-3.jpg",
    "https://images.metmuseum.org/CRDImages/cl/original/LC-53_22ab-6.jpg",
    "https://images.metmuseum.org/CRDImages/cl/original/LC-53_22ab-7.jpg"
  ],
  "constituents": null,
  "department": "The Cloisters",
  "objectName": "Cope",
  "title": "Cope",
  "culture": "Spanish",
  "period": "",
  "dynasty": "",
  "reign": "",
  "portfolio": "",
  "artistRole": "",
  "artistPrefix": "",
  "artistDisplayName": "",
  "artistDisplayBio": "",
  "artistSuffix": "",
  "artistAlphaSort": "",
  "artistNationality": "",
  "artistBeginDate": "",
  "artistEndDate": "",
  "artistGender": "",
  "artistWikidata_URL": "",
  "artistULAN_URL": "",
  "objectDate": "ca. 1438",
  "objectBeginDate": 1438,
  "objectEndDate": 1438,
  "medium": "Silk, metal thread",
  "dimensions": "Overall: 56 1/2 \u00d7 112 in. (143.5 \u00d7 284.5 cm)",
  "measurements": [
    {
      "elementName": "Overall",
      "elementDescription": null,
      "elementMeasurements": {
        "Height": 143.51028,
        "Width": 284.48056
      }
    }
  ],
  "creditLine": "The Cloisters Collection, 1953",
  "geographyType": "Made in",
  "city": "",
  "state": "Burgos, Castile-Le\u00f3n",
  "county": "",
  "country": "Spain",
  "region": "",
  "subregion": "",
  "locale": "",
  "locus": "",
  "excavation": "",
  "river": "",
  "classification": "Textiles-Costumes-Ecclesiastical",
  "rightsAndReproduction": "",
  "linkResource": "",
  "metadataDate": "2021-07-16T04:41:38.683Z",
  "repository": "Metropolitan Museum of Art, New York, NY",
  "objectURL": "https://www.metmuseum.org/art/collection/search/468428",
  "tags": [
    {
      "term": "God the Father",
      "AAT_URL": "http://vocab.getty.edu/page/ia/901000593",
      "Wikidata_URL": "https://www.wikidata.org/wiki/Q186350"
    },
    {
      "term": "Angels",
      "AAT_URL": "http://vocab.getty.edu/page/aat/300379004",
      "Wikidata_URL": "https://www.wikidata.org/wiki/Q235113"
    },
    {
      "term": "Christ",
      "AAT_URL": "http://vocab.getty.edu/page/ia/901000087",
      "Wikidata_URL": "https://www.wikidata.org/wiki/Q642420"
    },
    {
      "term": "Virgin Mary",
      "AAT_URL": "http://vocab.getty.edu/page/ia/901000032",
      "Wikidata_URL": "https://www.wikidata.org/wiki/Q345"
    }
  ],
  "objectWikidata_URL": "",
  "isTimelineWork": false,
  "GalleryNumber": "014",
  "prov": "From the Treasury of Burgos Cathedral, Spain; [ Brummer Gallery, Paris and New York] ; [ Paula de Koenigsberg, New York and Buenos Aires (sold 1953)]"
}