{
  "objectID": 468433,
  "isHighlight": false,
  "accessionNumber": "53.35.4",
  "accessionYear": "1953",
  "isPublicDomain": true,
  "primaryImage": "https://images.metmuseum.org/CRDImages/cl/original/DT4721.jpg",
  "primaryImageSmall": "https://images.metmuseum.org/CRDImages/cl/web-large/DT4721.jpg",
  "additionalImages": [],
  "constituents": null,
  "department": "The Cloisters",
  "objectName": "Antependium",
  "title": "Esther Pleading Before Ahasuerus",
  "culture": "Upper Rhenish",
  "period": "",
  "dynasty": "",
  "reign": "",
  "portfolio": "",
  "artistRole": "",
  "artistPrefix": "",
  "artistDisplayName": "",
  "artistDisplayBio": "",
  "artistSuffix": "",
  "artistAlphaSort": "",
  "artistNationality": "",
  "artistBeginDate": "",
  "artistEndDate": "",
  "artistGender": "",
  "artistWikidata_URL": "",
  "artistULAN_URL": "",
  "objectDate": "ca. 1540\u201360",
  "objectBeginDate": 1537,
  "objectEndDate": 1563,
  "medium": "Linen warp;  wool, linen, and metallic wefts",
  "dimensions": "Overall: 43 3/4 x 85in. (111.1 x 215.9cm)",
  "measurements": [
    {
      "elementName": "Overall",
      "elementDescription": null,
      "elementMeasurements": {
        "Height": 111.1,
        "Width": 215.9
      }
    }
  ],
  "creditLine": "The Cloisters Collection, 1953",
  "geographyType": "Made in",
  "city": "",
  "state": "",
  "county": "",
  "country": "Northern Switzerland (?)",
  "region": "",
  "subregion": "",
  "locale": "",
  "locus": "",
  "excavation": "",
  "river": "",
  "classification": "Textiles-Tapestries",
  "rightsAndReproduction": "",
  "linkResource": "",
  "metadataDate": "2021-07-16T04:41:38.683Z",
  "repository": "Metropolitan Museum of Art, New York, NY",
  "objectURL": "https://www.metmuseum.org/art/collection/search/468433",
  "tags": [
    {
      "term": "Men",
      "AAT_URL": "http://vocab.getty.edu/page/aat/300025928",
      "Wikidata_URL": "https://www.wikidata.org/wiki/Q8441"
    },
    {
      "term": "Women",
      "AAT_URL": "http://vocab.getty.edu/page/aat/300025943",
      "Wikidata_URL": "https://www.wikidata.org/wiki/Q467"
    },
    {
      "term": "Esther",
      "AAT_URL": "http://vocab.getty.edu/page/ia/901000951",
      "Wikidata_URL": "https://www.wikidata.org/wiki/Q732413"
    },
    {
      "term": "Ahasuerus",
      "AAT_URL": "http://vocab.getty.edu/page/ia/901001013",
      "Wikidata_URL": "https://www.wikidata.org/wiki/Q1370497"
    }
  ],
  "objectWikidata_URL": "",
  "isTimelineWork": false,
  "GalleryNumber": "",
  "prov": "Leopold Ikl\u00e9, Saint Gall, Switzerland ; Fritz Ikl\u00e9, Saint Gall, Switzerland ; Ikl\u00e9 Family, Switzerland"
}