{
  "objectID": 468490,
  "isHighlight": false,
  "accessionNumber": "55.61.136",
  "accessionYear": "1955",
  "isPublicDomain": true,
  "primaryImage": "https://images.metmuseum.org/CRDImages/cl/original/sf55-61-136s1.jpg",
  "primaryImageSmall": "https://images.metmuseum.org/CRDImages/cl/web-large/sf55-61-136s1.jpg",
  "additionalImages": [
    "https://images.metmuseum.org/CRDImages/cl/original/sf55-61-136s2.jpg",
    "https://images.metmuseum.org/CRDImages/cl/original/160693.jpg"
  ],
  "constituents": null,
  "department": "The Cloisters",
  "objectName": "Door nail",
  "title": "Door Nail",
  "culture": "European",
  "period": "",
  "dynasty": "",
  "reign": "",
  "portfolio": "",
  "artistRole": "",
  "artistPrefix": "",
  "artistDisplayName": "",
  "artistDisplayBio": "",
  "artistSuffix": "",
  "artistAlphaSort": "",
  "artistNationality": "",
  "artistBeginDate": "",
  "artistEndDate": "",
  "artistGender": "",
  "artistWikidata_URL": "",
  "artistULAN_URL": "",
  "objectDate": "15th\u201316th century",
  "objectBeginDate": 1400,
  "objectEndDate": 1599,
  "medium": "Iron",
  "dimensions": "Overall: 2 15/16 x 3 x 5 1/4 in. (7.5 x 7.6 x 13.3 cm)\r\nOverall (installed): 2 15/16 x 3 x 11/16 in. (7.5 x 7.6 x 1.7 cm)",
  "measurements": [
    {
      "elementName": "Overall",
      "elementDescription": "installed",
      "elementMeasurements": {
        "Depth": 1.7,
        "Height": 7.5,
        "Width": 7.6
      }
    },
    {
      "elementName": "Overall",
      "elementDescription": null,
      "elementMeasurements": {
        "Depth": 13.3,
        "Height": 7.5,
        "Width": 7.6
      }
    }
  ],
  "creditLine": "The Cloisters Collection, 1955",
  "geographyType": "",
  "city": "",
  "state": "",
  "county": "",
  "country": "",
  "region": "",
  "subregion": "",
  "locale": "",
  "locus": "",
  "excavation": "",
  "river": "",
  "classification": "Metalwork-Iron",
  "rightsAndReproduction": "",
  "linkResource": "",
  "metadataDate": "2021-09-21T04:36:03.75Z",
  "repository": "Metropolitan Museum of Art, New York, NY",
  "objectURL": "https://www.metmuseum.org/art/collection/search/468490",
  "tags": null,
  "objectWikidata_URL": "",
  "isTimelineWork": false,
  "GalleryNumber": "",
  "prov": "Samuel Yellin American, born Russia, Philadelphia (until 1940) ; Samuel Yellin, Philadelphia (1940\u2013sold 1955)"
}