{
  "objectID": 468474,
  "isHighlight": false,
  "accessionNumber": "55.146a\u2013d",
  "accessionYear": "1955",
  "isPublicDomain": true,
  "primaryImage": "https://images.metmuseum.org/CRDImages/cl/original/cdi 55-146b.jpg",
  "primaryImageSmall": "https://images.metmuseum.org/CRDImages/cl/web-large/cdi 55-146b.jpg",
  "additionalImages": [
    "https://images.metmuseum.org/CRDImages/cl/original/cdi55-146a.jpg"
  ],
  "constituents": null,
  "department": "The Cloisters",
  "objectName": "Cope and hood",
  "title": "Cope and Hood",
  "culture": "South Netherlandish",
  "period": "",
  "dynasty": "",
  "reign": "",
  "portfolio": "",
  "artistRole": "",
  "artistPrefix": "",
  "artistDisplayName": "",
  "artistDisplayBio": "",
  "artistSuffix": "",
  "artistAlphaSort": "",
  "artistNationality": "",
  "artistBeginDate": "",
  "artistEndDate": "",
  "artistGender": "",
  "artistWikidata_URL": "",
  "artistULAN_URL": "",
  "objectDate": "late 15th century",
  "objectBeginDate": 1475,
  "objectEndDate": 1499,
  "medium": "Silk and metal thread",
  "dimensions": "Overall (a: cope): 58 \u00d7 122 1/2 in. (147.3 \u00d7 311.1 cm)\r\nOverall (b: hood): 19 1/2 x 20 in. (49.5 x 50.8 cm)",
  "measurements": [
    {
      "elementName": "Overall",
      "elementDescription": "a: cope",
      "elementMeasurements": {
        "Height": 147.3203,
        "Width": 311.1
      }
    },
    {
      "elementName": "Overall",
      "elementDescription": "b: hood",
      "elementMeasurements": {
        "Height": 49.530098,
        "Width": 50.800102
      }
    }
  ],
  "creditLine": "The Cloisters Collection, 1955",
  "geographyType": "",
  "city": "",
  "state": "",
  "county": "",
  "country": "",
  "region": "",
  "subregion": "",
  "locale": "",
  "locus": "",
  "excavation": "",
  "river": "",
  "classification": "Textiles-Costumes-Ecclesiastical",
  "rightsAndReproduction": "",
  "linkResource": "",
  "metadataDate": "2021-07-16T04:41:38.683Z",
  "repository": "Metropolitan Museum of Art, New York, NY",
  "objectURL": "https://www.metmuseum.org/art/collection/search/468474",
  "tags": [
    {
      "term": "Men",
      "AAT_URL": "http://vocab.getty.edu/page/aat/300025928",
      "Wikidata_URL": "https://www.wikidata.org/wiki/Q8441"
    }
  ],
  "objectWikidata_URL": "",
  "isTimelineWork": false,
  "GalleryNumber": "",
  "prov": "From the Royal Chapel of St. Nicholas at G\u00e2tinais, near Fontainebleau, France.; Dr. Jacob Hirsch ; Leon Schinasi ; [ Duveen Brothers, London, Paris and New York]"
}