{
  "objectID": 468448,
  "isHighlight": false,
  "accessionNumber": "53.64.2",
  "accessionYear": "1953",
  "isPublicDomain": true,
  "primaryImage": "https://images.metmuseum.org/CRDImages/cl/original/DP169535.jpg",
  "primaryImageSmall": "https://images.metmuseum.org/CRDImages/cl/web-large/DP169535.jpg",
  "additionalImages": [
    "https://images.metmuseum.org/CRDImages/cl/original/DP169534.jpg"
  ],
  "constituents": null,
  "department": "The Cloisters",
  "objectName": "Stylobate",
  "title": "Lion, from a Doorway",
  "culture": "North Italian",
  "period": "",
  "dynasty": "",
  "reign": "",
  "portfolio": "",
  "artistRole": "",
  "artistPrefix": "",
  "artistDisplayName": "",
  "artistDisplayBio": "",
  "artistSuffix": "",
  "artistAlphaSort": "",
  "artistNationality": "",
  "artistBeginDate": "",
  "artistEndDate": "",
  "artistGender": "",
  "artistWikidata_URL": "",
  "artistULAN_URL": "",
  "objectDate": "early 13th century",
  "objectBeginDate": 1200,
  "objectEndDate": 1250,
  "medium": "Limestone (Red limestone)",
  "dimensions": "Overall: 27 x 17 3/4 x 25 1/4 in. (68.6 x 45.1 x 64.1 cm)",
  "measurements": [
    {
      "elementName": "Overall",
      "elementDescription": null,
      "elementMeasurements": {
        "Depth": 64.1351,
        "Height": 68.5801,
        "Width": 45.0851
      }
    }
  ],
  "creditLine": "The Cloisters Collection, 1953",
  "geographyType": "Made in",
  "city": "",
  "state": "Reggio Emilia",
  "county": "",
  "country": "Northern Italy",
  "region": "",
  "subregion": "",
  "locale": "",
  "locus": "",
  "excavation": "",
  "river": "",
  "classification": "Sculpture-Architectural",
  "rightsAndReproduction": "",
  "linkResource": "",
  "metadataDate": "2021-07-16T04:41:38.683Z",
  "repository": "Metropolitan Museum of Art, New York, NY",
  "objectURL": "https://www.metmuseum.org/art/collection/search/468448",
  "tags": null,
  "objectWikidata_URL": "",
  "isTimelineWork": false,
  "GalleryNumber": "007",
  "prov": "Nobili Friggeri, Villa La Fossetta, Roncolo, Reggio Emilia (until 1866) ; Nobili Tirelli, Villa La Fossetta, Roncolo ; Carlo Foresti ; [ Guido Sestieri, Rome (sold 1953)]"
}