{
  "objectID": 468462,
  "isHighlight": false,
  "accessionNumber": "54.17",
  "accessionYear": "1954",
  "isPublicDomain": true,
  "primaryImage": "https://images.metmuseum.org/CRDImages/cl/original/sf-54-17s1.jpg",
  "primaryImageSmall": "https://images.metmuseum.org/CRDImages/cl/web-large/sf-54-17s1.jpg",
  "additionalImages": [
    "https://images.metmuseum.org/CRDImages/cl/original/sf-54-17s2.jpg",
    "https://images.metmuseum.org/CRDImages/cl/original/sf-54-17d1.jpg"
  ],
  "constituents": null,
  "department": "The Cloisters",
  "objectName": "Chasuble",
  "title": "Chasuble",
  "culture": "Spanish (?)",
  "period": "",
  "dynasty": "",
  "reign": "",
  "portfolio": "",
  "artistRole": "",
  "artistPrefix": "",
  "artistDisplayName": "",
  "artistDisplayBio": "",
  "artistSuffix": "",
  "artistAlphaSort": "",
  "artistNationality": "",
  "artistBeginDate": "",
  "artistEndDate": "",
  "artistGender": "",
  "artistWikidata_URL": "",
  "artistULAN_URL": "",
  "objectDate": "late 15th century",
  "objectBeginDate": 1450,
  "objectEndDate": 1499,
  "medium": "Silk & metal thread",
  "dimensions": "Overall: 46 1/2 x 46 in. (118.1 x 116.8 cm)",
  "measurements": [
    {
      "elementName": "Overall",
      "elementDescription": null,
      "elementMeasurements": {
        "Height": 118.1102,
        "Width": 116.8402
      }
    }
  ],
  "creditLine": "The Cloisters Collection, 1954",
  "geographyType": "",
  "city": "",
  "state": "",
  "county": "",
  "country": "",
  "region": "",
  "subregion": "",
  "locale": "",
  "locus": "",
  "excavation": "",
  "river": "",
  "classification": "Textiles-Costumes-Ecclesiastical",
  "rightsAndReproduction": "",
  "linkResource": "",
  "metadataDate": "2021-07-16T04:41:38.683Z",
  "repository": "Metropolitan Museum of Art, New York, NY",
  "objectURL": "https://www.metmuseum.org/art/collection/search/468462",
  "tags": [
    {
      "term": "Human Figures",
      "AAT_URL": "http://vocab.getty.edu/page/aat/300404114",
      "Wikidata_URL": "https://www.wikidata.org/wiki/Q5937779"
    }
  ],
  "objectWikidata_URL": "",
  "isTimelineWork": false,
  "GalleryNumber": "",
  "prov": "Charles F. Ikl\u00e9 (until 1954)"
}