{
  "objectID": 468520,
  "isHighlight": false,
  "accessionNumber": "56.171.161",
  "accessionYear": "1956",
  "isPublicDomain": true,
  "primaryImage": "https://images.metmuseum.org/CRDImages/cl/original/sf56-171-161s1.jpg",
  "primaryImageSmall": "https://images.metmuseum.org/CRDImages/cl/web-large/sf56-171-161s1.jpg",
  "additionalImages": [
    "https://images.metmuseum.org/CRDImages/cl/original/sf56-171-161s2.jpg",
    "https://images.metmuseum.org/CRDImages/cl/original/sf56-171-161s3.jpg"
  ],
  "constituents": null,
  "department": "The Cloisters",
  "objectName": "Plate",
  "title": "Plate",
  "culture": "Spanish",
  "period": "",
  "dynasty": "",
  "reign": "",
  "portfolio": "",
  "artistRole": "",
  "artistPrefix": "",
  "artistDisplayName": "",
  "artistDisplayBio": "",
  "artistSuffix": "",
  "artistAlphaSort": "",
  "artistNationality": "",
  "artistBeginDate": "",
  "artistEndDate": "",
  "artistGender": "",
  "artistWikidata_URL": "",
  "artistULAN_URL": "",
  "objectDate": "late 14th\u2013early 15th century",
  "objectBeginDate": 1375,
  "objectEndDate": 1425,
  "medium": "Tin-glazed earthenware",
  "dimensions": "Overall: 2 3/4 x 17 11/16 in. (7 x 44.9 cm)",
  "measurements": [
    {
      "elementName": "Overall",
      "elementDescription": null,
      "elementMeasurements": {
        "Diameter": 44.9,
        "Height": 7
      }
    }
  ],
  "creditLine": "The Cloisters Collection, 1956",
  "geographyType": "Made in",
  "city": "probably Manises",
  "state": "Valencia",
  "county": "",
  "country": "Spain",
  "region": "",
  "subregion": "",
  "locale": "",
  "locus": "",
  "excavation": "",
  "river": "",
  "classification": "Ceramics",
  "rightsAndReproduction": "",
  "linkResource": "",
  "metadataDate": "2021-07-16T04:41:38.683Z",
  "repository": "Metropolitan Museum of Art, New York, NY",
  "objectURL": "https://www.metmuseum.org/art/collection/search/468520",
  "tags": [
    {
      "term": "Eagles",
      "AAT_URL": "http://vocab.getty.edu/page/aat/300250049",
      "Wikidata_URL": "https://www.wikidata.org/wiki/Q2092297"
    }
  ],
  "objectWikidata_URL": "",
  "isTimelineWork": true,
  "GalleryNumber": "307",
  "prov": "[ Raphael Stora, Paris and New York] ; William Randolph Hearst American, 1863\u20131951, New York and San Simeon (sold 1951) ; William Randolph Hearst Foundation, New York (1951\u20131956)"
}