{
  "objectID": 468517,
  "isHighlight": false,
  "accessionNumber": "56.171.136",
  "accessionYear": "1956",
  "isPublicDomain": true,
  "primaryImage": "https://images.metmuseum.org/CRDImages/cl/original/DP248481.jpg",
  "primaryImageSmall": "https://images.metmuseum.org/CRDImages/cl/web-large/DP248481.jpg",
  "additionalImages": [
    "https://images.metmuseum.org/CRDImages/cl/original/DP248482.jpg",
    "https://images.metmuseum.org/CRDImages/cl/original/sf56-171-136s3.jpg"
  ],
  "constituents": null,
  "department": "The Cloisters",
  "objectName": "Plate",
  "title": "Plate",
  "culture": "Spanish",
  "period": "",
  "dynasty": "",
  "reign": "",
  "portfolio": "",
  "artistRole": "",
  "artistPrefix": "",
  "artistDisplayName": "",
  "artistDisplayBio": "",
  "artistSuffix": "",
  "artistAlphaSort": "",
  "artistNationality": "",
  "artistBeginDate": "",
  "artistEndDate": "",
  "artistGender": "",
  "artistWikidata_URL": "",
  "artistULAN_URL": "",
  "objectDate": "1430\u20131470",
  "objectBeginDate": 1430,
  "objectEndDate": 1470,
  "medium": "Tin-glazed earthenware",
  "dimensions": "Overall: 2 5/8 x 17 1/2 in. (6.7 x 44.5 cm)\r\nDiameter of foot: 5 7/8 in. (14.9 cm)",
  "measurements": [
    {
      "elementName": "Other",
      "elementDescription": "Diameter of foot",
      "elementMeasurements": {
        "Diameter": 14.9225
      }
    },
    {
      "elementName": "Overall",
      "elementDescription": null,
      "elementMeasurements": {
        "Diameter": 44.4501,
        "Height": 6.6675
      }
    }
  ],
  "creditLine": "The Cloisters Collection, 1956",
  "geographyType": "Made in",
  "city": "probably Manises",
  "state": "Valencia",
  "county": "",
  "country": "Spain",
  "region": "",
  "subregion": "",
  "locale": "",
  "locus": "",
  "excavation": "",
  "river": "",
  "classification": "Ceramics",
  "rightsAndReproduction": "",
  "linkResource": "",
  "metadataDate": "2021-07-16T04:41:38.683Z",
  "repository": "Metropolitan Museum of Art, New York, NY",
  "objectURL": "https://www.metmuseum.org/art/collection/search/468517",
  "tags": [
    {
      "term": "Insignia",
      "AAT_URL": "http://vocab.getty.edu/page/aat/300028725",
      "Wikidata_URL": "https://www.wikidata.org/wiki/Q552345"
    }
  ],
  "objectWikidata_URL": "",
  "isTimelineWork": false,
  "GalleryNumber": "",
  "prov": "William Randolph Hearst American, 1863\u20131951, New York and San Simeon (until 1951) ; William Randolph Hearst Foundation, New York (1951\u20131956)"
}