{
  "objectID": 468501,
  "isHighlight": false,
  "accessionNumber": "55.61.70a, b",
  "accessionYear": "1955",
  "isPublicDomain": true,
  "primaryImage": "https://images.metmuseum.org/CRDImages/cl/original/sf55-61-70abs1.jpg",
  "primaryImageSmall": "https://images.metmuseum.org/CRDImages/cl/web-large/sf55-61-70abs1.jpg",
  "additionalImages": [
    "https://images.metmuseum.org/CRDImages/cl/original/sf55-61-70abs2.jpg",
    "https://images.metmuseum.org/CRDImages/cl/original/sf55-61-70abs3.jpg",
    "https://images.metmuseum.org/CRDImages/cl/original/sf55-61-70abs4.jpg",
    "https://images.metmuseum.org/CRDImages/cl/original/160626.jpg"
  ],
  "constituents": null,
  "department": "The Cloisters",
  "objectName": "Door boss",
  "title": "Door Boss",
  "culture": "European",
  "period": "",
  "dynasty": "",
  "reign": "",
  "portfolio": "",
  "artistRole": "",
  "artistPrefix": "",
  "artistDisplayName": "",
  "artistDisplayBio": "",
  "artistSuffix": "",
  "artistAlphaSort": "",
  "artistNationality": "",
  "artistBeginDate": "",
  "artistEndDate": "",
  "artistGender": "",
  "artistWikidata_URL": "",
  "artistULAN_URL": "",
  "objectDate": "15th\u201316th century",
  "objectBeginDate": 1400,
  "objectEndDate": 1599,
  "medium": "Iron",
  "dimensions": "Overall (installed): 6 7/16 x 3 9/16 in. (16.4 x 9 cm)\r\nBoss-a: 6 7/16 x 2 3/8 in. (16.4 x 6 cm)\r\nNail-b: 4 3/16 x 1 7/16 in. (10.7 x 3.6 cm)",
  "measurements": [
    {
      "elementName": "Other",
      "elementDescription": "Boss-a",
      "elementMeasurements": {
        "Depth": 6,
        "Diameter": 16.4
      }
    },
    {
      "elementName": "Overall",
      "elementDescription": "installed",
      "elementMeasurements": {
        "Depth": 9,
        "Diameter": 16.4
      }
    },
    {
      "elementName": "Other",
      "elementDescription": "Nail-b",
      "elementMeasurements": {
        "Diameter": 3.6,
        "Length": 10.7
      }
    }
  ],
  "creditLine": "The Cloisters Collection, 1955",
  "geographyType": "",
  "city": "",
  "state": "",
  "county": "",
  "country": "",
  "region": "",
  "subregion": "",
  "locale": "",
  "locus": "",
  "excavation": "",
  "river": "",
  "classification": "Metalwork-Iron",
  "rightsAndReproduction": "",
  "linkResource": "",
  "metadataDate": "2021-09-21T04:36:03.75Z",
  "repository": "Metropolitan Museum of Art, New York, NY",
  "objectURL": "https://www.metmuseum.org/art/collection/search/468501",
  "tags": null,
  "objectWikidata_URL": "",
  "isTimelineWork": false,
  "GalleryNumber": "",
  "prov": "Samuel Yellin American, born Russia, Philadelphia (until 1940) ; Samuel Yellin, Philadelphia (1940\u2013sold 1955)"
}