{
  "objectID": 468500,
  "isHighlight": false,
  "accessionNumber": "55.61.7",
  "accessionYear": "1955",
  "isPublicDomain": true,
  "primaryImage": "https://images.metmuseum.org/CRDImages/cl/original/LC_55_61_7_s1.jpg",
  "primaryImageSmall": "https://images.metmuseum.org/CRDImages/cl/web-large/LC_55_61_7_s1.jpg",
  "additionalImages": [
    "https://images.metmuseum.org/CRDImages/cl/original/LC_55_61_7_s2.jpg",
    "https://images.metmuseum.org/CRDImages/cl/original/LC_55_61_7_s3.jpg",
    "https://images.metmuseum.org/CRDImages/cl/original/160413.jpg"
  ],
  "constituents": null,
  "department": "The Cloisters",
  "objectName": "Lock",
  "title": "Lock",
  "culture": "European",
  "period": "",
  "dynasty": "",
  "reign": "",
  "portfolio": "",
  "artistRole": "",
  "artistPrefix": "",
  "artistDisplayName": "",
  "artistDisplayBio": "",
  "artistSuffix": "",
  "artistAlphaSort": "",
  "artistNationality": "",
  "artistBeginDate": "",
  "artistEndDate": "",
  "artistGender": "",
  "artistWikidata_URL": "",
  "artistULAN_URL": "",
  "objectDate": "15th\u201316th century",
  "objectBeginDate": 1400,
  "objectEndDate": 1599,
  "medium": "wrought iron",
  "dimensions": "Overall with strap: 10 3/16 \u00d7 14 13/16 \u00d7 6 in. (25.9 \u00d7 37.7 \u00d7 15.3 cm)\r\nOverall without strap: 10 3/16 \u00d7 14 13/16 \u00d7 2 1/16 in. (25.9 \u00d7 37.7 \u00d7 5.3 cm)",
  "measurements": [
    {
      "elementName": "Overall",
      "elementDescription": "with strap handle",
      "elementMeasurements": {
        "Depth": 15.3,
        "Height": 25.9,
        "Width": 37.7
      }
    },
    {
      "elementName": "Other",
      "elementDescription": "without strap handle",
      "elementMeasurements": {
        "Depth": 5.3,
        "Height": 25.9,
        "Width": 37.7
      }
    }
  ],
  "creditLine": "The Cloisters Collection, 1955",
  "geographyType": "",
  "city": "",
  "state": "",
  "county": "",
  "country": "",
  "region": "",
  "subregion": "",
  "locale": "",
  "locus": "",
  "excavation": "",
  "river": "",
  "classification": "Metalwork-Iron",
  "rightsAndReproduction": "",
  "linkResource": "",
  "metadataDate": "2021-09-21T04:36:03.75Z",
  "repository": "Metropolitan Museum of Art, New York, NY",
  "objectURL": "https://www.metmuseum.org/art/collection/search/468500",
  "tags": null,
  "objectWikidata_URL": "",
  "isTimelineWork": false,
  "GalleryNumber": "",
  "prov": "Samuel Yellin American, born Russia, Philadelphia (until 1940) ; Samuel Yellin, Philadelphia (1940\u2013sold 1955)"
}