{
  "objectID": 468521,
  "isHighlight": false,
  "accessionNumber": "56.171.68",
  "accessionYear": "1956",
  "isPublicDomain": true,
  "primaryImage": "https://images.metmuseum.org/CRDImages/cl/original/DP248431.jpg",
  "primaryImageSmall": "https://images.metmuseum.org/CRDImages/cl/web-large/DP248431.jpg",
  "additionalImages": [
    "https://images.metmuseum.org/CRDImages/cl/original/DP276573.jpg",
    "https://images.metmuseum.org/CRDImages/cl/original/DP248432.jpg",
    "https://images.metmuseum.org/CRDImages/cl/original/DP248433.jpg"
  ],
  "constituents": null,
  "department": "The Cloisters",
  "objectName": "Bowl",
  "title": "Bowl",
  "culture": "Spanish",
  "period": "",
  "dynasty": "",
  "reign": "",
  "portfolio": "",
  "artistRole": "",
  "artistPrefix": "",
  "artistDisplayName": "",
  "artistDisplayBio": "",
  "artistSuffix": "",
  "artistAlphaSort": "",
  "artistNationality": "",
  "artistBeginDate": "",
  "artistEndDate": "",
  "artistGender": "",
  "artistWikidata_URL": "",
  "artistULAN_URL": "",
  "objectDate": "1440\u20131460",
  "objectBeginDate": 1440,
  "objectEndDate": 1440,
  "medium": "Tin-glazed earthenware",
  "dimensions": "Overall: 8 7/8 x 13 3/8 in. (22.5 x 34 cm)\r\nDiameter of Foot: 8 1/8 in. (20.6 cm)",
  "measurements": [
    {
      "elementName": "Overall",
      "elementDescription": null,
      "elementMeasurements": {
        "Diameter": 33.9726,
        "Height": 22.5425
      }
    },
    {
      "elementName": "Other",
      "elementDescription": "Diameter of Foot",
      "elementMeasurements": {
        "Diameter": 20.6375
      }
    }
  ],
  "creditLine": "The Cloisters Collection, 1956",
  "geographyType": "",
  "city": "",
  "state": "",
  "county": "",
  "country": "",
  "region": "",
  "subregion": "",
  "locale": "",
  "locus": "",
  "excavation": "",
  "river": "",
  "classification": "Ceramics",
  "rightsAndReproduction": "",
  "linkResource": "",
  "metadataDate": "2021-07-16T04:41:38.683Z",
  "repository": "Metropolitan Museum of Art, New York, NY",
  "objectURL": "https://www.metmuseum.org/art/collection/search/468521",
  "tags": [
    {
      "term": "Flowers",
      "AAT_URL": "http://vocab.getty.edu/page/aat/300132399",
      "Wikidata_URL": "https://www.wikidata.org/wiki/Q506"
    },
    {
      "term": "Insignia",
      "AAT_URL": "http://vocab.getty.edu/page/aat/300028725",
      "Wikidata_URL": "https://www.wikidata.org/wiki/Q552345"
    }
  ],
  "objectWikidata_URL": "",
  "isTimelineWork": false,
  "GalleryNumber": "",
  "prov": "[ Stefano Bardini, Florence (sold 1899)] ; his sale, Christie's, London (June 5, 1899, no. 117) ; [ George R. Harding, London (from 1899)] ; William Randolph Hearst American, 1863\u20131951, New York and San Simeon (until 1951) ; William Randolph Hearst Foundation, New York (1951\u20131956)"
}