{
  "objectID": 468599,
  "isHighlight": false,
  "accessionNumber": "63.153",
  "accessionYear": "1963",
  "isPublicDomain": true,
  "primaryImage": "https://images.metmuseum.org/CRDImages/cl/original/cds63-153.jpg",
  "primaryImageSmall": "https://images.metmuseum.org/CRDImages/cl/web-large/cds63-153.jpg",
  "additionalImages": [],
  "constituents": null,
  "department": "The Cloisters",
  "objectName": "Cope",
  "title": "Cope",
  "culture": "Italian",
  "period": "",
  "dynasty": "",
  "reign": "",
  "portfolio": "",
  "artistRole": "",
  "artistPrefix": "",
  "artistDisplayName": "",
  "artistDisplayBio": "",
  "artistSuffix": "",
  "artistAlphaSort": "",
  "artistNationality": "",
  "artistBeginDate": "",
  "artistEndDate": "",
  "artistGender": "",
  "artistWikidata_URL": "",
  "artistULAN_URL": "",
  "objectDate": "ca. 1500",
  "objectBeginDate": 1500,
  "objectEndDate": 1500,
  "medium": "Cut velvet brocaded in silver with a twill tie.",
  "dimensions": "Overall: 39 \u00d7 100 3/4 in. (99.1 \u00d7 255.9 cm)",
  "measurements": [
    {
      "elementName": "Overall",
      "elementDescription": null,
      "elementMeasurements": {
        "Height": 99.060196,
        "Width": 255.90552
      }
    }
  ],
  "creditLine": "The Cloisters Collection, 1963",
  "geographyType": "Made in",
  "city": "Venice",
  "state": "",
  "county": "",
  "country": "Italy",
  "region": "",
  "subregion": "",
  "locale": "",
  "locus": "",
  "excavation": "",
  "river": "",
  "classification": "Textiles-Costumes-Ecclesiastical",
  "rightsAndReproduction": "",
  "linkResource": "",
  "metadataDate": "2021-07-16T04:41:38.683Z",
  "repository": "Metropolitan Museum of Art, New York, NY",
  "objectURL": "https://www.metmuseum.org/art/collection/search/468599",
  "tags": null,
  "objectWikidata_URL": "",
  "isTimelineWork": false,
  "GalleryNumber": "",
  "prov": "Edouard Larcade (Bordeaux 1871\u2013 Paris 1945) ; [ Blumka Gallery, New York (sold 1963)]"
}