{
  "objectID": 468526,
  "isHighlight": false,
  "accessionNumber": "56.171.92",
  "accessionYear": "1956",
  "isPublicDomain": true,
  "primaryImage": "https://images.metmuseum.org/CRDImages/cl/original/DP-140-001.jpg",
  "primaryImageSmall": "https://images.metmuseum.org/CRDImages/cl/web-large/DP-140-001.jpg",
  "additionalImages": [
    "https://images.metmuseum.org/CRDImages/cl/original/sf56-171-92s1.jpg",
    "https://images.metmuseum.org/CRDImages/cl/original/sf56-171-92s2.jpg",
    "https://images.metmuseum.org/CRDImages/cl/original/sf56-171-92s3.jpg",
    "https://images.metmuseum.org/CRDImages/cl/original/sf56-171-92s4.jpg",
    "https://images.metmuseum.org/CRDImages/cl/original/sf56-171-92s5.jpg",
    "https://images.metmuseum.org/CRDImages/cl/original/sf56-171-92s6.jpg",
    "https://images.metmuseum.org/CRDImages/cl/original/DP-140-002.jpg"
  ],
  "constituents": null,
  "department": "The Cloisters",
  "objectName": "Pharmacy jar",
  "title": "Pharmacy Jar",
  "culture": "Spanish",
  "period": "",
  "dynasty": "",
  "reign": "",
  "portfolio": "",
  "artistRole": "",
  "artistPrefix": "",
  "artistDisplayName": "",
  "artistDisplayBio": "",
  "artistSuffix": "",
  "artistAlphaSort": "",
  "artistNationality": "",
  "artistBeginDate": "",
  "artistEndDate": "",
  "artistGender": "",
  "artistWikidata_URL": "",
  "artistULAN_URL": "",
  "objectDate": "1435\u201375",
  "objectBeginDate": 1435,
  "objectEndDate": 1475,
  "medium": "Tin-glazed earthenware",
  "dimensions": "Overall: 11 11/16 x 5 5/8 in. (29.7 x 14.3 cm)",
  "measurements": [
    {
      "elementName": "Overall",
      "elementDescription": null,
      "elementMeasurements": {
        "Diameter": 14.2875,
        "Height": 29.6863
      }
    }
  ],
  "creditLine": "The Cloisters Collection, 1956",
  "geographyType": "Made in",
  "city": "probably Manises",
  "state": "Valencia",
  "county": "",
  "country": "Spain",
  "region": "",
  "subregion": "",
  "locale": "",
  "locus": "",
  "excavation": "",
  "river": "",
  "classification": "Ceramics",
  "rightsAndReproduction": "",
  "linkResource": "",
  "metadataDate": "2021-07-16T04:41:38.683Z",
  "repository": "Metropolitan Museum of Art, New York, NY",
  "objectURL": "https://www.metmuseum.org/art/collection/search/468526",
  "tags": [
    {
      "term": "Leaves",
      "AAT_URL": "http://vocab.getty.edu/page/aat/300011892",
      "Wikidata_URL": "https://www.wikidata.org/wiki/Q33971"
    }
  ],
  "objectWikidata_URL": "",
  "isTimelineWork": false,
  "GalleryNumber": "307",
  "prov": "[ Spanish Art Gallery Ltd., London] ; William Randolph Hearst American, 1863\u20131951, New York and San Simeon (until 1951) ; William Randolph Hearst Foundation, New York (1951\u20131956)"
}