{
  "objectID": 468540,
  "isHighlight": false,
  "accessionNumber": "57.35",
  "accessionYear": "1957",
  "isPublicDomain": true,
  "primaryImage": "https://images.metmuseum.org/CRDImages/cl/original/DP159888.jpg",
  "primaryImageSmall": "https://images.metmuseum.org/CRDImages/cl/web-large/DP159888.jpg",
  "additionalImages": [
    "https://images.metmuseum.org/CRDImages/cl/original/DP159887.jpg"
  ],
  "constituents": null,
  "department": "The Cloisters",
  "objectName": "Antependium",
  "title": "The Virgin of The Apocalypse with Saint Catherine and Saint Barbara",
  "culture": "South Netherlandish",
  "period": "",
  "dynasty": "",
  "reign": "",
  "portfolio": "",
  "artistRole": "",
  "artistPrefix": "",
  "artistDisplayName": "",
  "artistDisplayBio": "",
  "artistSuffix": "",
  "artistAlphaSort": "",
  "artistNationality": "",
  "artistBeginDate": "",
  "artistEndDate": "",
  "artistGender": "",
  "artistWikidata_URL": "",
  "artistULAN_URL": "",
  "objectDate": "ca. 1525\u201350",
  "objectBeginDate": 1522,
  "objectEndDate": 1553,
  "medium": "Wool warp;  wool wefts",
  "dimensions": "Overall: 40 x 65in. (101.6 x 165.1cm)",
  "measurements": [
    {
      "elementName": "Overall",
      "elementDescription": null,
      "elementMeasurements": {
        "Height": 101.6,
        "Width": 165.1
      }
    }
  ],
  "creditLine": "The Cloisters Collection, 1957",
  "geographyType": "Made in",
  "city": "Sint-Truiden",
  "state": "",
  "county": "",
  "country": "South Netherlands",
  "region": "",
  "subregion": "",
  "locale": "",
  "locus": "",
  "excavation": "",
  "river": "",
  "classification": "Textiles-Tapestries",
  "rightsAndReproduction": "",
  "linkResource": "",
  "metadataDate": "2021-07-16T04:41:38.683Z",
  "repository": "Metropolitan Museum of Art, New York, NY",
  "objectURL": "https://www.metmuseum.org/art/collection/search/468540",
  "tags": [
    {
      "term": "Women",
      "AAT_URL": "http://vocab.getty.edu/page/aat/300025943",
      "Wikidata_URL": "https://www.wikidata.org/wiki/Q467"
    },
    {
      "term": "Madonna and Child",
      "AAT_URL": "http://vocab.getty.edu/page/ia/901000052",
      "Wikidata_URL": "https://www.wikidata.org/wiki/Q9309699"
    },
    {
      "term": "Saints",
      "AAT_URL": "http://vocab.getty.edu/page/aat/300150555",
      "Wikidata_URL": "https://www.wikidata.org/wiki/Q43115"
    }
  ],
  "objectWikidata_URL": "https://www.wikidata.org/wiki/Q61781458",
  "isTimelineWork": false,
  "GalleryNumber": "",
  "prov": "From the church of the B\u00e9guinage of Saint Agnes, Sint-Truiden; Church of the B\u00e9guinage of Saint Agnes at Sint-Truiden (until at least 1905) ; Seidlitz and van Baarn, New York (in 1926) ; Frank Partridge, London (in 1936) ; [ Raphael Stora, Paris and New York (until 1957)]"
}