{
  "objectID": 468516,
  "isHighlight": false,
  "accessionNumber": "56.171.125",
  "accessionYear": "1956",
  "isPublicDomain": true,
  "primaryImage": "https://images.metmuseum.org/CRDImages/cl/original/DP248479.jpg",
  "primaryImageSmall": "https://images.metmuseum.org/CRDImages/cl/web-large/DP248479.jpg",
  "additionalImages": [
    "https://images.metmuseum.org/CRDImages/cl/original/DP248480.jpg",
    "https://images.metmuseum.org/CRDImages/cl/original/sf56-171-125s3.jpg"
  ],
  "constituents": null,
  "department": "The Cloisters",
  "objectName": "Plate",
  "title": "Plate",
  "culture": "Spanish",
  "period": "",
  "dynasty": "",
  "reign": "",
  "portfolio": "",
  "artistRole": "",
  "artistPrefix": "",
  "artistDisplayName": "",
  "artistDisplayBio": "",
  "artistSuffix": "",
  "artistAlphaSort": "",
  "artistNationality": "",
  "artistBeginDate": "",
  "artistEndDate": "",
  "artistGender": "",
  "artistWikidata_URL": "",
  "artistULAN_URL": "",
  "objectDate": "1450\u20131470",
  "objectBeginDate": 1450,
  "objectEndDate": 1470,
  "medium": "Tin-glazed earthenware",
  "dimensions": "2 13/16 x 17 5/8 in. (7.1 x 44.7 cm)",
  "measurements": [
    {
      "elementName": "Overall",
      "elementDescription": null,
      "elementMeasurements": {
        "Diameter": 44.7,
        "Height": 7.1
      }
    }
  ],
  "creditLine": "The Cloisters Collection, 1956",
  "geographyType": "Made in",
  "city": "probably Manises",
  "state": "Valencia",
  "county": "",
  "country": "Spain",
  "region": "",
  "subregion": "",
  "locale": "",
  "locus": "",
  "excavation": "",
  "river": "",
  "classification": "Ceramics",
  "rightsAndReproduction": "",
  "linkResource": "",
  "metadataDate": "2021-07-16T04:41:38.683Z",
  "repository": "Metropolitan Museum of Art, New York, NY",
  "objectURL": "https://www.metmuseum.org/art/collection/search/468516",
  "tags": [
    {
      "term": "Animals",
      "AAT_URL": "http://vocab.getty.edu/page/aat/300249525",
      "Wikidata_URL": "https://www.wikidata.org/wiki/Q729"
    }
  ],
  "objectWikidata_URL": "",
  "isTimelineWork": false,
  "GalleryNumber": "",
  "prov": "[ Dikran G. Kelekian, New York] ; William Randolph Hearst American, 1863\u20131951, New York and San Simeon (until 1951) ; William Randolph Hearst Foundation, New York (1951\u20131956)"
}