{
  "objectID": 468576,
  "isHighlight": false,
  "accessionNumber": "61.16a\u2013c",
  "accessionYear": "1961",
  "isPublicDomain": true,
  "primaryImage": "https://images.metmuseum.org/CRDImages/cl/original/DP111247-8 merged.jpg",
  "primaryImageSmall": "https://images.metmuseum.org/CRDImages/cl/web-large/DP111247-8 merged.jpg",
  "additionalImages": [
    "https://images.metmuseum.org/CRDImages/cl/original/DP111247.jpg",
    "https://images.metmuseum.org/CRDImages/cl/original/DP111248.jpg",
    "https://images.metmuseum.org/CRDImages/cl/original/CL3_61.16.jpg",
    "https://images.metmuseum.org/CRDImages/cl/original/CL2.jpg"
  ],
  "constituents": null,
  "department": "The Cloisters",
  "objectName": "Chasuble, orphreys",
  "title": "Orphrey Panels from a Chasuble",
  "culture": "Bohemian",
  "period": "",
  "dynasty": "",
  "reign": "",
  "portfolio": "",
  "artistRole": "",
  "artistPrefix": "",
  "artistDisplayName": "",
  "artistDisplayBio": "",
  "artistSuffix": "",
  "artistAlphaSort": "",
  "artistNationality": "",
  "artistBeginDate": "",
  "artistEndDate": "",
  "artistGender": "",
  "artistWikidata_URL": "",
  "artistULAN_URL": "",
  "objectDate": "early 15th century",
  "objectBeginDate": 1400,
  "objectEndDate": 1450,
  "medium": "Silk and metal thread",
  "dimensions": "a-Chasuble: 39 1/4 \u00d7 29 in. (99.7 \u00d7 73.7 cm)\r\nb-Coronation of the Virgin: 20 11/16 \u00d7 8 5/16 in. (52.5 \u00d7 21.1 cm)\r\nc-Christ the Redeemer: 16 13/16 \u00d7 7 13/16 in. (42.7 \u00d7 19.8 cm)",
  "measurements": [
    {
      "elementName": "Overall",
      "elementDescription": "a-Chasuble",
      "elementMeasurements": {
        "Length": 99.7,
        "Width": 73.7
      }
    },
    {
      "elementName": "Other",
      "elementDescription": "c-Coronation of the Virgin",
      "elementMeasurements": {
        "Height": 42.7,
        "Width": 19.8
      }
    },
    {
      "elementName": "Other",
      "elementDescription": "b-Christ the Redeemer",
      "elementMeasurements": {
        "Height": 52.5,
        "Width": 21.1
      }
    }
  ],
  "creditLine": "The Cloisters Collection, 1961",
  "geographyType": "Made in",
  "city": "Prague",
  "state": "",
  "county": "",
  "country": "",
  "region": "",
  "subregion": "",
  "locale": "",
  "locus": "",
  "excavation": "",
  "river": "",
  "classification": "Textiles-Costumes-Ecclesiastical",
  "rightsAndReproduction": "",
  "linkResource": "",
  "metadataDate": "2021-11-10T04:35:50.447Z",
  "repository": "Metropolitan Museum of Art, New York, NY",
  "objectURL": "https://www.metmuseum.org/art/collection/search/468576",
  "tags": [
    {
      "term": "Madonna and Child",
      "AAT_URL": "http://vocab.getty.edu/page/ia/901000052",
      "Wikidata_URL": "https://www.wikidata.org/wiki/Q9309699"
    },
    {
      "term": "Angels",
      "AAT_URL": "http://vocab.getty.edu/page/aat/300379004",
      "Wikidata_URL": "https://www.wikidata.org/wiki/Q235113"
    },
    {
      "term": "Christ",
      "AAT_URL": "http://vocab.getty.edu/page/ia/901000087",
      "Wikidata_URL": "https://www.wikidata.org/wiki/Q642420"
    }
  ],
  "objectWikidata_URL": "",
  "isTimelineWork": true,
  "GalleryNumber": "",
  "prov": "Dr. Emil Delm\u00e1r, Budapest and New York ; Dr. Emil Delm\u00e1r Estate, Budapest and New York (sold 1961)"
}