{
  "objectID": 468681,
  "isHighlight": false,
  "accessionNumber": "64.113.2",
  "accessionYear": "1964",
  "isPublicDomain": false,
  "primaryImage": "",
  "primaryImageSmall": "",
  "additionalImages": [],
  "constituents": null,
  "department": "The Cloisters",
  "objectName": "Cameo",
  "title": "Cameo with head of female saint",
  "culture": "French",
  "period": "",
  "dynasty": "",
  "reign": "",
  "portfolio": "",
  "artistRole": "",
  "artistPrefix": "",
  "artistDisplayName": "",
  "artistDisplayBio": "",
  "artistSuffix": "",
  "artistAlphaSort": "",
  "artistNationality": "",
  "artistBeginDate": "",
  "artistEndDate": "",
  "artistGender": "",
  "artistWikidata_URL": "",
  "artistULAN_URL": "",
  "objectDate": "19th century",
  "objectBeginDate": 1800,
  "objectEndDate": 1899,
  "medium": "Chalcedony",
  "dimensions": "1/2 x 15/16 in.  (1.3 x 2.4 cm)",
  "measurements": [
    {
      "elementName": "Other",
      "elementDescription": null,
      "elementMeasurements": {
        "Length": 3.18
      }
    },
    {
      "elementName": "Overall",
      "elementDescription": null,
      "elementMeasurements": {
        "Height": 1.3,
        "Width": 2.4
      }
    }
  ],
  "creditLine": "Gift of Mr. and Mrs. J.J. Klejman, 1964",
  "geographyType": "",
  "city": "",
  "state": "",
  "county": "",
  "country": "",
  "region": "",
  "subregion": "",
  "locale": "",
  "locus": "",
  "excavation": "",
  "river": "",
  "classification": "Lapidary Work-Chalcedony",
  "rightsAndReproduction": "",
  "linkResource": "",
  "metadataDate": "2021-11-29T10:04:10.363Z",
  "repository": "Metropolitan Museum of Art, New York, NY",
  "objectURL": "https://www.metmuseum.org/art/collection/search/468681",
  "tags": [
    {
      "term": "Heads",
      "AAT_URL": "http://vocab.getty.edu/page/aat/300375054",
      "Wikidata_URL": "https://www.wikidata.org/wiki/Q3409626"
    },
    {
      "term": "Women",
      "AAT_URL": "http://vocab.getty.edu/page/aat/300025943",
      "Wikidata_URL": "https://www.wikidata.org/wiki/Q467"
    },
    {
      "term": "Saints",
      "AAT_URL": "http://vocab.getty.edu/page/aat/300150555",
      "Wikidata_URL": "https://www.wikidata.org/wiki/Q43115"
    }
  ],
  "objectWikidata_URL": "",
  "isTimelineWork": false,
  "GalleryNumber": "",
  "prov": "[ John J. Klejman American (until 1964) ]"
}