{
  "objectID": 468690,
  "isHighlight": false,
  "accessionNumber": "65.174",
  "accessionYear": "1965",
  "isPublicDomain": true,
  "primaryImage": "https://images.metmuseum.org/CRDImages/cl/original/LC-65_174-1.jpg",
  "primaryImageSmall": "https://images.metmuseum.org/CRDImages/cl/web-large/LC-65_174-1.jpg",
  "additionalImages": [
    "https://images.metmuseum.org/CRDImages/cl/original/LC-65_174-2.jpg",
    "https://images.metmuseum.org/CRDImages/cl/original/LC-65_174-3.jpg",
    "https://images.metmuseum.org/CRDImages/cl/original/LC-65_174-4.jpg",
    "https://images.metmuseum.org/CRDImages/cl/original/LC-65_174-5.jpg",
    "https://images.metmuseum.org/CRDImages/cl/original/LC-65_174-6.jpg",
    "https://images.metmuseum.org/CRDImages/cl/original/LC-65_174-7.jpg",
    "https://images.metmuseum.org/CRDImages/cl/original/LC-65_174-8.jpg"
  ],
  "constituents": null,
  "department": "The Cloisters",
  "objectName": "Reliquary fragment",
  "title": "Reliquary Plaque with Christ Blessing",
  "culture": "German",
  "period": "",
  "dynasty": "",
  "reign": "",
  "portfolio": "",
  "artistRole": "",
  "artistPrefix": "",
  "artistDisplayName": "",
  "artistDisplayBio": "",
  "artistSuffix": "",
  "artistAlphaSort": "",
  "artistNationality": "",
  "artistBeginDate": "",
  "artistEndDate": "",
  "artistGender": "",
  "artistWikidata_URL": "",
  "artistULAN_URL": "",
  "objectDate": "ca. 1200",
  "objectBeginDate": 1195,
  "objectEndDate": 1205,
  "medium": "Walrus ivory",
  "dimensions": "Overall: 5 11/16 x 2 x 1 1/8 in. (14.4 x 5.1 x 2.9 cm)",
  "measurements": [
    {
      "elementName": "Overall",
      "elementDescription": null,
      "elementMeasurements": {
        "Depth": 2.8575058,
        "Height": 14.446279,
        "Width": 5.08001
      }
    }
  ],
  "creditLine": "The Cloisters Collection, 1965",
  "geographyType": "Made in",
  "city": "possibly Cologne",
  "state": "Rhineland",
  "county": "",
  "country": "Germany",
  "region": "",
  "subregion": "",
  "locale": "",
  "locus": "",
  "excavation": "",
  "river": "",
  "classification": "Ivories-Walrus",
  "rightsAndReproduction": "",
  "linkResource": "",
  "metadataDate": "2021-07-16T04:41:38.683Z",
  "repository": "Metropolitan Museum of Art, New York, NY",
  "objectURL": "https://www.metmuseum.org/art/collection/search/468690",
  "tags": null,
  "objectWikidata_URL": "",
  "isTimelineWork": false,
  "GalleryNumber": "014",
  "prov": "Macquina Collection, Barcelona ; [ Dealer, Spain (about 1963)] ; Private Collection, London (about 1963 - sold 1965) ; [ F. Kleinberger Galleries, New York (sold 1965)]"
}