{
  "objectID": 468750,
  "isHighlight": false,
  "accessionNumber": "69.106",
  "accessionYear": "1969",
  "isPublicDomain": true,
  "primaryImage": "https://images.metmuseum.org/CRDImages/cl/original/DT201075.jpg",
  "primaryImageSmall": "https://images.metmuseum.org/CRDImages/cl/web-large/DT201075.jpg",
  "additionalImages": [],
  "constituents": null,
  "department": "The Cloisters",
  "objectName": "Altar frontal",
  "title": "Embroidered Hanging",
  "culture": "German",
  "period": "",
  "dynasty": "",
  "reign": "",
  "portfolio": "",
  "artistRole": "",
  "artistPrefix": "",
  "artistDisplayName": "",
  "artistDisplayBio": "",
  "artistSuffix": "",
  "artistAlphaSort": "",
  "artistNationality": "",
  "artistBeginDate": "",
  "artistEndDate": "",
  "artistGender": "",
  "artistWikidata_URL": "",
  "artistULAN_URL": "",
  "objectDate": "late 14th century",
  "objectBeginDate": 1375,
  "objectEndDate": 1400,
  "medium": "Silk on linen, painted inscriptions",
  "dimensions": "63 x 62 1/2 in.  (160 x 158.8 cm)",
  "measurements": [
    {
      "elementName": "Overall",
      "elementDescription": null,
      "elementMeasurements": {
        "Height": 160,
        "Width": 158.8
      }
    }
  ],
  "creditLine": "Gift of Mrs. W. Murray Crane, 1969",
  "geographyType": "Made in",
  "city": "probably Hildesheim",
  "state": "Lower Saxony",
  "county": "",
  "country": "Germany",
  "region": "",
  "subregion": "",
  "locale": "",
  "locus": "",
  "excavation": "",
  "river": "",
  "classification": "Textiles-Embroidered",
  "rightsAndReproduction": "",
  "linkResource": "",
  "metadataDate": "2021-09-28T04:36:24.22Z",
  "repository": "Metropolitan Museum of Art, New York, NY",
  "objectURL": "https://www.metmuseum.org/art/collection/search/468750",
  "tags": [
    {
      "term": "Men",
      "AAT_URL": "http://vocab.getty.edu/page/aat/300025928",
      "Wikidata_URL": "https://www.wikidata.org/wiki/Q8441"
    },
    {
      "term": "Women",
      "AAT_URL": "http://vocab.getty.edu/page/aat/300025943",
      "Wikidata_URL": "https://www.wikidata.org/wiki/Q467"
    },
    {
      "term": "Annunciation",
      "AAT_URL": "http://vocab.getty.edu/page/aat/300412102",
      "Wikidata_URL": "https://www.wikidata.org/wiki/Q154326"
    },
    {
      "term": "Bearing the Cross",
      "AAT_URL": "http://vocab.getty.edu/page/ia/901001193",
      "Wikidata_URL": "https://www.wikidata.org/wiki/Q3399226"
    },
    {
      "term": "Nativity",
      "AAT_URL": "http://vocab.getty.edu/page/ia/901000124",
      "Wikidata_URL": "https://www.wikidata.org/wiki/Q51628"
    },
    {
      "term": "Isaac",
      "AAT_URL": "http://vocab.getty.edu/page/ia/901000952",
      "Wikidata_URL": "https://www.wikidata.org/wiki/Q671872"
    },
    {
      "term": "Manna",
      "AAT_URL": null,
      "Wikidata_URL": "https://www.wikidata.org/wiki/Q241156"
    },
    {
      "term": "Christ",
      "AAT_URL": "http://vocab.getty.edu/page/ia/901000087",
      "Wikidata_URL": "https://www.wikidata.org/wiki/Q642420"
    }
  ],
  "objectWikidata_URL": "https://www.wikidata.org/wiki/Q20201119",
  "isTimelineWork": true,
  "GalleryNumber": "013",
  "prov": "From the Monastery of Wienhausen; Princess Hohenzollern-Sigmaringen ; Mrs. W. Murray Crane, New York (until 1969)"
}