{
  "objectID": 468716,
  "isHighlight": true,
  "accessionNumber": "66.25",
  "accessionYear": "1966",
  "isPublicDomain": true,
  "primaryImage": "https://images.metmuseum.org/CRDImages/cl/original/DP345055.jpg",
  "primaryImageSmall": "https://images.metmuseum.org/CRDImages/cl/web-large/DP345055.jpg",
  "additionalImages": [
    "https://images.metmuseum.org/CRDImages/cl/original/DP345024.jpg",
    "https://images.metmuseum.org/CRDImages/cl/original/DP345059.jpg",
    "https://images.metmuseum.org/CRDImages/cl/original/DP345056.jpg",
    "https://images.metmuseum.org/CRDImages/cl/original/DP345057.jpg",
    "https://images.metmuseum.org/CRDImages/cl/original/DP345058.jpg",
    "https://images.metmuseum.org/CRDImages/cl/original/66.25.jpg"
  ],
  "constituents": null,
  "department": "The Cloisters",
  "objectName": "Bust",
  "title": "Marble Portrait Bust of a Woman with a Scroll",
  "culture": "Byzantine",
  "period": "",
  "dynasty": "",
  "reign": "",
  "portfolio": "",
  "artistRole": "",
  "artistPrefix": "",
  "artistDisplayName": "",
  "artistDisplayBio": "",
  "artistSuffix": "",
  "artistAlphaSort": "",
  "artistNationality": "",
  "artistBeginDate": "",
  "artistEndDate": "",
  "artistGender": "",
  "artistWikidata_URL": "",
  "artistULAN_URL": "",
  "objectDate": "late 4th\u2013early 5th century",
  "objectBeginDate": 371,
  "objectEndDate": 435,
  "medium": "Pentelic Marble",
  "dimensions": "Overall: 20 7/8 x 10 13/16 x 8 3/4 in. (53 x 27.5 x 22.2 cm)\r\nBase: 1 7/8 x 12 1/2 x 6 3/4in. (4.8 x 31.8 x 17.1cm)",
  "measurements": [
    {
      "elementName": "Overall",
      "elementDescription": null,
      "elementMeasurements": {
        "Depth": 22.2,
        "Height": 53,
        "Width": 27.5
      }
    },
    {
      "elementName": "Base",
      "elementDescription": null,
      "elementMeasurements": {
        "Depth": 17.1,
        "Height": 4.8,
        "Width": 31.8
      }
    }
  ],
  "creditLine": "The Cloisters Collection, 1966",
  "geographyType": "Made in",
  "city": "Constantinople",
  "state": "",
  "county": "",
  "country": "",
  "region": "",
  "subregion": "",
  "locale": "",
  "locus": "",
  "excavation": "",
  "river": "",
  "classification": "Sculpture-Stone",
  "rightsAndReproduction": "",
  "linkResource": "",
  "metadataDate": "2021-11-29T10:04:10.363Z",
  "repository": "Metropolitan Museum of Art, New York, NY",
  "objectURL": "https://www.metmuseum.org/art/collection/search/468716",
  "tags": [
    {
      "term": "Portraits",
      "AAT_URL": "http://vocab.getty.edu/page/aat/300015637",
      "Wikidata_URL": "https://www.wikidata.org/wiki/Q134307"
    },
    {
      "term": "Women",
      "AAT_URL": "http://vocab.getty.edu/page/aat/300025943",
      "Wikidata_URL": "https://www.wikidata.org/wiki/Q467"
    }
  ],
  "objectWikidata_URL": "https://www.wikidata.org/wiki/Q29385473",
  "isTimelineWork": true,
  "GalleryNumber": "301",
  "prov": "Possibly found in Istanbul; [ John J. Klejman American, New York (from at least 1965-1966)]"
}