{
  "objectID": 468726,
  "isHighlight": false,
  "accessionNumber": "67.236",
  "accessionYear": "1967",
  "isPublicDomain": true,
  "primaryImage": "https://images.metmuseum.org/CRDImages/cl/original/DP167921.jpg",
  "primaryImageSmall": "https://images.metmuseum.org/CRDImages/cl/web-large/DP167921.jpg",
  "additionalImages": [
    "https://images.metmuseum.org/CRDImages/cl/original/DP167919.jpg",
    "https://images.metmuseum.org/CRDImages/cl/original/DP167920.jpg",
    "https://images.metmuseum.org/CRDImages/cl/original/DP167918.jpg",
    "https://images.metmuseum.org/CRDImages/cl/original/DP167917.jpg",
    "https://images.metmuseum.org/CRDImages/cl/original/DP106077.jpg"
  ],
  "constituents": null,
  "department": "The Cloisters",
  "objectName": "Statue",
  "title": "Angel of the Annunciation",
  "culture": "Italian",
  "period": "",
  "dynasty": "",
  "reign": "",
  "portfolio": "",
  "artistRole": "",
  "artistPrefix": "",
  "artistDisplayName": "",
  "artistDisplayBio": "",
  "artistSuffix": "",
  "artistAlphaSort": "",
  "artistNationality": "",
  "artistBeginDate": "",
  "artistEndDate": "",
  "artistGender": "",
  "artistWikidata_URL": "",
  "artistULAN_URL": "",
  "objectDate": "1430\u201340",
  "objectBeginDate": 1430,
  "objectEndDate": 1440,
  "medium": "Mud-wackestone with traces of polychromy",
  "dimensions": "Overall: 37 1/2 x 14 3/4 in., 155lb. (95.3 x 37.5 cm, 70307.5g)",
  "measurements": [
    {
      "elementName": "Overall",
      "elementDescription": null,
      "elementMeasurements": {
        "Height": 95.3,
        "Weight": 70.30754,
        "Width": 37.5
      }
    }
  ],
  "creditLine": "The Cloisters Collection, 1967",
  "geographyType": "Made in",
  "city": "",
  "state": "the Veneto or Friuli",
  "county": "",
  "country": "Northeast Italy",
  "region": "",
  "subregion": "",
  "locale": "",
  "locus": "",
  "excavation": "",
  "river": "",
  "classification": "Sculpture-Stone",
  "rightsAndReproduction": "",
  "linkResource": "",
  "metadataDate": "2021-09-28T04:36:24.22Z",
  "repository": "Metropolitan Museum of Art, New York, NY",
  "objectURL": "https://www.metmuseum.org/art/collection/search/468726",
  "tags": [
    {
      "term": "Annunciation",
      "AAT_URL": "http://vocab.getty.edu/page/aat/300412102",
      "Wikidata_URL": "https://www.wikidata.org/wiki/Q154326"
    }
  ],
  "objectWikidata_URL": "",
  "isTimelineWork": false,
  "GalleryNumber": "020",
  "prov": "[Unidentified dealer, Florence (before 1952)] ; H. R. H. Prince Nicolas of Romania, Switzerland (before 1952\u20131966) ; Galerie Jurg Stuker, Bern (November 9-22, 1966, no. 4170) ; [ Galerie Ilas Neufert, Munich (1966\u2013sold 1967)]"
}