{
  "objectID": 469849,
  "isHighlight": false,
  "accessionNumber": "1980.223.2",
  "accessionYear": "1980",
  "isPublicDomain": true,
  "primaryImage": "https://images.metmuseum.org/CRDImages/cl/original/cdi1980-223-2.jpg",
  "primaryImageSmall": "https://images.metmuseum.org/CRDImages/cl/web-large/cdi1980-223-2.jpg",
  "additionalImages": [],
  "constituents": null,
  "department": "The Cloisters",
  "objectName": "Roundel",
  "title": "Roundel with Christ Carrying the Cross with Saint Veronica",
  "culture": "South Netherlandish",
  "period": "",
  "dynasty": "",
  "reign": "",
  "portfolio": "",
  "artistRole": "",
  "artistPrefix": "",
  "artistDisplayName": "",
  "artistDisplayBio": "",
  "artistSuffix": "",
  "artistAlphaSort": "",
  "artistNationality": "",
  "artistBeginDate": "",
  "artistEndDate": "",
  "artistGender": "",
  "artistWikidata_URL": "",
  "artistULAN_URL": "",
  "objectDate": "ca. 1520",
  "objectBeginDate": 1520,
  "objectEndDate": 1520,
  "medium": "Colorless glass, vitreous paint and silver stain",
  "dimensions": "Overall: 8 11/16 in. (22 cm)",
  "measurements": [
    {
      "elementName": "Overall",
      "elementDescription": null,
      "elementMeasurements": {
        "Diameter": 22
      }
    }
  ],
  "creditLine": "The Cloisters Collection, 1980",
  "geographyType": "Made in",
  "city": "",
  "state": "Antwerp",
  "county": "",
  "country": "South Netherlands",
  "region": "",
  "subregion": "",
  "locale": "",
  "locus": "",
  "excavation": "",
  "river": "",
  "classification": "Glass-Stained",
  "rightsAndReproduction": "",
  "linkResource": "",
  "metadataDate": "2021-11-09T04:35:24.483Z",
  "repository": "Metropolitan Museum of Art, New York, NY",
  "objectURL": "https://www.metmuseum.org/art/collection/search/469849",
  "tags": [
    {
      "term": "Saints",
      "AAT_URL": "http://vocab.getty.edu/page/aat/300150555",
      "Wikidata_URL": "https://www.wikidata.org/wiki/Q43115"
    },
    {
      "term": "Christ",
      "AAT_URL": "http://vocab.getty.edu/page/ia/901000087",
      "Wikidata_URL": "https://www.wikidata.org/wiki/Q642420"
    },
    {
      "term": "Men",
      "AAT_URL": "http://vocab.getty.edu/page/aat/300025928",
      "Wikidata_URL": "https://www.wikidata.org/wiki/Q8441"
    },
    {
      "term": "Bearing the Cross",
      "AAT_URL": "http://vocab.getty.edu/page/ia/901001193",
      "Wikidata_URL": "https://www.wikidata.org/wiki/Q3399226"
    },
    {
      "term": "Women",
      "AAT_URL": "http://vocab.getty.edu/page/aat/300025943",
      "Wikidata_URL": "https://www.wikidata.org/wiki/Q467"
    }
  ],
  "objectWikidata_URL": "https://www.wikidata.org/wiki/Q20201482",
  "isTimelineWork": false,
  "GalleryNumber": "010",
  "prov": "[ L.P. Bresset et Fils, Paris (sold 1980)]"
}