{
  "objectID": 469869,
  "isHighlight": false,
  "accessionNumber": "1983.125a, b",
  "accessionYear": "1983",
  "isPublicDomain": true,
  "primaryImage": "https://images.metmuseum.org/CRDImages/cl/original/DP132218.jpg",
  "primaryImageSmall": "https://images.metmuseum.org/CRDImages/cl/web-large/DP132218.jpg",
  "additionalImages": [
    "https://images.metmuseum.org/CRDImages/cl/original/DP-16635-001.jpg",
    "https://images.metmuseum.org/CRDImages/cl/original/DP132219.jpg",
    "https://images.metmuseum.org/CRDImages/cl/original/DP132220.jpg",
    "https://images.metmuseum.org/CRDImages/cl/original/sf1983-125abd2.jpg",
    "https://images.metmuseum.org/CRDImages/cl/original/sf1983-125abs1.jpg"
  ],
  "constituents": null,
  "department": "The Cloisters",
  "objectName": "Cup",
  "title": "Double Cup",
  "culture": "German or Bohemian",
  "period": "",
  "dynasty": "",
  "reign": "",
  "portfolio": "",
  "artistRole": "",
  "artistPrefix": "",
  "artistDisplayName": "",
  "artistDisplayBio": "",
  "artistSuffix": "",
  "artistAlphaSort": "",
  "artistNationality": "",
  "artistBeginDate": "",
  "artistEndDate": "",
  "artistGender": "",
  "artistWikidata_URL": "",
  "artistULAN_URL": "",
  "objectDate": "1325\u201350",
  "objectBeginDate": 1325,
  "objectEndDate": 1350,
  "medium": "Silver, gilded silver, and enamel",
  "dimensions": "Overall (together): 3 x 4 15/16 x 4 3/16 in. (7.6 x 12.5 x 10.7 cm)\r\nBowl only: 2 5/16 x 4 15/16 x 4 3/16 in. (5.8 x 12.5 x 10.7 cm)\r\nLid only: 1 7/16 x 3 3/4 in. (3.6 x 9.5 cm)",
  "measurements": [
    {
      "elementName": "Overall",
      "elementDescription": "together",
      "elementMeasurements": {
        "Depth": 10.7,
        "Height": 7.6,
        "Width": 12.5
      }
    },
    {
      "elementName": "Other",
      "elementDescription": "Lid only",
      "elementMeasurements": {
        "Diameter": 9.5,
        "Height": 3.6
      }
    },
    {
      "elementName": "Other",
      "elementDescription": "Bowl only",
      "elementMeasurements": {
        "Depth": 10.7,
        "Height": 5.8,
        "Width": 12.5
      }
    }
  ],
  "creditLine": "The Cloisters Collection, 1983",
  "geographyType": "Made in",
  "city": "possibly Prague",
  "state": "",
  "county": "",
  "country": "",
  "region": "",
  "subregion": "",
  "locale": "",
  "locus": "",
  "excavation": "",
  "river": "",
  "classification": "Metalwork-Silver",
  "rightsAndReproduction": "",
  "linkResource": "",
  "metadataDate": "2021-11-09T04:35:24.483Z",
  "repository": "Metropolitan Museum of Art, New York, NY",
  "objectURL": "https://www.metmuseum.org/art/collection/search/469869",
  "tags": [
    {
      "term": "Coat of Arms",
      "AAT_URL": "http://vocab.getty.edu/page/aat/300126352",
      "Wikidata_URL": "https://www.wikidata.org/wiki/Q14659"
    }
  ],
  "objectWikidata_URL": "",
  "isTimelineWork": true,
  "GalleryNumber": "010",
  "prov": "[ Sotheby's, London British (March 7, 1983, no. 167)]"
}