{
  "objectID": 469873,
  "isHighlight": false,
  "accessionNumber": "1983.236.2",
  "accessionYear": "1983",
  "isPublicDomain": true,
  "primaryImage": "https://images.metmuseum.org/CRDImages/cl/original/cdi1983-236-2.jpg",
  "primaryImageSmall": "https://images.metmuseum.org/CRDImages/cl/web-large/cdi1983-236-2.jpg",
  "additionalImages": [
    "https://images.metmuseum.org/CRDImages/cl/original/cfx1983-236-2s2.jpg"
  ],
  "constituents": null,
  "department": "The Cloisters",
  "objectName": "Tile",
  "title": "Two-Colored Tile",
  "culture": "British",
  "period": "",
  "dynasty": "",
  "reign": "",
  "portfolio": "",
  "artistRole": "",
  "artistPrefix": "",
  "artistDisplayName": "",
  "artistDisplayBio": "",
  "artistSuffix": "",
  "artistAlphaSort": "",
  "artistNationality": "",
  "artistBeginDate": "",
  "artistEndDate": "",
  "artistGender": "",
  "artistWikidata_URL": "",
  "artistULAN_URL": "",
  "objectDate": "late 14th century",
  "objectBeginDate": 1350,
  "objectEndDate": 1400,
  "medium": "Fired earthenware with slip decoration and lead glaze",
  "dimensions": "Overall: 5 1/2 x 5 1/2in. (14 x 14cm)",
  "measurements": [
    {
      "elementName": "Overall",
      "elementDescription": null,
      "elementMeasurements": {
        "Height": 14,
        "Width": 14
      }
    }
  ],
  "creditLine": "The Cloisters Collection, 1983",
  "geographyType": "Made in",
  "city": "Nottingham or Derbyshire",
  "state": "Midlands",
  "county": "",
  "country": "England",
  "region": "",
  "subregion": "",
  "locale": "",
  "locus": "",
  "excavation": "",
  "river": "",
  "classification": "Ceramics-Tiles",
  "rightsAndReproduction": "",
  "linkResource": "",
  "metadataDate": "2021-11-09T04:35:24.483Z",
  "repository": "Metropolitan Museum of Art, New York, NY",
  "objectURL": "https://www.metmuseum.org/art/collection/search/469873",
  "tags": [
    {
      "term": "Coat of Arms",
      "AAT_URL": "http://vocab.getty.edu/page/aat/300126352",
      "Wikidata_URL": "https://www.wikidata.org/wiki/Q14659"
    }
  ],
  "objectWikidata_URL": "",
  "isTimelineWork": false,
  "GalleryNumber": "",
  "prov": "Reginald W. Cooper, Nottingham (sold 1983) ; [his sale, Neales, Nottingham (March 3, 1983)] ; [ Ronald A. Lee Fine Arts, Ltd., London (sold 1983)]"
}