{
  "objectID": 469858,
  "isHighlight": true,
  "accessionNumber": "1980.366",
  "accessionYear": "1980",
  "isPublicDomain": true,
  "primaryImage": "https://images.metmuseum.org/CRDImages/cl/original/DT231705.jpg",
  "primaryImageSmall": "https://images.metmuseum.org/CRDImages/cl/web-large/DT231705.jpg",
  "additionalImages": [
    "https://images.metmuseum.org/CRDImages/cl/original/DT231706.jpg"
  ],
  "constituents": null,
  "department": "The Cloisters",
  "objectName": "Diptych",
  "title": "Diptych with Scenes of the Annunciation, Nativity, Crucifixion, and Resurrection",
  "culture": "German",
  "period": "",
  "dynasty": "",
  "reign": "",
  "portfolio": "",
  "artistRole": "",
  "artistPrefix": "",
  "artistDisplayName": "",
  "artistDisplayBio": "",
  "artistSuffix": "",
  "artistAlphaSort": "",
  "artistNationality": "",
  "artistBeginDate": "",
  "artistEndDate": "",
  "artistGender": "",
  "artistWikidata_URL": "",
  "artistULAN_URL": "",
  "objectDate": "1300\u20131325",
  "objectBeginDate": 1300,
  "objectEndDate": 1325,
  "medium": "Silver gilt with translucent and opaque enamels",
  "dimensions": "Overall (opened): 2 3/8 x 3 3/8 x 5/16 in. (6.1 x 8.6 x 0.8 cm)\r\nOverall (Closed): 2 3/8 x 1 3/4 x 1/2 in. (6.1 x 4.5 x 1.2 cm)",
  "measurements": [
    {
      "elementName": "Overall",
      "elementDescription": "Closed",
      "elementMeasurements": {
        "Depth": 1.2,
        "Height": 6.1,
        "Width": 4.5
      }
    },
    {
      "elementName": "Overall",
      "elementDescription": "opened",
      "elementMeasurements": {
        "Depth": 0.8,
        "Height": 6.1,
        "Width": 8.6
      }
    }
  ],
  "creditLine": "Gift of Ruth Blumka, 1980",
  "geographyType": "Made in",
  "city": "probably Cologne",
  "state": "",
  "county": "",
  "country": "Germany",
  "region": "",
  "subregion": "",
  "locale": "",
  "locus": "",
  "excavation": "",
  "river": "",
  "classification": "Enamels-Translucent",
  "rightsAndReproduction": "",
  "linkResource": "",
  "metadataDate": "2021-11-09T04:35:24.483Z",
  "repository": "Metropolitan Museum of Art, New York, NY",
  "objectURL": "https://www.metmuseum.org/art/collection/search/469858",
  "tags": [
    {
      "term": "Annunciation",
      "AAT_URL": "http://vocab.getty.edu/page/aat/300412102",
      "Wikidata_URL": "https://www.wikidata.org/wiki/Q154326"
    },
    {
      "term": "Crucifixion",
      "AAT_URL": "http://vocab.getty.edu/page/aat/300404300",
      "Wikidata_URL": "https://www.wikidata.org/wiki/Q3235597"
    },
    {
      "term": "Nativity",
      "AAT_URL": "http://vocab.getty.edu/page/ia/901000124",
      "Wikidata_URL": "https://www.wikidata.org/wiki/Q51628"
    },
    {
      "term": "Christ",
      "AAT_URL": "http://vocab.getty.edu/page/ia/901000087",
      "Wikidata_URL": "https://www.wikidata.org/wiki/Q642420"
    },
    {
      "term": "Virgin Mary",
      "AAT_URL": "http://vocab.getty.edu/page/ia/901000032",
      "Wikidata_URL": "https://www.wikidata.org/wiki/Q345"
    }
  ],
  "objectWikidata_URL": "https://www.wikidata.org/wiki/Q29385484",
  "isTimelineWork": true,
  "GalleryNumber": "014",
  "prov": "John Edward Taylor, London (until 1912) ; [his sale, Christie's, London (July 1-4, 1912, no. 235)] ; [ Jacques Seligmann, Paris and New York (in 1912)] ; [ Ruth and Leopold Blumka, New York (until 1980)]"
}