{
  "objectID": 469854,
  "isHighlight": false,
  "accessionNumber": "1980.263.1",
  "accessionYear": "1980",
  "isPublicDomain": true,
  "primaryImage": "https://images.metmuseum.org/CRDImages/cl/original/DT9018v2.jpg",
  "primaryImageSmall": "https://images.metmuseum.org/CRDImages/cl/web-large/DT9018v2.jpg",
  "additionalImages": [],
  "constituents": null,
  "department": "The Cloisters",
  "objectName": "Frieze",
  "title": "Architectural Frieze",
  "culture": "French",
  "period": "",
  "dynasty": "",
  "reign": "",
  "portfolio": "",
  "artistRole": "",
  "artistPrefix": "",
  "artistDisplayName": "",
  "artistDisplayBio": "",
  "artistSuffix": "",
  "artistAlphaSort": "",
  "artistNationality": "",
  "artistBeginDate": "",
  "artistEndDate": "",
  "artistGender": "",
  "artistWikidata_URL": "",
  "artistULAN_URL": "",
  "objectDate": "second quarter 12th century",
  "objectBeginDate": 1125,
  "objectEndDate": 1150,
  "medium": "Limestone",
  "dimensions": "11 1/2 x 22 x 7 3/4 in.  (29.2 x 55.9 x 19.7 cm)",
  "measurements": [
    {
      "elementName": "Overall",
      "elementDescription": null,
      "elementMeasurements": {
        "Depth": 19.7,
        "Height": 29.2,
        "Width": 55.9
      }
    }
  ],
  "creditLine": "The Cloisters Collection, 1980",
  "geographyType": "Made in",
  "city": "Cluny",
  "state": "Burgundy",
  "county": "",
  "country": "France",
  "region": "",
  "subregion": "",
  "locale": "",
  "locus": "",
  "excavation": "",
  "river": "",
  "classification": "Sculpture-Architectural-Stone",
  "rightsAndReproduction": "",
  "linkResource": "",
  "metadataDate": "2021-11-09T04:35:24.483Z",
  "repository": "Metropolitan Museum of Art, New York, NY",
  "objectURL": "https://www.metmuseum.org/art/collection/search/469854",
  "tags": [
    {
      "term": "Buildings",
      "AAT_URL": "http://vocab.getty.edu/page/aat/300004789",
      "Wikidata_URL": "https://www.wikidata.org/wiki/Q41176"
    }
  ],
  "objectWikidata_URL": "",
  "isTimelineWork": true,
  "GalleryNumber": "004",
  "prov": "[ Demotte Inc., Paris and New York] ; Raymond Pitcairn, Bryn Athyn, PA. (until 1966) ; Glencairn Museum, Bryn Athyn, PA. (sold 1980)"
}