{
  "objectID": 469844,
  "isHighlight": true,
  "accessionNumber": "1979.402",
  "accessionYear": "1979",
  "isPublicDomain": true,
  "primaryImage": "https://images.metmuseum.org/CRDImages/cl/original/DP102836.jpg",
  "primaryImageSmall": "https://images.metmuseum.org/CRDImages/cl/web-large/DP102836.jpg",
  "additionalImages": [
    "https://images.metmuseum.org/CRDImages/cl/original/LC-1979_402-4.jpg",
    "https://images.metmuseum.org/CRDImages/cl/original/LC-1979_402-3.jpg",
    "https://images.metmuseum.org/CRDImages/cl/original/LC-1979_402-1.jpg",
    "https://images.metmuseum.org/CRDImages/cl/original/LC-1979_402-2.jpg",
    "https://images.metmuseum.org/CRDImages/cl/original/LC-1979_402-5.jpg",
    "https://images.metmuseum.org/CRDImages/cl/original/LC-1979_402-6.jpg",
    "https://images.metmuseum.org/CRDImages/cl/original/LC-1979_402-7.jpg"
  ],
  "constituents": null,
  "department": "The Cloisters",
  "objectName": "Statuette",
  "title": "Enthroned Virgin and Child",
  "culture": "British",
  "period": "",
  "dynasty": "",
  "reign": "",
  "portfolio": "",
  "artistRole": "",
  "artistPrefix": "",
  "artistDisplayName": "",
  "artistDisplayBio": "",
  "artistSuffix": "",
  "artistAlphaSort": "",
  "artistNationality": "",
  "artistBeginDate": "",
  "artistEndDate": "",
  "artistGender": "",
  "artistWikidata_URL": "",
  "artistULAN_URL": "",
  "objectDate": "ca. 1300",
  "objectBeginDate": 1295,
  "objectEndDate": 1305,
  "medium": "Elephant ivory",
  "dimensions": "Overall: 10 3/4 x 5 5/16 x 3 3/4in. (27.3 x 13.5 x 9.6cm)",
  "measurements": [
    {
      "elementName": "Overall",
      "elementDescription": null,
      "elementMeasurements": {
        "Depth": 9.6,
        "Height": 27.3,
        "Width": 13.5
      }
    }
  ],
  "creditLine": "The Cloisters Collection, 1979",
  "geographyType": "Made in",
  "city": "probably London",
  "state": "",
  "county": "",
  "country": "England",
  "region": "",
  "subregion": "",
  "locale": "",
  "locus": "",
  "excavation": "",
  "river": "",
  "classification": "Ivories-Elephant",
  "rightsAndReproduction": "",
  "linkResource": "",
  "metadataDate": "2021-11-09T04:35:24.483Z",
  "repository": "Metropolitan Museum of Art, New York, NY",
  "objectURL": "https://www.metmuseum.org/art/collection/search/469844",
  "tags": [
    {
      "term": "Women",
      "AAT_URL": "http://vocab.getty.edu/page/aat/300025943",
      "Wikidata_URL": "https://www.wikidata.org/wiki/Q467"
    },
    {
      "term": "Virgin Mary",
      "AAT_URL": "http://vocab.getty.edu/page/ia/901000032",
      "Wikidata_URL": "https://www.wikidata.org/wiki/Q345"
    }
  ],
  "objectWikidata_URL": "https://www.wikidata.org/wiki/Q25352103",
  "isTimelineWork": true,
  "GalleryNumber": "014",
  "prov": "[ Georges J. Demotte 1877\u20131923, Paris and New York (1928) ] ; Mr. and Mrs. John Hunt, Drumleck Baily, Co. Dublin (before 1936\u20131979) ; [ Howard Ricketts, London (in 1979 as agent for the Hunts) ]"
}