{
  "objectID": 469863,
  "isHighlight": false,
  "accessionNumber": "1982.54",
  "accessionYear": "1982",
  "isPublicDomain": true,
  "primaryImage": "https://images.metmuseum.org/CRDImages/cl/original/cdi1982-54.jpg",
  "primaryImageSmall": "https://images.metmuseum.org/CRDImages/cl/web-large/cdi1982-54.jpg",
  "additionalImages": [
    "https://images.metmuseum.org/CRDImages/cl/original/cdi1982-54s2.jpg",
    "https://images.metmuseum.org/CRDImages/cl/original/cdi1982-54d1.jpg"
  ],
  "constituents": null,
  "department": "The Cloisters",
  "objectName": "Statuette",
  "title": "Standing Virgin and Child",
  "culture": "North Netherlandish",
  "period": "",
  "dynasty": "",
  "reign": "",
  "portfolio": "",
  "artistRole": "",
  "artistPrefix": "",
  "artistDisplayName": "",
  "artistDisplayBio": "",
  "artistSuffix": "",
  "artistAlphaSort": "",
  "artistNationality": "",
  "artistBeginDate": "",
  "artistEndDate": "",
  "artistGender": "",
  "artistWikidata_URL": "",
  "artistULAN_URL": "",
  "objectDate": "late 15th century or later",
  "objectBeginDate": 1475,
  "objectEndDate": 1600,
  "medium": "Clay, sand, glue with polychromy and gilding",
  "dimensions": "Overall: 8 7/16in. (21.5cm)",
  "measurements": [
    {
      "elementName": "Overall",
      "elementDescription": null,
      "elementMeasurements": {
        "Height": 21.5
      }
    }
  ],
  "creditLine": "The Cloisters Collection, Gift of J.D. Rockefeller Jr., by exchange, 1982",
  "geographyType": "Made in",
  "city": "Utrecht",
  "state": "",
  "county": "",
  "country": "North Netherlands",
  "region": "",
  "subregion": "",
  "locale": "",
  "locus": "",
  "excavation": "",
  "river": "",
  "classification": "Ceramics",
  "rightsAndReproduction": "",
  "linkResource": "",
  "metadataDate": "2021-11-09T04:35:24.483Z",
  "repository": "Metropolitan Museum of Art, New York, NY",
  "objectURL": "https://www.metmuseum.org/art/collection/search/469863",
  "tags": null,
  "objectWikidata_URL": "",
  "isTimelineWork": false,
  "GalleryNumber": "",
  "prov": "Rainer Zietz Limited ; [ Ward & Company Works of Art American ]"
}