{
  "objectID": 469881,
  "isHighlight": false,
  "accessionNumber": "1984.129",
  "accessionYear": "1984",
  "isPublicDomain": true,
  "primaryImage": "https://images.metmuseum.org/CRDImages/cl/original/DT7708.jpg",
  "primaryImageSmall": "https://images.metmuseum.org/CRDImages/cl/web-large/DT7708.jpg",
  "additionalImages": [],
  "constituents": null,
  "department": "The Cloisters",
  "objectName": "Sculpture",
  "title": "Crucifix",
  "culture": "Austrian",
  "period": "",
  "dynasty": "",
  "reign": "",
  "portfolio": "",
  "artistRole": "",
  "artistPrefix": "",
  "artistDisplayName": "",
  "artistDisplayBio": "",
  "artistSuffix": "",
  "artistAlphaSort": "",
  "artistNationality": "",
  "artistBeginDate": "",
  "artistEndDate": "",
  "artistGender": "",
  "artistWikidata_URL": "",
  "artistULAN_URL": "",
  "objectDate": "ca. 1125\u201350",
  "objectBeginDate": 1125,
  "objectEndDate": 1150,
  "medium": "Limewood and birch with traces of paint (corpus); spruce with traces of paint (cross)",
  "dimensions": "Overall (Cross with base): 37 3/8 x 23 1/4 x 9 in. (95 x 59 x 22.9 cm)\r\nCross and Corpus without base: 33 7/16 x 23 1/4 x 3 11/16 in. (85 x 59 x 9.4 cm)\r\nCorpus only: 19 15/16 x 17 9/16 x 3 1/8 in. (50.6 x 44.6 x 7.9 cm)\r\nCross only: 33 7/16 x 23 1/4 x 9/16 in. (85 x 59 x 1.5 cm)\r\nBase only: 3 15/16 x 11 13/16 x 9 in. (10 x 30 x 22.9 cm)",
  "measurements": [
    {
      "elementName": "Overall",
      "elementDescription": "Cross with base",
      "elementMeasurements": {
        "Depth": 22.9,
        "Height": 95,
        "Width": 59
      }
    },
    {
      "elementName": "Other",
      "elementDescription": "Corpus only",
      "elementMeasurements": {
        "Depth": 7.9,
        "Height": 50.57,
        "Width": 44.6
      }
    },
    {
      "elementName": "Other",
      "elementDescription": "Cross & corpus without base",
      "elementMeasurements": {
        "Depth": 9.4,
        "Height": 85,
        "Width": 59
      }
    },
    {
      "elementName": "Other",
      "elementDescription": "base only",
      "elementMeasurements": {
        "Depth": 22.9,
        "Height": 10,
        "Width": 30
      }
    },
    {
      "elementName": "Other",
      "elementDescription": "Cross only",
      "elementMeasurements": {
        "Depth": 1.5,
        "Height": 85,
        "Width": 59
      }
    }
  ],
  "creditLine": "The Cloisters Collection, 1984",
  "geographyType": "Made in",
  "city": "",
  "state": "vicinity of Salzburg",
  "county": "",
  "country": "Austria",
  "region": "",
  "subregion": "",
  "locale": "",
  "locus": "",
  "excavation": "",
  "river": "",
  "classification": "Sculpture-Wood",
  "rightsAndReproduction": "",
  "linkResource": "",
  "metadataDate": "2021-11-09T04:35:24.483Z",
  "repository": "Metropolitan Museum of Art, New York, NY",
  "objectURL": "https://www.metmuseum.org/art/collection/search/469881",
  "tags": [
    {
      "term": "Crucifixion",
      "AAT_URL": "http://vocab.getty.edu/page/aat/300404300",
      "Wikidata_URL": "https://www.wikidata.org/wiki/Q3235597"
    },
    {
      "term": "Christ",
      "AAT_URL": "http://vocab.getty.edu/page/ia/901000087",
      "Wikidata_URL": "https://www.wikidata.org/wiki/Q642420"
    }
  ],
  "objectWikidata_URL": "https://www.wikidata.org/wiki/Q20201391",
  "isTimelineWork": false,
  "GalleryNumber": "004",
  "prov": "Innsbrucker Kunstgewerbem (1884) ; Tiroler Landesmuseum Ferdinandeum ; Dr. Peter Hierzenberger ; his sale Sotheby Parke Bernet & Co. British, London (April 3, 1984, no. 30)"
}