{
  "objectID": 469886,
  "isHighlight": false,
  "accessionNumber": "1984.206",
  "accessionYear": "1984",
  "isPublicDomain": true,
  "primaryImage": "https://images.metmuseum.org/CRDImages/cl/original/cdi1984-206.jpg",
  "primaryImageSmall": "https://images.metmuseum.org/CRDImages/cl/web-large/cdi1984-206.jpg",
  "additionalImages": [
    "https://images.metmuseum.org/CRDImages/cl/original/DT7736.jpg"
  ],
  "constituents": null,
  "department": "The Cloisters",
  "objectName": "Roundel",
  "title": "Roundel with Joab Murdering Abner",
  "culture": "North Netherlandish",
  "period": "",
  "dynasty": "",
  "reign": "",
  "portfolio": "",
  "artistRole": "",
  "artistPrefix": "",
  "artistDisplayName": "",
  "artistDisplayBio": "",
  "artistSuffix": "",
  "artistAlphaSort": "",
  "artistNationality": "",
  "artistBeginDate": "",
  "artistEndDate": "",
  "artistGender": "",
  "artistWikidata_URL": "",
  "artistULAN_URL": "",
  "objectDate": "1510\u201320",
  "objectBeginDate": 1510,
  "objectEndDate": 1520,
  "medium": "Colorless glass with silver stain and vitreous paint",
  "dimensions": "Overall: 8 9/16 in. (21.7 cm)",
  "measurements": [
    {
      "elementName": "Overall",
      "elementDescription": null,
      "elementMeasurements": {
        "Diameter": 21.7
      }
    }
  ],
  "creditLine": "The Cloisters Collection, 1984",
  "geographyType": "Made in",
  "city": "",
  "state": "Amsterdam(?)",
  "county": "",
  "country": "North Netherland",
  "region": "",
  "subregion": "",
  "locale": "",
  "locus": "",
  "excavation": "",
  "river": "",
  "classification": "Glass-Stained",
  "rightsAndReproduction": "",
  "linkResource": "",
  "metadataDate": "2021-11-09T04:35:24.483Z",
  "repository": "Metropolitan Museum of Art, New York, NY",
  "objectURL": "https://www.metmuseum.org/art/collection/search/469886",
  "tags": [
    {
      "term": "Swords",
      "AAT_URL": "http://vocab.getty.edu/page/aat/300037048",
      "Wikidata_URL": "https://www.wikidata.org/wiki/Q12791"
    },
    {
      "term": "Suffering",
      "AAT_URL": "http://vocab.getty.edu/page/aat/300055184",
      "Wikidata_URL": "https://www.wikidata.org/wiki/Q5780945"
    }
  ],
  "objectWikidata_URL": "https://www.wikidata.org/wiki/Q20201126",
  "isTimelineWork": false,
  "GalleryNumber": "010",
  "prov": "F. E. Sidney, Holly House, Hampstead, England ; his sale, Christie's, London (December 9, 1937, lot 52, 53 or 75) ; [ Wilfred Drake, London] ; Pieter de Boer, Amsterdam ; [ A. Vecht Kunstzalen, Amsterdam (sold 1984)]"
}