{
  "objectID": 469872,
  "isHighlight": false,
  "accessionNumber": "1983.236.1",
  "accessionYear": "1983",
  "isPublicDomain": true,
  "primaryImage": "https://images.metmuseum.org/CRDImages/cl/original/cdi1983-236-1.jpg",
  "primaryImageSmall": "https://images.metmuseum.org/CRDImages/cl/web-large/cdi1983-236-1.jpg",
  "additionalImages": [
    "https://images.metmuseum.org/CRDImages/cl/original/sfx1983-236-1s2.jpg"
  ],
  "constituents": null,
  "department": "The Cloisters",
  "objectName": "Tile",
  "title": "Two-Colored Tile with Arms of the Beauchamp Family",
  "culture": "British",
  "period": "",
  "dynasty": "",
  "reign": "",
  "portfolio": "",
  "artistRole": "",
  "artistPrefix": "",
  "artistDisplayName": "",
  "artistDisplayBio": "",
  "artistSuffix": "",
  "artistAlphaSort": "",
  "artistNationality": "",
  "artistBeginDate": "",
  "artistEndDate": "",
  "artistGender": "",
  "artistWikidata_URL": "",
  "artistULAN_URL": "",
  "objectDate": "14th\u201315th century",
  "objectBeginDate": 1300,
  "objectEndDate": 1499,
  "medium": "Fired earthenware, with slip decoration and lead glaze",
  "dimensions": "Overall: 5 1/4 x 5 1/4in. (13.3 x 13.3cm)",
  "measurements": [
    {
      "elementName": "Overall",
      "elementDescription": null,
      "elementMeasurements": {
        "Height": 13.3,
        "Width": 13.3
      }
    }
  ],
  "creditLine": "The Cloisters Collection, 1983",
  "geographyType": "Made in",
  "city": "probably Derbyshire",
  "state": "Midlands",
  "county": "",
  "country": "England",
  "region": "",
  "subregion": "",
  "locale": "",
  "locus": "",
  "excavation": "",
  "river": "",
  "classification": "Ceramics-Tiles",
  "rightsAndReproduction": "",
  "linkResource": "",
  "metadataDate": "2021-11-09T04:35:24.483Z",
  "repository": "Metropolitan Museum of Art, New York, NY",
  "objectURL": "https://www.metmuseum.org/art/collection/search/469872",
  "tags": [
    {
      "term": "Coat of Arms",
      "AAT_URL": "http://vocab.getty.edu/page/aat/300126352",
      "Wikidata_URL": "https://www.wikidata.org/wiki/Q14659"
    }
  ],
  "objectWikidata_URL": "",
  "isTimelineWork": false,
  "GalleryNumber": "",
  "prov": "Reginald W. Cooper, Nottingham (sold 1983) ; [his sale, Neales, Nottingham (March 3, 1983)] ; [ Ronald A. Lee Fine Arts, Ltd., London (sold 1983)]"
}