{
  "objectID": 469853,
  "isHighlight": false,
  "accessionNumber": "1980.223.6",
  "accessionYear": "1980",
  "isPublicDomain": true,
  "primaryImage": "https://images.metmuseum.org/CRDImages/cl/original/DP241185.jpg",
  "primaryImageSmall": "https://images.metmuseum.org/CRDImages/cl/web-large/DP241185.jpg",
  "additionalImages": [
    "https://images.metmuseum.org/CRDImages/cl/original/cdi1980-223-6.jpg"
  ],
  "constituents": null,
  "department": "The Cloisters",
  "objectName": "Roundel",
  "title": "Roundel with Playing at Quintain",
  "culture": "French",
  "period": "",
  "dynasty": "",
  "reign": "",
  "portfolio": "",
  "artistRole": "",
  "artistPrefix": "",
  "artistDisplayName": "",
  "artistDisplayBio": "",
  "artistSuffix": "",
  "artistAlphaSort": "",
  "artistNationality": "",
  "artistBeginDate": "",
  "artistEndDate": "",
  "artistGender": "",
  "artistWikidata_URL": "",
  "artistULAN_URL": "",
  "objectDate": "ca. 1500",
  "objectBeginDate": 1500,
  "objectEndDate": 1500,
  "medium": "Colorless glass, vitreous paint and silver stain",
  "dimensions": "Overall: 8 3/8 in. (21.3 cm)",
  "measurements": [
    {
      "elementName": "Overall",
      "elementDescription": null,
      "elementMeasurements": {
        "Diameter": 21.2725
      }
    }
  ],
  "creditLine": "The Cloisters Collection, 1980",
  "geographyType": "Made in",
  "city": "possibly Paris",
  "state": "",
  "county": "",
  "country": "France",
  "region": "",
  "subregion": "",
  "locale": "",
  "locus": "",
  "excavation": "",
  "river": "",
  "classification": "Glass-Stained",
  "rightsAndReproduction": "",
  "linkResource": "",
  "metadataDate": "2021-11-09T04:35:24.483Z",
  "repository": "Metropolitan Museum of Art, New York, NY",
  "objectURL": "https://www.metmuseum.org/art/collection/search/469853",
  "tags": [
    {
      "term": "Women",
      "AAT_URL": "http://vocab.getty.edu/page/aat/300025943",
      "Wikidata_URL": "https://www.wikidata.org/wiki/Q467"
    },
    {
      "term": "Dogs",
      "AAT_URL": "http://vocab.getty.edu/page/aat/300265714",
      "Wikidata_URL": "https://www.wikidata.org/wiki/Q144"
    },
    {
      "term": "Sheep",
      "AAT_URL": "http://vocab.getty.edu/page/aat/300250284",
      "Wikidata_URL": "https://www.wikidata.org/wiki/Q7368"
    },
    {
      "term": "Games",
      "AAT_URL": "http://vocab.getty.edu/page/aat/300069657",
      "Wikidata_URL": "https://www.wikidata.org/wiki/Q11410"
    }
  ],
  "objectWikidata_URL": "https://www.wikidata.org/wiki/Q20201369",
  "isTimelineWork": true,
  "GalleryNumber": "010",
  "prov": "[ L.P. Bresset et Fils, Paris (sold 1980)]"
}