{
  "objectID": 469839,
  "isHighlight": false,
  "accessionNumber": "1978.408.1",
  "accessionYear": "1978",
  "isPublicDomain": true,
  "primaryImage": "https://images.metmuseum.org/CRDImages/cl/original/DT10162.jpg",
  "primaryImageSmall": "https://images.metmuseum.org/CRDImages/cl/web-large/DT10162.jpg",
  "additionalImages": [],
  "constituents": null,
  "department": "The Cloisters",
  "objectName": "Border",
  "title": "Fragment of a Border",
  "culture": "French",
  "period": "",
  "dynasty": "",
  "reign": "",
  "portfolio": "",
  "artistRole": "",
  "artistPrefix": "",
  "artistDisplayName": "",
  "artistDisplayBio": "",
  "artistSuffix": "",
  "artistAlphaSort": "",
  "artistNationality": "",
  "artistBeginDate": "",
  "artistEndDate": "",
  "artistGender": "",
  "artistWikidata_URL": "",
  "artistULAN_URL": "",
  "objectDate": "ca. 1185\u20131205",
  "objectBeginDate": 1185,
  "objectEndDate": 1205,
  "medium": "Pot-metal glass with vitreous paint",
  "dimensions": "Overall: 8 5/8 x 24 3/8in. (21.9 x 61.9cm)",
  "measurements": [
    {
      "elementName": "Overall",
      "elementDescription": null,
      "elementMeasurements": {
        "Height": 21.9,
        "Width": 61.9
      }
    }
  ],
  "creditLine": "The Cloisters Collection, 1978",
  "geographyType": "Made in",
  "city": "Braine or Reims (?)",
  "state": "",
  "county": "",
  "country": "",
  "region": "",
  "subregion": "",
  "locale": "",
  "locus": "",
  "excavation": "",
  "river": "",
  "classification": "Glass-Stained",
  "rightsAndReproduction": "",
  "linkResource": "",
  "metadataDate": "2021-11-09T04:35:24.483Z",
  "repository": "Metropolitan Museum of Art, New York, NY",
  "objectURL": "https://www.metmuseum.org/art/collection/search/469839",
  "tags": null,
  "objectWikidata_URL": "https://www.wikidata.org/wiki/Q20201054",
  "isTimelineWork": false,
  "GalleryNumber": "008",
  "prov": "From the abbey church of Saint-Yved, Braine or the abbey church of Saint-Remi, Reims\r\n; [ Brimo de Laroussilhe, Paris (sold 1978)]"
}