{
  "objectID": 469864,
  "isHighlight": false,
  "accessionNumber": "1982.191",
  "accessionYear": "1982",
  "isPublicDomain": true,
  "primaryImage": "https://images.metmuseum.org/CRDImages/cl/original/cdi1982-191.jpg",
  "primaryImageSmall": "https://images.metmuseum.org/CRDImages/cl/web-large/cdi1982-191.jpg",
  "additionalImages": [],
  "constituents": null,
  "department": "The Cloisters",
  "objectName": "Drawing",
  "title": "Coronation of the Virgin",
  "culture": "South Netherlandish",
  "period": "",
  "dynasty": "",
  "reign": "",
  "portfolio": "",
  "artistRole": "",
  "artistPrefix": "",
  "artistDisplayName": "",
  "artistDisplayBio": "",
  "artistSuffix": "",
  "artistAlphaSort": "",
  "artistNationality": "",
  "artistBeginDate": "",
  "artistEndDate": "",
  "artistGender": "",
  "artistWikidata_URL": "",
  "artistULAN_URL": "",
  "objectDate": "ca. 1500",
  "objectBeginDate": 1450,
  "objectEndDate": 1550,
  "medium": "Pen and ink with wash on paper",
  "dimensions": "Diam.: 8 1/16 in. (20.4 cm)",
  "measurements": [
    {
      "elementName": "Other",
      "elementDescription": null,
      "elementMeasurements": {
        "Diameter": 20.4
      }
    },
    {
      "elementName": "Overall",
      "elementDescription": null,
      "elementMeasurements": {
        "Height": 0.81
      }
    }
  ],
  "creditLine": "The Cloisters Collection, Gift of Mrs. Sibyll  Kummer-Rothenhausler, 1982",
  "geographyType": "",
  "city": "",
  "state": "",
  "county": "",
  "country": "",
  "region": "",
  "subregion": "",
  "locale": "",
  "locus": "",
  "excavation": "",
  "river": "",
  "classification": "Miscellaneous-Paper",
  "rightsAndReproduction": "",
  "linkResource": "",
  "metadataDate": "2021-11-09T04:35:24.483Z",
  "repository": "Metropolitan Museum of Art, New York, NY",
  "objectURL": "https://www.metmuseum.org/art/collection/search/469864",
  "tags": [
    {
      "term": "God the Father",
      "AAT_URL": "http://vocab.getty.edu/page/ia/901000593",
      "Wikidata_URL": "https://www.wikidata.org/wiki/Q186350"
    },
    {
      "term": "Doves",
      "AAT_URL": "http://vocab.getty.edu/page/aat/300250045",
      "Wikidata_URL": "https://www.wikidata.org/wiki/Q2984138"
    },
    {
      "term": "Virgin Mary",
      "AAT_URL": "http://vocab.getty.edu/page/ia/901000032",
      "Wikidata_URL": "https://www.wikidata.org/wiki/Q345"
    }
  ],
  "objectWikidata_URL": "",
  "isTimelineWork": false,
  "GalleryNumber": "",
  "prov": "[ Galerie f\u00fcr Glasmalerei (sold 1982) ]"
}