{
  "objectID": 469845,
  "isHighlight": false,
  "accessionNumber": "1980.32.1",
  "accessionYear": "1980",
  "isPublicDomain": true,
  "primaryImage": "https://images.metmuseum.org/CRDImages/cl/original/cdi1980-32-1.jpg",
  "primaryImageSmall": "https://images.metmuseum.org/CRDImages/cl/web-large/cdi1980-32-1.jpg",
  "additionalImages": [
    "https://images.metmuseum.org/CRDImages/cl/original/cdi1980-32-1s2.jpg"
  ],
  "constituents": null,
  "department": "The Cloisters",
  "objectName": "Horse trapping",
  "title": "Horse Trappings",
  "culture": "Spanish",
  "period": "",
  "dynasty": "",
  "reign": "",
  "portfolio": "",
  "artistRole": "",
  "artistPrefix": "",
  "artistDisplayName": "",
  "artistDisplayBio": "",
  "artistSuffix": "",
  "artistAlphaSort": "",
  "artistNationality": "",
  "artistBeginDate": "",
  "artistEndDate": "",
  "artistGender": "",
  "artistWikidata_URL": "",
  "artistULAN_URL": "",
  "objectDate": "14th century",
  "objectBeginDate": 1299,
  "objectEndDate": 1399,
  "medium": "Copper alloy, gilded copper and traces of enamel",
  "dimensions": "Overall: 1 3/8 x 2 3/8in. (3.5 x 6cm)",
  "measurements": [
    {
      "elementName": "Overall",
      "elementDescription": null,
      "elementMeasurements": {
        "Height": 3.5,
        "Width": 6
      }
    }
  ],
  "creditLine": "Gift of Ruth Blumka, 1980",
  "geographyType": "Made in",
  "city": "",
  "state": "",
  "county": "",
  "country": "Spain",
  "region": "Catalonia",
  "subregion": "",
  "locale": "",
  "locus": "",
  "excavation": "",
  "river": "",
  "classification": "Metalwork-Copper",
  "rightsAndReproduction": "",
  "linkResource": "",
  "metadataDate": "2021-11-09T04:35:24.483Z",
  "repository": "Metropolitan Museum of Art, New York, NY",
  "objectURL": "https://www.metmuseum.org/art/collection/search/469845",
  "tags": null,
  "objectWikidata_URL": "",
  "isTimelineWork": false,
  "GalleryNumber": "",
  "prov": "[ Brummer Gallery, Paris and New York] ; [ Blumka Gallery, New York (sold 1980)]"
}