{
  "objectID": 469848,
  "isHighlight": false,
  "accessionNumber": "1980.223.1",
  "accessionYear": "1980",
  "isPublicDomain": true,
  "primaryImage": "https://images.metmuseum.org/CRDImages/cl/original/cdi1980-223-1.jpg",
  "primaryImageSmall": "https://images.metmuseum.org/CRDImages/cl/web-large/cdi1980-223-1.jpg",
  "additionalImages": [],
  "constituents": null,
  "department": "The Cloisters",
  "objectName": "Roundel",
  "title": "Roundel with Saint Mark",
  "culture": "North Netherlandish",
  "period": "",
  "dynasty": "",
  "reign": "",
  "portfolio": "",
  "artistRole": "",
  "artistPrefix": "",
  "artistDisplayName": "",
  "artistDisplayBio": "",
  "artistSuffix": "",
  "artistAlphaSort": "",
  "artistNationality": "",
  "artistBeginDate": "",
  "artistEndDate": "",
  "artistGender": "",
  "artistWikidata_URL": "",
  "artistULAN_URL": "",
  "objectDate": "ca. 1500",
  "objectBeginDate": 1500,
  "objectEndDate": 1500,
  "medium": "Colorless glass, vitreous paint and silver stain",
  "dimensions": "Overall: 9 1/4 in. (23.5 cm)",
  "measurements": [
    {
      "elementName": "Overall",
      "elementDescription": null,
      "elementMeasurements": {
        "Diameter": 23.5
      }
    }
  ],
  "creditLine": "The Cloisters Collection, 1980",
  "geographyType": "",
  "city": "",
  "state": "",
  "county": "",
  "country": "",
  "region": "",
  "subregion": "",
  "locale": "",
  "locus": "",
  "excavation": "",
  "river": "",
  "classification": "Glass-Stained",
  "rightsAndReproduction": "",
  "linkResource": "",
  "metadataDate": "2021-11-09T04:35:24.483Z",
  "repository": "Metropolitan Museum of Art, New York, NY",
  "objectURL": "https://www.metmuseum.org/art/collection/search/469848",
  "tags": [
    {
      "term": "Saint Mark",
      "AAT_URL": "http://vocab.getty.edu/page/ia/901000495",
      "Wikidata_URL": "https://www.wikidata.org/wiki/Q31966"
    },
    {
      "term": "Men",
      "AAT_URL": "http://vocab.getty.edu/page/aat/300025928",
      "Wikidata_URL": "https://www.wikidata.org/wiki/Q8441"
    },
    {
      "term": "Lions",
      "AAT_URL": "http://vocab.getty.edu/page/aat/300310388",
      "Wikidata_URL": "https://www.wikidata.org/wiki/Q140"
    }
  ],
  "objectWikidata_URL": "https://www.wikidata.org/wiki/Q20201485",
  "isTimelineWork": false,
  "GalleryNumber": "010",
  "prov": "[ L.P. Bresset et Fils, Paris (sold 1980)]"
}