{
  "objectID": 469999,
  "isHighlight": false,
  "accessionNumber": "1982.204.3",
  "accessionYear": "1982",
  "isPublicDomain": true,
  "primaryImage": "https://images.metmuseum.org/CRDImages/cl/original/cdi1982-204-3.jpg",
  "primaryImageSmall": "https://images.metmuseum.org/CRDImages/cl/web-large/cdi1982-204-3.jpg",
  "additionalImages": [
    "https://images.metmuseum.org/CRDImages/cl/original/cdi1982-204-3inst.jpg"
  ],
  "constituents": null,
  "department": "The Cloisters",
  "objectName": "Panel",
  "title": "Grisaille Panel",
  "culture": "French",
  "period": "",
  "dynasty": "",
  "reign": "",
  "portfolio": "",
  "artistRole": "",
  "artistPrefix": "",
  "artistDisplayName": "",
  "artistDisplayBio": "",
  "artistSuffix": "",
  "artistAlphaSort": "",
  "artistNationality": "",
  "artistBeginDate": "",
  "artistEndDate": "",
  "artistGender": "",
  "artistWikidata_URL": "",
  "artistULAN_URL": "",
  "objectDate": "1270\u201380",
  "objectBeginDate": 1270,
  "objectEndDate": 1280,
  "medium": "White and pot-metal glass and vitreous paint, silver stain",
  "dimensions": "Overall: 22 x 20 1/4in. (55.9 x 51.4cm)",
  "measurements": [
    {
      "elementName": "Overall",
      "elementDescription": null,
      "elementMeasurements": {
        "Height": 55.9,
        "Width": 51.4
      }
    }
  ],
  "creditLine": "The Cloisters Collection, 1982",
  "geographyType": "Made in",
  "city": "",
  "state": "S\u00e9es",
  "county": "",
  "country": "France",
  "region": "",
  "subregion": "",
  "locale": "",
  "locus": "",
  "excavation": "",
  "river": "",
  "classification": "Glass-Stained",
  "rightsAndReproduction": "",
  "linkResource": "",
  "metadataDate": "2021-11-09T04:35:24.483Z",
  "repository": "Metropolitan Museum of Art, New York, NY",
  "objectURL": "https://www.metmuseum.org/art/collection/search/469999",
  "tags": null,
  "objectWikidata_URL": "https://www.wikidata.org/wiki/Q20201316",
  "isTimelineWork": false,
  "GalleryNumber": "004",
  "prov": "From the Choir Chapel of Mary Magdalene, Cathedral of Saint-Gervais and Saint-Protais, S\u00e9es\r\n; Charles Lepr\u00e9vost, Paris (?) ; Michel Ac\u00e9zat Paris, Paris ; [ H\u00f4tel Drouot, Paris (November 24-25, 1969, lots 22 & 23) ] ; Michael Meyer, Paris ; [ Sibyll Kummer-Rothenh\u00e4usler, Galerie f\u00fcr Glasmaleriei, Zurich (sold 1982) ]"
}