{
  "objectID": 469971,
  "isHighlight": false,
  "accessionNumber": "1986.77.5",
  "accessionYear": "1986",
  "isPublicDomain": true,
  "primaryImage": "https://images.metmuseum.org/CRDImages/cl/original/cdi1986-77-5.jpg",
  "primaryImageSmall": "https://images.metmuseum.org/CRDImages/cl/web-large/cdi1986-77-5.jpg",
  "additionalImages": [
    "https://images.metmuseum.org/CRDImages/cl/original/cdi1986-77-5s2.jpg"
  ],
  "constituents": null,
  "department": "The Cloisters",
  "objectName": "Pilgrim's badge",
  "title": "Pilgrim's Badge in the form of a solar disk",
  "culture": "French",
  "period": "",
  "dynasty": "",
  "reign": "",
  "portfolio": "",
  "artistRole": "",
  "artistPrefix": "",
  "artistDisplayName": "",
  "artistDisplayBio": "",
  "artistSuffix": "",
  "artistAlphaSort": "",
  "artistNationality": "",
  "artistBeginDate": "",
  "artistEndDate": "",
  "artistGender": "",
  "artistWikidata_URL": "",
  "artistULAN_URL": "",
  "objectDate": "14th and 15th century",
  "objectBeginDate": 1300,
  "objectEndDate": 1499,
  "medium": "Lead",
  "dimensions": "Overall: 1/16in. (0.1cm)\r\n1in. (2.5cm)",
  "measurements": [
    {
      "elementName": "Other",
      "elementDescription": null,
      "elementMeasurements": {
        "Diameter": 2.5
      }
    },
    {
      "elementName": "Overall",
      "elementDescription": null,
      "elementMeasurements": {
        "Height": 0.1
      }
    }
  ],
  "creditLine": "The Cloisters Collection, 1986",
  "geographyType": "Made in",
  "city": "Amiens (?)",
  "state": "",
  "county": "",
  "country": "France",
  "region": "",
  "subregion": "",
  "locale": "",
  "locus": "",
  "excavation": "",
  "river": "",
  "classification": "Metalwork-Lead",
  "rightsAndReproduction": "",
  "linkResource": "",
  "metadataDate": "2021-07-16T04:41:38.683Z",
  "repository": "Metropolitan Museum of Art, New York, NY",
  "objectURL": "https://www.metmuseum.org/art/collection/search/469971",
  "tags": null,
  "objectWikidata_URL": "",
  "isTimelineWork": false,
  "GalleryNumber": "",
  "prov": "Mrs. Allen Williams ; Reverend Thomas Welton ; Lawrence Feinberg (sold 1986)"
}