{
  "objectID": 469993,
  "isHighlight": false,
  "accessionNumber": "1982.433.1",
  "accessionYear": "1982",
  "isPublicDomain": true,
  "primaryImage": "https://images.metmuseum.org/CRDImages/cl/original/cdi1982-433-1.jpg",
  "primaryImageSmall": "https://images.metmuseum.org/CRDImages/cl/web-large/cdi1982-433-1.jpg",
  "additionalImages": [],
  "constituents": null,
  "department": "The Cloisters",
  "objectName": "Panel",
  "title": "Grisaille Panel",
  "culture": "French",
  "period": "",
  "dynasty": "",
  "reign": "",
  "portfolio": "",
  "artistRole": "",
  "artistPrefix": "",
  "artistDisplayName": "",
  "artistDisplayBio": "",
  "artistSuffix": "",
  "artistAlphaSort": "",
  "artistNationality": "",
  "artistBeginDate": "",
  "artistEndDate": "",
  "artistGender": "",
  "artistWikidata_URL": "",
  "artistULAN_URL": "",
  "objectDate": "1250\u201370",
  "objectBeginDate": 1250,
  "objectEndDate": 1270,
  "medium": "White and pot-metal glass with vitreous paint",
  "dimensions": "23 1/2 x 18 1/2 in.  (59.7 x 47.0 cm)",
  "measurements": [
    {
      "elementName": "Overall",
      "elementDescription": null,
      "elementMeasurements": {
        "Height": 59.7,
        "Width": 47
      }
    }
  ],
  "creditLine": "The Cloisters Collection, 1982",
  "geographyType": "Made in",
  "city": "",
  "state": "Bourges",
  "county": "",
  "country": "France",
  "region": "",
  "subregion": "",
  "locale": "",
  "locus": "",
  "excavation": "",
  "river": "",
  "classification": "Glass-Stained",
  "rightsAndReproduction": "",
  "linkResource": "",
  "metadataDate": "2021-11-09T04:35:24.483Z",
  "repository": "Metropolitan Museum of Art, New York, NY",
  "objectURL": "https://www.metmuseum.org/art/collection/search/469993",
  "tags": null,
  "objectWikidata_URL": "https://www.wikidata.org/wiki/Q20201308",
  "isTimelineWork": false,
  "GalleryNumber": "",
  "prov": "From the southeast nave clerestory of the Cathedral of Saint-Etienne, Bourges; Bacri Fr\u00e8res ; Michel Ac\u00e9zat Paris ; H\u00f4tel Drouot, Paris (November 24-25, 1969, no. 39) ; [ Galerie f\u00fcr Glasmalerei, Zurich (sold 1982)] ; Sibyll Kummer-Rothenh\u00e4usler"
}