{
  "objectID": 469995,
  "isHighlight": false,
  "accessionNumber": "1991.144.2a-g",
  "accessionYear": "1991",
  "isPublicDomain": true,
  "primaryImage": "https://images.metmuseum.org/CRDImages/cl/original/cdi1991-144-2a-g.jpg",
  "primaryImageSmall": "https://images.metmuseum.org/CRDImages/cl/web-large/cdi1991-144-2a-g.jpg",
  "additionalImages": [],
  "constituents": null,
  "department": "The Cloisters",
  "objectName": "Surrounds",
  "title": "Surrounds",
  "culture": "British",
  "period": "",
  "dynasty": "",
  "reign": "",
  "portfolio": "",
  "artistRole": "",
  "artistPrefix": "",
  "artistDisplayName": "",
  "artistDisplayBio": "",
  "artistSuffix": "",
  "artistAlphaSort": "",
  "artistNationality": "",
  "artistBeginDate": "",
  "artistEndDate": "",
  "artistGender": "",
  "artistWikidata_URL": "",
  "artistULAN_URL": "",
  "objectDate": "ca. 1320\u201340",
  "objectBeginDate": 1320,
  "objectEndDate": 1340,
  "medium": "White glass, silver stain",
  "dimensions": "Diam. with surrounds: 11 3/8 in. (29.1 cm)\r\nDiam. with border: 7 15/16 in. (20.1 cm)",
  "measurements": [
    {
      "elementName": "Overall",
      "elementDescription": null,
      "elementMeasurements": {
        "Height": 0.113
      }
    }
  ],
  "creditLine": "The Cloisters Collection, 1991",
  "geographyType": "Made in",
  "city": "",
  "state": "York (?)",
  "county": "",
  "country": "England",
  "region": "",
  "subregion": "",
  "locale": "",
  "locus": "",
  "excavation": "",
  "river": "",
  "classification": "Glass-Stained",
  "rightsAndReproduction": "",
  "linkResource": "",
  "metadataDate": "2021-03-30T04:40:03.88Z",
  "repository": "Metropolitan Museum of Art, New York, NY",
  "objectURL": "https://www.metmuseum.org/art/collection/search/469995",
  "tags": null,
  "objectWikidata_URL": "",
  "isTimelineWork": false,
  "GalleryNumber": "",
  "prov": "[ W. Bastiaan Blok, Noordwijk, The Netherlands (sold 1991)]"
}