{
  "objectID": 469970,
  "isHighlight": false,
  "accessionNumber": "1986.77.4",
  "accessionYear": "1986",
  "isPublicDomain": true,
  "primaryImage": "https://images.metmuseum.org/CRDImages/cl/original/cdi1986-77-4.jpg",
  "primaryImageSmall": "https://images.metmuseum.org/CRDImages/cl/web-large/cdi1986-77-4.jpg",
  "additionalImages": [
    "https://images.metmuseum.org/CRDImages/cl/original/cdi1986-77-4s2.jpg"
  ],
  "constituents": null,
  "department": "The Cloisters",
  "objectName": "Pilgrim's badge",
  "title": "Pilgrim's Badge with head of Saint Thomas \u00e0 Becket",
  "culture": "British",
  "period": "",
  "dynasty": "",
  "reign": "",
  "portfolio": "",
  "artistRole": "",
  "artistPrefix": "",
  "artistDisplayName": "",
  "artistDisplayBio": "",
  "artistSuffix": "",
  "artistAlphaSort": "",
  "artistNationality": "",
  "artistBeginDate": "",
  "artistEndDate": "",
  "artistGender": "",
  "artistWikidata_URL": "",
  "artistULAN_URL": "",
  "objectDate": "15th century",
  "objectBeginDate": 1400,
  "objectEndDate": 1499,
  "medium": "Tin-lead alloy",
  "dimensions": "Overall: 15/16 x 1/16 in. (2.4 x 0.2 cm)",
  "measurements": [
    {
      "elementName": "Overall",
      "elementDescription": null,
      "elementMeasurements": {
        "Depth": 0.2,
        "Diameter": 2.4
      }
    }
  ],
  "creditLine": "The Cloisters Collection, 1986",
  "geographyType": "Made in",
  "city": "Canterbury",
  "state": "",
  "county": "",
  "country": "England",
  "region": "",
  "subregion": "",
  "locale": "",
  "locus": "",
  "excavation": "",
  "river": "",
  "classification": "Metalwork-Lead",
  "rightsAndReproduction": "",
  "linkResource": "",
  "metadataDate": "2021-11-10T04:35:50.447Z",
  "repository": "Metropolitan Museum of Art, New York, NY",
  "objectURL": "https://www.metmuseum.org/art/collection/search/469970",
  "tags": [
    {
      "term": "Saints",
      "AAT_URL": "http://vocab.getty.edu/page/aat/300150555",
      "Wikidata_URL": "https://www.wikidata.org/wiki/Q43115"
    }
  ],
  "objectWikidata_URL": "",
  "isTimelineWork": false,
  "GalleryNumber": "014",
  "prov": "Mrs. Allen Williams, London ; Reverend Thomas Welton, Upper Clapton, London ; Lawrence Feinberg (sold 1986)"
}