{
  "objectID": 469957,
  "isHighlight": false,
  "accessionNumber": "1982.204.2",
  "accessionYear": "1982",
  "isPublicDomain": true,
  "primaryImage": "https://images.metmuseum.org/CRDImages/cl/original/sf1982-204-2.jpg",
  "primaryImageSmall": "https://images.metmuseum.org/CRDImages/cl/web-large/sf1982-204-2.jpg",
  "additionalImages": [
    "https://images.metmuseum.org/CRDImages/cl/original/DT207138.jpg"
  ],
  "constituents": null,
  "department": "The Cloisters",
  "objectName": "Panel",
  "title": "Grisaille Panel",
  "culture": "French",
  "period": "",
  "dynasty": "",
  "reign": "",
  "portfolio": "",
  "artistRole": "",
  "artistPrefix": "",
  "artistDisplayName": "",
  "artistDisplayBio": "",
  "artistSuffix": "",
  "artistAlphaSort": "",
  "artistNationality": "",
  "artistBeginDate": "",
  "artistEndDate": "",
  "artistGender": "",
  "artistWikidata_URL": "",
  "artistULAN_URL": "",
  "objectDate": "ca. 1240",
  "objectBeginDate": 1235,
  "objectEndDate": 1245,
  "medium": "White glass with vitreous paint",
  "dimensions": "Overall: 23 x 22 1/8in. (58.4 x 56.2cm)",
  "measurements": [
    {
      "elementName": "Overall",
      "elementDescription": null,
      "elementMeasurements": {
        "Height": 58.4,
        "Width": 56.2
      }
    }
  ],
  "creditLine": "The Cloisters Collection, 1982",
  "geographyType": "Made in",
  "city": "Auxerre",
  "state": "",
  "county": "",
  "country": "France",
  "region": "",
  "subregion": "",
  "locale": "",
  "locus": "",
  "excavation": "",
  "river": "",
  "classification": "Glass-Stained",
  "rightsAndReproduction": "",
  "linkResource": "",
  "metadataDate": "2021-11-09T04:35:24.483Z",
  "repository": "Metropolitan Museum of Art, New York, NY",
  "objectURL": "https://www.metmuseum.org/art/collection/search/469957",
  "tags": null,
  "objectWikidata_URL": "https://www.wikidata.org/wiki/Q20201291",
  "isTimelineWork": false,
  "GalleryNumber": "008",
  "prov": "From the axial chapel of the Virgin, Cathedral of Saint-\u00c9tienne, Auxerre; Charles Lepr\u00e9vost, Paris (?) ; Michel Ac\u00e9zat Paris ; [ H\u00f4tel Drouot, Paris (November 24-25, 1969, lots 22 & 23) ] ; Michael Meyer, Paris ; [ Sibyll Kummer-Rothenh\u00e4usler, Galerie f\u00fcr Glasmaleriei, Zurich (sold 1982) ]"
}