{
  "objectID": 469994,
  "isHighlight": false,
  "accessionNumber": "1982.433.2",
  "accessionYear": "1982",
  "isPublicDomain": true,
  "primaryImage": "https://images.metmuseum.org/CRDImages/cl/original/cdi1982-433-2.jpg",
  "primaryImageSmall": "https://images.metmuseum.org/CRDImages/cl/web-large/cdi1982-433-2.jpg",
  "additionalImages": [],
  "constituents": null,
  "department": "The Cloisters",
  "objectName": "Panel",
  "title": "Panel",
  "culture": "French",
  "period": "",
  "dynasty": "",
  "reign": "",
  "portfolio": "",
  "artistRole": "",
  "artistPrefix": "",
  "artistDisplayName": "",
  "artistDisplayBio": "",
  "artistSuffix": "",
  "artistAlphaSort": "",
  "artistNationality": "",
  "artistBeginDate": "",
  "artistEndDate": "",
  "artistGender": "",
  "artistWikidata_URL": "",
  "artistULAN_URL": "",
  "objectDate": "1260\u201370",
  "objectBeginDate": 1260,
  "objectEndDate": 1270,
  "medium": "White and pot-metal glass with vitreous paint",
  "dimensions": "Overall: 23 5/8 x 18in. (60 x 45.7cm)",
  "measurements": [
    {
      "elementName": "Overall",
      "elementDescription": null,
      "elementMeasurements": {
        "Height": 60,
        "Width": 45.7
      }
    }
  ],
  "creditLine": "The Cloisters Collection, 1982",
  "geographyType": "",
  "city": "",
  "state": "",
  "county": "",
  "country": "",
  "region": "",
  "subregion": "",
  "locale": "",
  "locus": "",
  "excavation": "",
  "river": "",
  "classification": "Glass-Stained",
  "rightsAndReproduction": "",
  "linkResource": "",
  "metadataDate": "2021-11-09T04:35:24.483Z",
  "repository": "Metropolitan Museum of Art, New York, NY",
  "objectURL": "https://www.metmuseum.org/art/collection/search/469994",
  "tags": null,
  "objectWikidata_URL": "https://www.wikidata.org/wiki/Q20201302",
  "isTimelineWork": false,
  "GalleryNumber": "",
  "prov": "Bacri Fr\u00e8res, Paris ; Michel Ac\u00e9zat Paris, Paris ; [ H\u00f4tel Drouot, Paris (November 24-25, 1969, lot 39) ] ; [ Galerie f\u00fcr Glasmalerei, Zurich (sold 1982)]"
}