{
  "objectID": 469998,
  "isHighlight": false,
  "accessionNumber": "1982.204.7",
  "accessionYear": "1982",
  "isPublicDomain": true,
  "primaryImage": "https://images.metmuseum.org/CRDImages/cl/original/cdi1982-204-7.jpg",
  "primaryImageSmall": "https://images.metmuseum.org/CRDImages/cl/web-large/cdi1982-204-7.jpg",
  "additionalImages": [],
  "constituents": null,
  "department": "The Cloisters",
  "objectName": "Panel",
  "title": "Grisalle Glass Panel",
  "culture": "French",
  "period": "",
  "dynasty": "",
  "reign": "",
  "portfolio": "",
  "artistRole": "",
  "artistPrefix": "",
  "artistDisplayName": "",
  "artistDisplayBio": "",
  "artistSuffix": "",
  "artistAlphaSort": "",
  "artistNationality": "",
  "artistBeginDate": "",
  "artistEndDate": "",
  "artistGender": "",
  "artistWikidata_URL": "",
  "artistULAN_URL": "",
  "objectDate": "1250\u201370",
  "objectBeginDate": 1250,
  "objectEndDate": 1270,
  "medium": "White glass with vitreous paint",
  "dimensions": "Overall: 11 3/8 x 17 3/4in. (28.9 x 45.1cm)",
  "measurements": [
    {
      "elementName": "Overall",
      "elementDescription": null,
      "elementMeasurements": {
        "Height": 28.9,
        "Width": 45.1
      }
    }
  ],
  "creditLine": "The Cloisters Collection, 1982",
  "geographyType": "Made in",
  "city": "",
  "state": "Bourges",
  "county": "",
  "country": "France",
  "region": "",
  "subregion": "",
  "locale": "",
  "locus": "",
  "excavation": "",
  "river": "",
  "classification": "Glass-Stained",
  "rightsAndReproduction": "",
  "linkResource": "",
  "metadataDate": "2021-11-09T04:35:24.483Z",
  "repository": "Metropolitan Museum of Art, New York, NY",
  "objectURL": "https://www.metmuseum.org/art/collection/search/469998",
  "tags": null,
  "objectWikidata_URL": "https://www.wikidata.org/wiki/Q20201312",
  "isTimelineWork": false,
  "GalleryNumber": "",
  "prov": "From the nave clerestory of the Cathedral of Saint-\u00c9tienne, Bourges; Charles Lepr\u00e9vost, Paris (?) ; Michel Ac\u00e9zat Paris, Paris ; [ H\u00f4tel Drouot, Paris (November 24-25, 1969, lots 22 & 23) ] ; Michael Meyer, Paris ; [ Sibyll Kummer-Rothenh\u00e4usler, Galerie f\u00fcr Glasmaleriei, Zurich (sold 1982) ]"
}