{
  "objectID": 469989,
  "isHighlight": false,
  "accessionNumber": "1980.214.4",
  "accessionYear": "1980",
  "isPublicDomain": true,
  "primaryImage": "https://images.metmuseum.org/CRDImages/cl/original/cfx1980-214-4s1b.jpg",
  "primaryImageSmall": "https://images.metmuseum.org/CRDImages/cl/web-large/cfx1980-214-4s1b.jpg",
  "additionalImages": [],
  "constituents": null,
  "department": "The Cloisters",
  "objectName": "Roundel",
  "title": "Armorial Roundel",
  "culture": "German",
  "period": "",
  "dynasty": "",
  "reign": "",
  "portfolio": "",
  "artistRole": "",
  "artistPrefix": "",
  "artistDisplayName": "",
  "artistDisplayBio": "",
  "artistSuffix": "",
  "artistAlphaSort": "",
  "artistNationality": "",
  "artistBeginDate": "",
  "artistEndDate": "",
  "artistGender": "",
  "artistWikidata_URL": "",
  "artistULAN_URL": "",
  "objectDate": "ca. 1500",
  "objectBeginDate": 1497,
  "objectEndDate": 1503,
  "medium": "Pot-metal glass, vitreous paint, and silver stain",
  "dimensions": "Diam. 8 3/4 in. (22.3 cm)",
  "measurements": null,
  "creditLine": "The Cloisters Collection, 1980",
  "geographyType": "Made in",
  "city": "",
  "state": "Middle Rhineland",
  "county": "",
  "country": "Germany",
  "region": "",
  "subregion": "",
  "locale": "",
  "locus": "",
  "excavation": "",
  "river": "",
  "classification": "Glass-Stained",
  "rightsAndReproduction": "",
  "linkResource": "",
  "metadataDate": "2021-11-09T04:35:24.483Z",
  "repository": "Metropolitan Museum of Art, New York, NY",
  "objectURL": "https://www.metmuseum.org/art/collection/search/469989",
  "tags": [
    {
      "term": "Coat of Arms",
      "AAT_URL": "http://vocab.getty.edu/page/aat/300126352",
      "Wikidata_URL": "https://www.wikidata.org/wiki/Q14659"
    }
  ],
  "objectWikidata_URL": "https://www.wikidata.org/wiki/Q20201352",
  "isTimelineWork": false,
  "GalleryNumber": "019",
  "prov": "From Schlo\u00df Niederburg, Gondorf.\r\n; Baroness Angelica von Liebieg, Gondorf, Germany ; [ Galerie f\u00fcr Glasmalerei, Zurich (sold 1980)]"
}