{
  "objectID": 469911,
  "isHighlight": false,
  "accessionNumber": "1988.133",
  "accessionYear": "1988",
  "isPublicDomain": true,
  "primaryImage": "https://images.metmuseum.org/CRDImages/cl/original/DP159948.jpg",
  "primaryImageSmall": "https://images.metmuseum.org/CRDImages/cl/web-large/DP159948.jpg",
  "additionalImages": [
    "https://images.metmuseum.org/CRDImages/cl/original/DP159756.jpg"
  ],
  "constituents": null,
  "department": "The Cloisters",
  "objectName": "Medal",
  "title": "Medal\r\nObverse: Equestrian Portrait of Emperor Constantine (r. 307\u2013337)\r\nReverse: Allegory of Salvation",
  "culture": "French",
  "period": "",
  "dynasty": "",
  "reign": "",
  "portfolio": "",
  "artistRole": "",
  "artistPrefix": "",
  "artistDisplayName": "",
  "artistDisplayBio": "",
  "artistSuffix": "",
  "artistAlphaSort": "",
  "artistNationality": "",
  "artistBeginDate": "",
  "artistEndDate": "",
  "artistGender": "",
  "artistWikidata_URL": "",
  "artistULAN_URL": "",
  "objectDate": "ca. 1402\u201313 (model); 16th century (cast)",
  "objectBeginDate": 1400,
  "objectEndDate": 1600,
  "medium": "Copper alloy",
  "dimensions": "3 11/16 \u00d7 3/16 in., 5.908oz. (9.3 \u00d7 0.5 cm, 167.5g)",
  "measurements": [
    {
      "elementName": "Overall",
      "elementDescription": null,
      "elementMeasurements": {
        "Diameter": 9.3,
        "Thickness": 0.5,
        "Weight": 0.1675
      }
    }
  ],
  "creditLine": "Gift of Mr. and Mrs. Alain Moatti, 1988",
  "geographyType": "Made in",
  "city": "Paris",
  "state": "",
  "county": "",
  "country": "France",
  "region": "",
  "subregion": "",
  "locale": "",
  "locus": "",
  "excavation": "",
  "river": "",
  "classification": "Metalwork-Copper alloy",
  "rightsAndReproduction": "",
  "linkResource": "",
  "metadataDate": "2021-11-09T04:35:24.483Z",
  "repository": "Metropolitan Museum of Art, New York, NY",
  "objectURL": "https://www.metmuseum.org/art/collection/search/469911",
  "tags": [
    {
      "term": "Horse Riding",
      "AAT_URL": "http://vocab.getty.edu/page/aat/300249313",
      "Wikidata_URL": "https://www.wikidata.org/wiki/Q179226"
    },
    {
      "term": "Men",
      "AAT_URL": "http://vocab.getty.edu/page/aat/300025928",
      "Wikidata_URL": "https://www.wikidata.org/wiki/Q8441"
    }
  ],
  "objectWikidata_URL": "",
  "isTimelineWork": true,
  "GalleryNumber": "",
  "prov": "Mr. and Mrs. Alain Moatti, Paris (until 1988)"
}