{
  "objectID": 469946,
  "isHighlight": false,
  "accessionNumber": "1992.415",
  "accessionYear": "1992",
  "isPublicDomain": true,
  "primaryImage": "https://images.metmuseum.org/CRDImages/cl/original/cdi1992-415.jpg",
  "primaryImageSmall": "https://images.metmuseum.org/CRDImages/cl/web-large/cdi1992-415.jpg",
  "additionalImages": [],
  "constituents": null,
  "department": "The Cloisters",
  "objectName": "Roundel",
  "title": "Roundel with Allegorical Scene of Book Burning",
  "culture": "North Netherlandish",
  "period": "",
  "dynasty": "",
  "reign": "",
  "portfolio": "",
  "artistRole": "",
  "artistPrefix": "",
  "artistDisplayName": "",
  "artistDisplayBio": "",
  "artistSuffix": "",
  "artistAlphaSort": "",
  "artistNationality": "",
  "artistBeginDate": "",
  "artistEndDate": "",
  "artistGender": "",
  "artistWikidata_URL": "",
  "artistULAN_URL": "",
  "objectDate": "ca. 1520\u201330",
  "objectBeginDate": 1520,
  "objectEndDate": 1530,
  "medium": "Colorless glass, vitreous paint and silver stain",
  "dimensions": "Overall: 8 3/8 in. (21.3 cm)",
  "measurements": [
    {
      "elementName": "Overall",
      "elementDescription": null,
      "elementMeasurements": {
        "Diameter": 21.3
      }
    }
  ],
  "creditLine": "The Cloisters Collection, 1992",
  "geographyType": "",
  "city": "",
  "state": "",
  "county": "",
  "country": "",
  "region": "",
  "subregion": "",
  "locale": "",
  "locus": "",
  "excavation": "",
  "river": "",
  "classification": "Glass-Stained",
  "rightsAndReproduction": "",
  "linkResource": "",
  "metadataDate": "2021-11-09T04:35:24.483Z",
  "repository": "Metropolitan Museum of Art, New York, NY",
  "objectURL": "https://www.metmuseum.org/art/collection/search/469946",
  "tags": [
    {
      "term": "Books",
      "AAT_URL": "http://vocab.getty.edu/page/aat/300028051",
      "Wikidata_URL": "https://www.wikidata.org/wiki/Q571"
    },
    {
      "term": "Fire",
      "AAT_URL": "http://vocab.getty.edu/page/aat/300417275",
      "Wikidata_URL": "https://www.wikidata.org/wiki/Q3196"
    }
  ],
  "objectWikidata_URL": "https://www.wikidata.org/wiki/Q20201269",
  "isTimelineWork": false,
  "GalleryNumber": "010",
  "prov": "[ Blumka Gallery, New York (sold 1992)]"
}