{
  "objectID": 469941,
  "isHighlight": false,
  "accessionNumber": "1991.291.2",
  "accessionYear": "1991",
  "isPublicDomain": true,
  "primaryImage": "https://images.metmuseum.org/CRDImages/cl/original/cdi1991-291-2.jpg",
  "primaryImageSmall": "https://images.metmuseum.org/CRDImages/cl/web-large/cdi1991-291-2.jpg",
  "additionalImages": [],
  "constituents": null,
  "department": "The Cloisters",
  "objectName": "Roundel",
  "title": "Roundel with Martyrdom of Saint Jacobus Intercisus",
  "culture": "North Netherlandish or South Netherlandish",
  "period": "",
  "dynasty": "",
  "reign": "",
  "portfolio": "",
  "artistRole": "",
  "artistPrefix": "",
  "artistDisplayName": "",
  "artistDisplayBio": "",
  "artistSuffix": "",
  "artistAlphaSort": "",
  "artistNationality": "",
  "artistBeginDate": "",
  "artistEndDate": "",
  "artistGender": "",
  "artistWikidata_URL": "",
  "artistULAN_URL": "",
  "objectDate": "ca. 1520",
  "objectBeginDate": 1520,
  "objectEndDate": 1520,
  "medium": "Colorless glass, vitreous paint and silver stain",
  "dimensions": "Overall: 7 15/16 in. (20.2 cm)",
  "measurements": [
    {
      "elementName": "Overall",
      "elementDescription": null,
      "elementMeasurements": {
        "Diameter": 20.2
      }
    }
  ],
  "creditLine": "The Cloisters Collection, 1991",
  "geographyType": "Made in",
  "city": "",
  "state": "Leiden",
  "county": "",
  "country": "Netherlands",
  "region": "",
  "subregion": "",
  "locale": "",
  "locus": "",
  "excavation": "",
  "river": "",
  "classification": "Glass-Stained",
  "rightsAndReproduction": "",
  "linkResource": "",
  "metadataDate": "2021-11-09T04:35:24.483Z",
  "repository": "Metropolitan Museum of Art, New York, NY",
  "objectURL": "https://www.metmuseum.org/art/collection/search/469941",
  "tags": [
    {
      "term": "Suffering",
      "AAT_URL": "http://vocab.getty.edu/page/aat/300055184",
      "Wikidata_URL": "https://www.wikidata.org/wiki/Q5780945"
    },
    {
      "term": "Saints",
      "AAT_URL": "http://vocab.getty.edu/page/aat/300150555",
      "Wikidata_URL": "https://www.wikidata.org/wiki/Q43115"
    },
    {
      "term": "Men",
      "AAT_URL": "http://vocab.getty.edu/page/aat/300025928",
      "Wikidata_URL": "https://www.wikidata.org/wiki/Q8441"
    }
  ],
  "objectWikidata_URL": "https://www.wikidata.org/wiki/Q20201133",
  "isTimelineWork": false,
  "GalleryNumber": "010",
  "prov": "Galerie f\u00fcr Glasmalerei, Zurich (sold 1991)"
}