{
  "objectID": 469982,
  "isHighlight": false,
  "accessionNumber": "1983.236.7",
  "accessionYear": "1983",
  "isPublicDomain": true,
  "primaryImage": "https://images.metmuseum.org/CRDImages/cl/original/cdi1983-236-7.jpg",
  "primaryImageSmall": "https://images.metmuseum.org/CRDImages/cl/web-large/cdi1983-236-7.jpg",
  "additionalImages": [
    "https://images.metmuseum.org/CRDImages/cl/original/sfx1983-236-7s2.jpg"
  ],
  "constituents": null,
  "department": "The Cloisters",
  "objectName": "Tile",
  "title": "Tile, with helmeted knight on horseback",
  "culture": "British",
  "period": "",
  "dynasty": "",
  "reign": "",
  "portfolio": "",
  "artistRole": "",
  "artistPrefix": "",
  "artistDisplayName": "",
  "artistDisplayBio": "",
  "artistSuffix": "",
  "artistAlphaSort": "",
  "artistNationality": "",
  "artistBeginDate": "",
  "artistEndDate": "",
  "artistGender": "",
  "artistWikidata_URL": "",
  "artistULAN_URL": "",
  "objectDate": "14th or 15th century",
  "objectBeginDate": 1300,
  "objectEndDate": 1499,
  "medium": "Fired earthenware, with slip decoration and lead glaze",
  "dimensions": "Overall: 5in. (12.7cm)",
  "measurements": [
    {
      "elementName": "Overall",
      "elementDescription": null,
      "elementMeasurements": {
        "Height": 12.7
      }
    }
  ],
  "creditLine": "The Cloisters Collection, 1983",
  "geographyType": "Made in",
  "city": "",
  "state": "Nottingham",
  "county": "",
  "country": "England",
  "region": "",
  "subregion": "",
  "locale": "",
  "locus": "",
  "excavation": "",
  "river": "",
  "classification": "Ceramics-Tiles",
  "rightsAndReproduction": "",
  "linkResource": "",
  "metadataDate": "2021-03-30T04:40:03.88Z",
  "repository": "Metropolitan Museum of Art, New York, NY",
  "objectURL": "https://www.metmuseum.org/art/collection/search/469982",
  "tags": [
    {
      "term": "Horse Riding",
      "AAT_URL": "http://vocab.getty.edu/page/aat/300249313",
      "Wikidata_URL": "https://www.wikidata.org/wiki/Q179226"
    },
    {
      "term": "Knights",
      "AAT_URL": "http://vocab.getty.edu/page/aat/300230874",
      "Wikidata_URL": "https://www.wikidata.org/wiki/Q102083"
    }
  ],
  "objectWikidata_URL": "",
  "isTimelineWork": false,
  "GalleryNumber": "",
  "prov": "Reginald W. Cooper, Nottingham (sold 1983) ; [his sale, Neales, Nottingham (March 3, 1983)] ; [ Ronald A. Lee Fine Arts, Ltd., London (sold 1983)]"
}