{
  "objectID": 469937,
  "isHighlight": false,
  "accessionNumber": "1991.112.5a-d",
  "accessionYear": "1991",
  "isPublicDomain": true,
  "primaryImage": "https://images.metmuseum.org/CRDImages/cl/original/cdi1991-112-5a-d.jpg",
  "primaryImageSmall": "https://images.metmuseum.org/CRDImages/cl/web-large/cdi1991-112-5a-d.jpg",
  "additionalImages": [
    "https://images.metmuseum.org/CRDImages/cl/original/sfx1991-112-5a-ds2.jpg"
  ],
  "constituents": null,
  "department": "The Cloisters",
  "objectName": "Tiles",
  "title": "Four Two-Colored Tiles",
  "culture": "British",
  "period": "",
  "dynasty": "",
  "reign": "",
  "portfolio": "",
  "artistRole": "",
  "artistPrefix": "",
  "artistDisplayName": "",
  "artistDisplayBio": "",
  "artistSuffix": "",
  "artistAlphaSort": "",
  "artistNationality": "",
  "artistBeginDate": "",
  "artistEndDate": "",
  "artistGender": "",
  "artistWikidata_URL": "",
  "artistULAN_URL": "",
  "objectDate": "late 14th century",
  "objectBeginDate": 1350,
  "objectEndDate": 1399,
  "medium": "Fired earthenware with slip decoration and lead glaze",
  "dimensions": "Overall: 3 15/16 x 5 1/2in. (10 x 14cm)",
  "measurements": [
    {
      "elementName": "Overall",
      "elementDescription": null,
      "elementMeasurements": {
        "Height": 10,
        "Width": 14
      }
    }
  ],
  "creditLine": "The Cloisters Collection, 1991",
  "geographyType": "Made in",
  "city": "Oxfordshire",
  "state": "",
  "county": "",
  "country": "England",
  "region": "",
  "subregion": "",
  "locale": "",
  "locus": "",
  "excavation": "",
  "river": "",
  "classification": "Ceramics-Tiles",
  "rightsAndReproduction": "",
  "linkResource": "",
  "metadataDate": "2021-11-09T04:35:24.483Z",
  "repository": "Metropolitan Museum of Art, New York, NY",
  "objectURL": "https://www.metmuseum.org/art/collection/search/469937",
  "tags": null,
  "objectWikidata_URL": "",
  "isTimelineWork": false,
  "GalleryNumber": "",
  "prov": "From Hertford College, Oxford, or Godstow (north of Oxford); [ Blumka Gallery, New York (sold 1991)]"
}