{
  "objectID": 469920,
  "isHighlight": false,
  "accessionNumber": "1989.292",
  "accessionYear": "1989",
  "isPublicDomain": true,
  "primaryImage": "https://images.metmuseum.org/CRDImages/cl/original/DP123986.jpg",
  "primaryImageSmall": "https://images.metmuseum.org/CRDImages/cl/web-large/DP123986.jpg",
  "additionalImages": [
    "https://images.metmuseum.org/CRDImages/cl/original/LC_1989_292_s02.jpg",
    "https://images.metmuseum.org/CRDImages/cl/original/LC_1989_292_s05.jpg",
    "https://images.metmuseum.org/CRDImages/cl/original/LC_1989_292_s01.jpg",
    "https://images.metmuseum.org/CRDImages/cl/original/LC_1989_292_s04.jpg",
    "https://images.metmuseum.org/CRDImages/cl/original/LC_1989_292_s03.jpg",
    "https://images.metmuseum.org/CRDImages/cl/original/LC_1989_292_s07.jpg",
    "https://images.metmuseum.org/CRDImages/cl/original/LC_1989_292_s06.jpg",
    "https://images.metmuseum.org/CRDImages/cl/original/DP123987.jpg",
    "https://images.metmuseum.org/CRDImages/cl/original/DP123985.jpg"
  ],
  "constituents": null,
  "department": "The Cloisters",
  "objectName": "Aquamanile",
  "title": "Aquamanile in the Form of a Rooster",
  "culture": "German",
  "period": "",
  "dynasty": "",
  "reign": "",
  "portfolio": "",
  "artistRole": "",
  "artistPrefix": "",
  "artistDisplayName": "",
  "artistDisplayBio": "",
  "artistSuffix": "",
  "artistAlphaSort": "",
  "artistNationality": "",
  "artistBeginDate": "",
  "artistEndDate": "",
  "artistGender": "",
  "artistWikidata_URL": "",
  "artistULAN_URL": "",
  "objectDate": "13th century",
  "objectBeginDate": 1200,
  "objectEndDate": 1299,
  "medium": "Copper alloy",
  "dimensions": "9 15/16 x 4 1/8 x 9 3/4 in. (25.2 x 10.5 x 24.7 cm)\r\nThickness: 11/16-15/16 in. (0.18-0.24 cm)",
  "measurements": [
    {
      "elementName": "Overall",
      "elementDescription": null,
      "elementMeasurements": {
        "Height": 25.2,
        "Length": 24.7,
        "Thickness": 1.8,
        "Weight": 1.618,
        "Width": 10.5
      }
    }
  ],
  "creditLine": "The Cloisters Collection, 1989",
  "geographyType": "Made in",
  "city": "",
  "state": "Lower Saxony",
  "county": "",
  "country": "Germany",
  "region": "",
  "subregion": "",
  "locale": "",
  "locus": "",
  "excavation": "",
  "river": "",
  "classification": "Metalwork-Copper alloy",
  "rightsAndReproduction": "",
  "linkResource": "",
  "metadataDate": "2021-11-09T04:35:24.483Z",
  "repository": "Metropolitan Museum of Art, New York, NY",
  "objectURL": "https://www.metmuseum.org/art/collection/search/469920",
  "tags": [
    {
      "term": "Roosters",
      "AAT_URL": "http://vocab.getty.edu/page/aat/300380127",
      "Wikidata_URL": "https://www.wikidata.org/wiki/Q2216236"
    }
  ],
  "objectWikidata_URL": "",
  "isTimelineWork": true,
  "GalleryNumber": "010",
  "prov": "[ Walter Randel, Paris and New York (sold 1989)]"
}