{
  "objectID": 469956,
  "isHighlight": false,
  "accessionNumber": "1982.204.1",
  "accessionYear": "1982",
  "isPublicDomain": true,
  "primaryImage": "https://images.metmuseum.org/CRDImages/cl/original/cdi1982-204-1.jpg",
  "primaryImageSmall": "https://images.metmuseum.org/CRDImages/cl/web-large/cdi1982-204-1.jpg",
  "additionalImages": [],
  "constituents": null,
  "department": "The Cloisters",
  "objectName": "Panel",
  "title": "Glass panel",
  "culture": "French",
  "period": "",
  "dynasty": "",
  "reign": "",
  "portfolio": "",
  "artistRole": "",
  "artistPrefix": "",
  "artistDisplayName": "",
  "artistDisplayBio": "",
  "artistSuffix": "",
  "artistAlphaSort": "",
  "artistNationality": "",
  "artistBeginDate": "",
  "artistEndDate": "",
  "artistGender": "",
  "artistWikidata_URL": "",
  "artistULAN_URL": "",
  "objectDate": "ca. 1325",
  "objectBeginDate": 1322,
  "objectEndDate": 1328,
  "medium": "White glass, paint, silver stain",
  "dimensions": "16 1/4 x 24 3/4 in.  (41.3 x 62.9 cm)",
  "measurements": [
    {
      "elementName": "Overall",
      "elementDescription": null,
      "elementMeasurements": {
        "Height": 41.3,
        "Width": 62.9
      }
    }
  ],
  "creditLine": "The Cloisters Collection, 1982",
  "geographyType": "",
  "city": "",
  "state": "",
  "county": "",
  "country": "",
  "region": "",
  "subregion": "",
  "locale": "",
  "locus": "",
  "excavation": "",
  "river": "",
  "classification": "Glass-Stained",
  "rightsAndReproduction": "",
  "linkResource": "",
  "metadataDate": "2021-11-09T04:35:24.483Z",
  "repository": "Metropolitan Museum of Art, New York, NY",
  "objectURL": "https://www.metmuseum.org/art/collection/search/469956",
  "tags": null,
  "objectWikidata_URL": "https://www.wikidata.org/wiki/Q20201457",
  "isTimelineWork": false,
  "GalleryNumber": "",
  "prov": "Charles Lepr\u00e9vost, Paris (?) ; Michel Ac\u00e9zat Paris ; [ H\u00f4tel Drouot, Paris (November 24-25, 1969, lots 22 & 23) ] ; Michael Meyer, Paris ; [ Sibyll Kummer-Rothenh\u00e4usler, Galerie f\u00fcr Glasmaleriei, Zurich (sold 1982) ]"
}