{
  "objectID": 469966,
  "isHighlight": false,
  "accessionNumber": "1991.112.4",
  "accessionYear": "1991",
  "isPublicDomain": true,
  "primaryImage": "https://images.metmuseum.org/CRDImages/cl/original/cdi1991-112-4.jpg",
  "primaryImageSmall": "https://images.metmuseum.org/CRDImages/cl/web-large/cdi1991-112-4.jpg",
  "additionalImages": [
    "https://images.metmuseum.org/CRDImages/cl/original/sfx1991-112-4s2.jpg"
  ],
  "constituents": null,
  "department": "The Cloisters",
  "objectName": "Tile",
  "title": "Two-Colored Tile",
  "culture": "British",
  "period": "",
  "dynasty": "",
  "reign": "",
  "portfolio": "",
  "artistRole": "",
  "artistPrefix": "",
  "artistDisplayName": "",
  "artistDisplayBio": "",
  "artistSuffix": "",
  "artistAlphaSort": "",
  "artistNationality": "",
  "artistBeginDate": "",
  "artistEndDate": "",
  "artistGender": "",
  "artistWikidata_URL": "",
  "artistULAN_URL": "",
  "objectDate": "late 14th century",
  "objectBeginDate": 1350,
  "objectEndDate": 1399,
  "medium": "Fired earthenware with slip decoration and lead glaze",
  "dimensions": "Overall (approx.): 4 1/8 x 4 1/8 in. (10.5 x 10.5 cm)",
  "measurements": [
    {
      "elementName": "Overall",
      "elementDescription": "approx.",
      "elementMeasurements": {
        "Length": 10.5,
        "Width": 10.5
      }
    }
  ],
  "creditLine": "The Cloisters Collection, 1991",
  "geographyType": "",
  "city": "",
  "state": "",
  "county": "",
  "country": "",
  "region": "",
  "subregion": "",
  "locale": "",
  "locus": "",
  "excavation": "",
  "river": "",
  "classification": "Ceramics-Tiles",
  "rightsAndReproduction": "",
  "linkResource": "",
  "metadataDate": "2021-11-09T04:35:24.483Z",
  "repository": "Metropolitan Museum of Art, New York, NY",
  "objectURL": "https://www.metmuseum.org/art/collection/search/469966",
  "tags": [
    {
      "term": "Birds",
      "AAT_URL": "http://vocab.getty.edu/page/aat/300266506",
      "Wikidata_URL": "https://www.wikidata.org/wiki/Q5113"
    }
  ],
  "objectWikidata_URL": "",
  "isTimelineWork": false,
  "GalleryNumber": "",
  "prov": "Probably from Cheshire; [ Blumka Gallery, New York (sold 1991)]"
}