{
  "objectID": 469940,
  "isHighlight": false,
  "accessionNumber": "1991.291.1",
  "accessionYear": "1991",
  "isPublicDomain": true,
  "primaryImage": "https://images.metmuseum.org/CRDImages/cl/original/cdi1991-291-1.jpg",
  "primaryImageSmall": "https://images.metmuseum.org/CRDImages/cl/web-large/cdi1991-291-1.jpg",
  "additionalImages": [],
  "constituents": null,
  "department": "The Cloisters",
  "objectName": "Roundel",
  "title": "Roundel with the Blinding of Zaleucus of Locria",
  "culture": "South Netherlandish",
  "period": "",
  "dynasty": "",
  "reign": "",
  "portfolio": "",
  "artistRole": "",
  "artistPrefix": "",
  "artistDisplayName": "",
  "artistDisplayBio": "",
  "artistSuffix": "",
  "artistAlphaSort": "",
  "artistNationality": "",
  "artistBeginDate": "",
  "artistEndDate": "",
  "artistGender": "",
  "artistWikidata_URL": "",
  "artistULAN_URL": "",
  "objectDate": "ca. 1510\u201320",
  "objectBeginDate": 1510,
  "objectEndDate": 1520,
  "medium": "Colorless glass, vitreous paint and silver stain",
  "dimensions": "Overall: 7 15/16 in. (20.2 cm)",
  "measurements": [
    {
      "elementName": "Overall",
      "elementDescription": null,
      "elementMeasurements": {
        "Diameter": 20.2
      }
    }
  ],
  "creditLine": "The Cloisters Collection, 1991",
  "geographyType": "",
  "city": "",
  "state": "",
  "county": "",
  "country": "",
  "region": "",
  "subregion": "",
  "locale": "",
  "locus": "",
  "excavation": "",
  "river": "",
  "classification": "Glass-Stained",
  "rightsAndReproduction": "",
  "linkResource": "",
  "metadataDate": "2021-11-09T04:35:24.483Z",
  "repository": "Metropolitan Museum of Art, New York, NY",
  "objectURL": "https://www.metmuseum.org/art/collection/search/469940",
  "tags": [
    {
      "term": "Men",
      "AAT_URL": "http://vocab.getty.edu/page/aat/300025928",
      "Wikidata_URL": "https://www.wikidata.org/wiki/Q8441"
    },
    {
      "term": "Women",
      "AAT_URL": "http://vocab.getty.edu/page/aat/300025943",
      "Wikidata_URL": "https://www.wikidata.org/wiki/Q467"
    },
    {
      "term": "Dogs",
      "AAT_URL": "http://vocab.getty.edu/page/aat/300265714",
      "Wikidata_URL": "https://www.wikidata.org/wiki/Q144"
    }
  ],
  "objectWikidata_URL": "https://www.wikidata.org/wiki/Q20201443",
  "isTimelineWork": false,
  "GalleryNumber": "010",
  "prov": "Dr. Johann Heinrich Angst, Zurich ; Fr\u00e9d\u00e9ric Engel-Gros, Paris ; [his sale, H\u00f4tel Drouot, Paris (December 7, 1922, lot 22)] ; [ Galerie f\u00fcr Glasmalerei, Zurich (sold 1991)]"
}