{
  "objectID": 469936,
  "isHighlight": false,
  "accessionNumber": "1991.112.3",
  "accessionYear": "1991",
  "isPublicDomain": true,
  "primaryImage": "https://images.metmuseum.org/CRDImages/cl/original/sfx1991-112-3s1.jpg",
  "primaryImageSmall": "https://images.metmuseum.org/CRDImages/cl/web-large/sfx1991-112-3s1.jpg",
  "additionalImages": [
    "https://images.metmuseum.org/CRDImages/cl/original/sfx1991-112-3s2.jpg"
  ],
  "constituents": null,
  "department": "The Cloisters",
  "objectName": "Tile",
  "title": "Two-Colored Tile",
  "culture": "British",
  "period": "",
  "dynasty": "",
  "reign": "",
  "portfolio": "",
  "artistRole": "",
  "artistPrefix": "",
  "artistDisplayName": "",
  "artistDisplayBio": "",
  "artistSuffix": "",
  "artistAlphaSort": "",
  "artistNationality": "",
  "artistBeginDate": "",
  "artistEndDate": "",
  "artistGender": "",
  "artistWikidata_URL": "",
  "artistULAN_URL": "",
  "objectDate": "late 14th\u2013early 15th century",
  "objectBeginDate": 1350,
  "objectEndDate": 1425,
  "medium": "Fired earthenware with slip decoration and lead glaze",
  "dimensions": "Overall: 5 1/4 x 5 3/8 x 1 3/8 in. (13.3 x 13.7 x 3.5 cm)",
  "measurements": [
    {
      "elementName": "Overall",
      "elementDescription": null,
      "elementMeasurements": {
        "Depth": 3.5,
        "Height": 13.335027,
        "Width": 13.652527
      }
    }
  ],
  "creditLine": "The Cloisters Collection, 1991",
  "geographyType": "Made in",
  "city": "",
  "state": "Midlands",
  "county": "",
  "country": "England",
  "region": "",
  "subregion": "",
  "locale": "",
  "locus": "",
  "excavation": "",
  "river": "",
  "classification": "Ceramics-Tiles",
  "rightsAndReproduction": "",
  "linkResource": "",
  "metadataDate": "2021-11-09T04:35:24.483Z",
  "repository": "Metropolitan Museum of Art, New York, NY",
  "objectURL": "https://www.metmuseum.org/art/collection/search/469936",
  "tags": [
    {
      "term": "Flowers",
      "AAT_URL": "http://vocab.getty.edu/page/aat/300132399",
      "Wikidata_URL": "https://www.wikidata.org/wiki/Q506"
    }
  ],
  "objectWikidata_URL": "",
  "isTimelineWork": false,
  "GalleryNumber": "",
  "prov": "Probably from Cheshire; [ Blumka Gallery, New York (sold 1991)]"
}