{
  "objectID": 469976,
  "isHighlight": false,
  "accessionNumber": "1985.91.3",
  "accessionYear": "1985",
  "isPublicDomain": true,
  "primaryImage": "https://images.metmuseum.org/CRDImages/cl/original/cdi1985-91-3.jpg",
  "primaryImageSmall": "https://images.metmuseum.org/CRDImages/cl/web-large/cdi1985-91-3.jpg",
  "additionalImages": [],
  "constituents": null,
  "department": "The Cloisters",
  "objectName": "Fragment",
  "title": "Glass Fragment",
  "culture": "Syrian",
  "period": "",
  "dynasty": "",
  "reign": "",
  "portfolio": "",
  "artistRole": "",
  "artistPrefix": "",
  "artistDisplayName": "",
  "artistDisplayBio": "",
  "artistSuffix": "",
  "artistAlphaSort": "",
  "artistNationality": "",
  "artistBeginDate": "",
  "artistEndDate": "",
  "artistGender": "",
  "artistWikidata_URL": "",
  "artistULAN_URL": "",
  "objectDate": "8th century",
  "objectBeginDate": 700,
  "objectEndDate": 799,
  "medium": "Pot metal glass, vitreous paint",
  "dimensions": "Overall: 1 1/4 x 1 1/4 in. (3.2 x 3.2 cm)",
  "measurements": [
    {
      "elementName": "Overall",
      "elementDescription": null,
      "elementMeasurements": {
        "Height": 3.1750064,
        "Width": 3.1750064
      }
    }
  ],
  "creditLine": "Gift of Shirley Prager Branner (Mrs. Robert Branner), 1985",
  "geographyType": "",
  "city": "",
  "state": "",
  "county": "",
  "country": "",
  "region": "",
  "subregion": "",
  "locale": "",
  "locus": "",
  "excavation": "",
  "river": "",
  "classification": "Glass-Stained",
  "rightsAndReproduction": "",
  "linkResource": "",
  "metadataDate": "2021-07-16T04:41:38.683Z",
  "repository": "Metropolitan Museum of Art, New York, NY",
  "objectURL": "https://www.metmuseum.org/art/collection/search/469976",
  "tags": null,
  "objectWikidata_URL": "https://www.wikidata.org/wiki/Q20201274",
  "isTimelineWork": false,
  "GalleryNumber": "",
  "prov": "Jean Lafond, Paris ; Robert and Shirley Prager Branner, New York (until 1985)"
}