{
  "objectID": 469926,
  "isHighlight": false,
  "accessionNumber": "1990.119.3",
  "accessionYear": "1990",
  "isPublicDomain": true,
  "primaryImage": "https://images.metmuseum.org/CRDImages/cl/original/DT6459.jpg",
  "primaryImageSmall": "https://images.metmuseum.org/CRDImages/cl/web-large/DT6459.jpg",
  "additionalImages": [
    "https://images.metmuseum.org/CRDImages/cl/original/cdi1990-119-3.jpg"
  ],
  "constituents": null,
  "department": "The Cloisters",
  "objectName": "Roundel",
  "title": "Roundel with Three Apes Building a Trestle Table",
  "culture": "German",
  "period": "",
  "dynasty": "",
  "reign": "",
  "portfolio": "",
  "artistRole": "",
  "artistPrefix": "",
  "artistDisplayName": "",
  "artistDisplayBio": "",
  "artistSuffix": "",
  "artistAlphaSort": "",
  "artistNationality": "",
  "artistBeginDate": "",
  "artistEndDate": "",
  "artistGender": "",
  "artistWikidata_URL": "",
  "artistULAN_URL": "",
  "objectDate": "1480\u20131500",
  "objectBeginDate": 1480,
  "objectEndDate": 1500,
  "medium": "Colorless glass, vitreous paint and silver stain",
  "dimensions": "Overall: 10 1/4 x 8 7/8in. (26 x 22.5cm)",
  "measurements": [
    {
      "elementName": "Overall",
      "elementDescription": null,
      "elementMeasurements": {
        "Height": 26,
        "Width": 22.5
      }
    }
  ],
  "creditLine": "The Cloisters Collection, 1990",
  "geographyType": "",
  "city": "",
  "state": "",
  "county": "",
  "country": "",
  "region": "",
  "subregion": "",
  "locale": "",
  "locus": "",
  "excavation": "",
  "river": "",
  "classification": "Glass-Stained",
  "rightsAndReproduction": "",
  "linkResource": "",
  "metadataDate": "2021-11-09T04:35:24.483Z",
  "repository": "Metropolitan Museum of Art, New York, NY",
  "objectURL": "https://www.metmuseum.org/art/collection/search/469926",
  "tags": [
    {
      "term": "Tables",
      "AAT_URL": "http://vocab.getty.edu/page/aat/300039548",
      "Wikidata_URL": "https://www.wikidata.org/wiki/Q14748"
    },
    {
      "term": "Apes",
      "AAT_URL": "http://vocab.getty.edu/page/aat/300250026",
      "Wikidata_URL": null
    }
  ],
  "objectWikidata_URL": "https://www.wikidata.org/wiki/Q20201427",
  "isTimelineWork": true,
  "GalleryNumber": "010",
  "prov": "[ Galerie de Chartres, Chartres] ; [ Galerie f\u00fcr Glasmalerei, Zurich (sold 1990)]"
}