{
  "objectID": 470005,
  "isHighlight": false,
  "accessionNumber": "1972.143",
  "accessionYear": "1972",
  "isPublicDomain": true,
  "primaryImage": "https://images.metmuseum.org/CRDImages/cl/original/LC-1972_143-1.jpg",
  "primaryImageSmall": "https://images.metmuseum.org/CRDImages/cl/web-large/LC-1972_143-1.jpg",
  "additionalImages": [
    "https://images.metmuseum.org/CRDImages/cl/original/LC-1972_143-2.jpg",
    "https://images.metmuseum.org/CRDImages/cl/original/LC-1972_143-3.jpg",
    "https://images.metmuseum.org/CRDImages/cl/original/LC-1972_143-4.jpg",
    "https://images.metmuseum.org/CRDImages/cl/original/LC-1972_143-5.jpg",
    "https://images.metmuseum.org/CRDImages/cl/original/LC-1972_143-6.jpg",
    "https://images.metmuseum.org/CRDImages/cl/original/LC-1972_143-7.jpg",
    "https://images.metmuseum.org/CRDImages/cl/original/LC-1972_143-8.jpg"
  ],
  "constituents": null,
  "department": "The Cloisters",
  "objectName": "Statuette",
  "title": "Enthroned Virgin and Child",
  "culture": "Spanish",
  "period": "",
  "dynasty": "",
  "reign": "",
  "portfolio": "",
  "artistRole": "",
  "artistPrefix": "",
  "artistDisplayName": "",
  "artistDisplayBio": "",
  "artistSuffix": "",
  "artistAlphaSort": "",
  "artistNationality": "",
  "artistBeginDate": "",
  "artistEndDate": "",
  "artistGender": "",
  "artistWikidata_URL": "",
  "artistULAN_URL": "",
  "objectDate": "ca. 1200\u20131250",
  "objectBeginDate": 1200,
  "objectEndDate": 1250,
  "medium": "Ivory, traces of paint",
  "dimensions": "Overall: 5 3/16 x 2 1/8 x 1 7/16 in. (13.2 x 5.4 x 3.7 cm)",
  "measurements": [
    {
      "elementName": "Overall",
      "elementDescription": null,
      "elementMeasurements": {
        "Depth": 3.7,
        "Height": 13.2,
        "Width": 5.4
      }
    }
  ],
  "creditLine": "The Cloisters Collection, 1972",
  "geographyType": "Made in",
  "city": "",
  "state": "probably Aragon or Navarre",
  "county": "",
  "country": "Spain",
  "region": "",
  "subregion": "",
  "locale": "",
  "locus": "",
  "excavation": "",
  "river": "",
  "classification": "Ivories",
  "rightsAndReproduction": "",
  "linkResource": "",
  "metadataDate": "2021-07-16T04:41:38.683Z",
  "repository": "Metropolitan Museum of Art, New York, NY",
  "objectURL": "https://www.metmuseum.org/art/collection/search/470005",
  "tags": [
    {
      "term": "Madonna and Child",
      "AAT_URL": "http://vocab.getty.edu/page/ia/901000052",
      "Wikidata_URL": "https://www.wikidata.org/wiki/Q9309699"
    }
  ],
  "objectWikidata_URL": "https://www.wikidata.org/wiki/Q20201330",
  "isTimelineWork": false,
  "GalleryNumber": "014",
  "prov": "Manuel G\u00f3mez-Moreno, Madrid (sold 1972)"
}