{
  "objectID": 470151,
  "isHighlight": false,
  "accessionNumber": "63.60",
  "accessionYear": "1963",
  "isPublicDomain": true,
  "primaryImage": "https://images.metmuseum.org/CRDImages/cl/original/cdi63-60s3.jpg",
  "primaryImageSmall": "https://images.metmuseum.org/CRDImages/cl/web-large/cdi63-60s3.jpg",
  "additionalImages": [
    "https://images.metmuseum.org/CRDImages/cl/original/cdi63-60.jpg",
    "https://images.metmuseum.org/CRDImages/cl/original/cdi63-60s2.jpg"
  ],
  "constituents": null,
  "department": "The Cloisters",
  "objectName": "Corbel",
  "title": "Corbel with Crouching Woman Clutching her Long Hair",
  "culture": "French",
  "period": "",
  "dynasty": "",
  "reign": "",
  "portfolio": "",
  "artistRole": "",
  "artistPrefix": "",
  "artistDisplayName": "",
  "artistDisplayBio": "",
  "artistSuffix": "",
  "artistAlphaSort": "",
  "artistNationality": "",
  "artistBeginDate": "",
  "artistEndDate": "",
  "artistGender": "",
  "artistWikidata_URL": "",
  "artistULAN_URL": "",
  "objectDate": "12th century",
  "objectBeginDate": 1100,
  "objectEndDate": 1200,
  "medium": "Limestone",
  "dimensions": "Overall: 10 1/4 x 18 3/4 x 7in. (26 x 47.6 x 17.8cm)",
  "measurements": [
    {
      "elementName": "Overall",
      "elementDescription": null,
      "elementMeasurements": {
        "Depth": 17.8,
        "Height": 26,
        "Width": 47.6
      }
    }
  ],
  "creditLine": "The Cloisters Collection, 1963",
  "geographyType": "Made in",
  "city": "",
  "state": "Burgundy",
  "county": "",
  "country": "France",
  "region": "",
  "subregion": "",
  "locale": "",
  "locus": "",
  "excavation": "",
  "river": "",
  "classification": "Sculpture-Stone",
  "rightsAndReproduction": "",
  "linkResource": "",
  "metadataDate": "2021-07-16T04:41:38.683Z",
  "repository": "Metropolitan Museum of Art, New York, NY",
  "objectURL": "https://www.metmuseum.org/art/collection/search/470151",
  "tags": [
    {
      "term": "Architecture",
      "AAT_URL": "http://vocab.getty.edu/page/aat/300263552",
      "Wikidata_URL": "https://www.wikidata.org/wiki/Q12271"
    },
    {
      "term": "Women",
      "AAT_URL": "http://vocab.getty.edu/page/aat/300025943",
      "Wikidata_URL": "https://www.wikidata.org/wiki/Q467"
    }
  ],
  "objectWikidata_URL": "",
  "isTimelineWork": false,
  "GalleryNumber": "",
  "prov": "[ Joseph Brummer, New York (d. 1947)] ; [ Joseph Brummer Collection sale, Parke-Bernet Galleries, New York (June 8-9, 1949, no. 608) ] ; Andr\u00e9 Tressley (1949\u20131963)"
}