{
  "objectID": 470150,
  "isHighlight": false,
  "accessionNumber": "47.101.56a, b",
  "accessionYear": "1947",
  "isPublicDomain": true,
  "primaryImage": "https://images.metmuseum.org/CRDImages/cl/original/DP373024.jpg",
  "primaryImageSmall": "https://images.metmuseum.org/CRDImages/cl/web-large/DP373024.jpg",
  "additionalImages": [
    "https://images.metmuseum.org/CRDImages/cl/original/cdi47-101-56abs4.jpg",
    "https://images.metmuseum.org/CRDImages/cl/original/cdi47-101-56abs1.jpg",
    "https://images.metmuseum.org/CRDImages/cl/original/cdi47-101-56abs2.jpg",
    "https://images.metmuseum.org/CRDImages/cl/original/cdi47-101-56abs3.jpg",
    "https://images.metmuseum.org/CRDImages/cl/original/cdi47-101-56abs5.jpg",
    "https://images.metmuseum.org/CRDImages/cl/original/cdi47-101-56abs6.jpg",
    "https://images.metmuseum.org/CRDImages/cl/original/cdi47-101-56abd1.jpg",
    "https://images.metmuseum.org/CRDImages/cl/original/cdi47-101-56abd2.jpg",
    "https://images.metmuseum.org/CRDImages/cl/original/cdi47-101-56abd3.jpg",
    "https://images.metmuseum.org/CRDImages/cl/original/cdi47-101-56abs7.jpg",
    "https://images.metmuseum.org/CRDImages/cl/original/139470.jpg",
    "https://images.metmuseum.org/CRDImages/cl/original/140301.jpg",
    "https://images.metmuseum.org/CRDImages/cl/original/140302.jpg"
  ],
  "constituents": null,
  "department": "The Cloisters",
  "objectName": "Aquamanile",
  "title": "Turret Laver",
  "culture": "German",
  "period": "",
  "dynasty": "",
  "reign": "",
  "portfolio": "",
  "artistRole": "",
  "artistPrefix": "",
  "artistDisplayName": "",
  "artistDisplayBio": "",
  "artistSuffix": "",
  "artistAlphaSort": "",
  "artistNationality": "",
  "artistBeginDate": "",
  "artistEndDate": "",
  "artistGender": "",
  "artistWikidata_URL": "",
  "artistULAN_URL": "",
  "objectDate": "15th century",
  "objectBeginDate": 1400,
  "objectEndDate": 1499,
  "medium": "Bronze",
  "dimensions": "Overall: 21 x 5 7/8 in., 6.299lb. (53.3 x 14.9 cm, 2857g)",
  "measurements": [
    {
      "elementName": "Overall",
      "elementDescription": null,
      "elementMeasurements": {
        "Diameter": 14.9,
        "Height": 53.3,
        "Weight": 2.857
      }
    }
  ],
  "creditLine": "The Cloisters Collection, 1947",
  "geographyType": "",
  "city": "",
  "state": "",
  "county": "",
  "country": "",
  "region": "",
  "subregion": "",
  "locale": "",
  "locus": "",
  "excavation": "",
  "river": "",
  "classification": "Metalwork-Bronze",
  "rightsAndReproduction": "",
  "linkResource": "",
  "metadataDate": "2021-11-09T04:35:24.483Z",
  "repository": "Metropolitan Museum of Art, New York, NY",
  "objectURL": "https://www.metmuseum.org/art/collection/search/470150",
  "tags": [
    {
      "term": "Dogs",
      "AAT_URL": "http://vocab.getty.edu/page/aat/300265714",
      "Wikidata_URL": "https://www.wikidata.org/wiki/Q144"
    },
    {
      "term": "Towers",
      "AAT_URL": "http://vocab.getty.edu/page/aat/300004847",
      "Wikidata_URL": "https://www.wikidata.org/wiki/Q12518"
    }
  ],
  "objectWikidata_URL": "",
  "isTimelineWork": false,
  "GalleryNumber": "",
  "prov": "J. Pierpont Morgan American, London and New York ; [ Duveen Brothers, London, Paris and New York (ca. 1920)] ; [ Raphael Stora, Paris and New York (sold 1939)] ; [ Brummer Gallery, Paris and New York (1939\u20131947)]"
}