{
  "objectID": 470258,
  "isHighlight": false,
  "accessionNumber": "47.144",
  "accessionYear": "1947",
  "isPublicDomain": true,
  "primaryImage": "https://images.metmuseum.org/CRDImages/cl/original/cds47-144.jpg",
  "primaryImageSmall": "https://images.metmuseum.org/CRDImages/cl/web-large/cds47-144.jpg",
  "additionalImages": [],
  "constituents": null,
  "department": "The Cloisters",
  "objectName": "Chest",
  "title": "Chest",
  "culture": "Spanish",
  "period": "",
  "dynasty": "",
  "reign": "",
  "portfolio": "",
  "artistRole": "",
  "artistPrefix": "",
  "artistDisplayName": "",
  "artistDisplayBio": "",
  "artistSuffix": "",
  "artistAlphaSort": "",
  "artistNationality": "",
  "artistBeginDate": "",
  "artistEndDate": "",
  "artistGender": "",
  "artistWikidata_URL": "",
  "artistULAN_URL": "",
  "objectDate": "15th century",
  "objectBeginDate": 1400,
  "objectEndDate": 1499,
  "medium": "Leather, iron and wood",
  "dimensions": "H: 22 1/2\"  W: 50 1/2\"  D: 21\"  (57.1 x 128.3 x 53.3 cm)",
  "measurements": [
    {
      "elementName": "Overall",
      "elementDescription": null,
      "elementMeasurements": {
        "Depth": 53.3,
        "Height": 57.1,
        "Width": 128.3
      }
    }
  ],
  "creditLine": "The Cloisters Collection, 1947",
  "geographyType": "",
  "city": "",
  "state": "",
  "county": "",
  "country": "",
  "region": "",
  "subregion": "",
  "locale": "",
  "locus": "",
  "excavation": "",
  "river": "",
  "classification": "Leatherwork",
  "rightsAndReproduction": "",
  "linkResource": "",
  "metadataDate": "2021-03-25T04:38:15.3Z",
  "repository": "Metropolitan Museum of Art, New York, NY",
  "objectURL": "https://www.metmuseum.org/art/collection/search/470258",
  "tags": [
    {
      "term": "Chests",
      "AAT_URL": "http://vocab.getty.edu/page/aat/300038992",
      "Wikidata_URL": "https://www.wikidata.org/wiki/Q366134"
    }
  ],
  "objectWikidata_URL": "",
  "isTimelineWork": false,
  "GalleryNumber": "",
  "prov": "[ Gimbel Brothers American, 1887\u20131987 (sold, 1947)]"
}