{
  "objectID": 470279,
  "isHighlight": false,
  "accessionNumber": "1999.207",
  "accessionYear": "1999",
  "isPublicDomain": true,
  "primaryImage": "https://images.metmuseum.org/CRDImages/cl/original/DP257999.jpg",
  "primaryImageSmall": "https://images.metmuseum.org/CRDImages/cl/web-large/DP257999.jpg",
  "additionalImages": [
    "https://images.metmuseum.org/CRDImages/cl/original/DP260291.jpg",
    "https://images.metmuseum.org/CRDImages/cl/original/DP260292.jpg"
  ],
  "constituents": null,
  "department": "The Cloisters",
  "objectName": "Orphrey fragment",
  "title": "Section of Orphrey",
  "culture": "German",
  "period": "",
  "dynasty": "",
  "reign": "",
  "portfolio": "",
  "artistRole": "",
  "artistPrefix": "",
  "artistDisplayName": "",
  "artistDisplayBio": "",
  "artistSuffix": "",
  "artistAlphaSort": "",
  "artistNationality": "",
  "artistBeginDate": "",
  "artistEndDate": "",
  "artistGender": "",
  "artistWikidata_URL": "",
  "artistULAN_URL": "",
  "objectDate": "1450\u201375",
  "objectBeginDate": 1450,
  "objectEndDate": 1475,
  "medium": "Silk, gilt silver on membrane, paint, linen.  Weft-faced compound twill with embroidery",
  "dimensions": "12 1/4 x 5 3/4 in.  (31.1 x 14.6 cm)",
  "measurements": [
    {
      "elementName": "Overall",
      "elementDescription": null,
      "elementMeasurements": {
        "Height": 31.1,
        "Width": 14.6
      }
    }
  ],
  "creditLine": "The Cloisters Collection, 1999",
  "geographyType": "Made in",
  "city": "Cologne",
  "state": "",
  "county": "",
  "country": "Germany",
  "region": "",
  "subregion": "",
  "locale": "",
  "locus": "",
  "excavation": "",
  "river": "",
  "classification": "Textiles-Embroidered-Ecclesiastical",
  "rightsAndReproduction": "",
  "linkResource": "",
  "metadataDate": "2021-07-16T04:41:38.683Z",
  "repository": "Metropolitan Museum of Art, New York, NY",
  "objectURL": "https://www.metmuseum.org/art/collection/search/470279",
  "tags": [
    {
      "term": "Saints",
      "AAT_URL": "http://vocab.getty.edu/page/aat/300150555",
      "Wikidata_URL": "https://www.wikidata.org/wiki/Q43115"
    },
    {
      "term": "Swords",
      "AAT_URL": "http://vocab.getty.edu/page/aat/300037048",
      "Wikidata_URL": "https://www.wikidata.org/wiki/Q12791"
    },
    {
      "term": "Men",
      "AAT_URL": "http://vocab.getty.edu/page/aat/300025928",
      "Wikidata_URL": "https://www.wikidata.org/wiki/Q8441"
    }
  ],
  "objectWikidata_URL": "https://www.wikidata.org/wiki/Q20201333",
  "isTimelineWork": false,
  "GalleryNumber": "",
  "prov": "Brimo de Laroussilhe (until 1999)"
}