{
  "objectID": 470327,
  "isHighlight": false,
  "accessionNumber": "2000.486",
  "accessionYear": "2000",
  "isPublicDomain": true,
  "primaryImage": "https://images.metmuseum.org/CRDImages/cl/original/DT11699.jpg",
  "primaryImageSmall": "https://images.metmuseum.org/CRDImages/cl/web-large/DT11699.jpg",
  "additionalImages": [
    "https://images.metmuseum.org/CRDImages/cl/original/sf2000-486s2.jpg"
  ],
  "constituents": null,
  "department": "The Cloisters",
  "objectName": "Plaque",
  "title": "Two Scenes of Christ and the Apostles",
  "culture": "French",
  "period": "",
  "dynasty": "",
  "reign": "",
  "portfolio": "",
  "artistRole": "",
  "artistPrefix": "",
  "artistDisplayName": "",
  "artistDisplayBio": "",
  "artistSuffix": "",
  "artistAlphaSort": "",
  "artistNationality": "",
  "artistBeginDate": "",
  "artistEndDate": "",
  "artistGender": "",
  "artistWikidata_URL": "",
  "artistULAN_URL": "",
  "objectDate": "ca. 850\u2013900",
  "objectBeginDate": 850,
  "objectEndDate": 900,
  "medium": "Elephant ivory with traces of paint",
  "dimensions": "3 7/8 x 3 1/16 x 3/16 in.  (9.9 x 7.8 x 0.5 cm)",
  "measurements": [
    {
      "elementName": "Overall",
      "elementDescription": null,
      "elementMeasurements": {
        "Depth": 0.5,
        "Height": 9.9,
        "Width": 7.8
      }
    }
  ],
  "creditLine": "The Cloisters Collection, 2000",
  "geographyType": "Made in",
  "city": "Reims (perhaps)",
  "state": "",
  "county": "",
  "country": "France",
  "region": "",
  "subregion": "",
  "locale": "",
  "locus": "",
  "excavation": "",
  "river": "",
  "classification": "Ivories-Elephant",
  "rightsAndReproduction": "",
  "linkResource": "",
  "metadataDate": "2021-07-16T04:41:38.683Z",
  "repository": "Metropolitan Museum of Art, New York, NY",
  "objectURL": "https://www.metmuseum.org/art/collection/search/470327",
  "tags": [
    {
      "term": "Apostles",
      "AAT_URL": "http://vocab.getty.edu/page/aat/300343837",
      "Wikidata_URL": "https://www.wikidata.org/wiki/Q43412"
    },
    {
      "term": "Christ",
      "AAT_URL": "http://vocab.getty.edu/page/ia/901000087",
      "Wikidata_URL": "https://www.wikidata.org/wiki/Q642420"
    }
  ],
  "objectWikidata_URL": "https://www.wikidata.org/wiki/Q20202007",
  "isTimelineWork": true,
  "GalleryNumber": "014",
  "prov": "[ Nemesis Fine Arts Ltd. (sold 2000) ]"
}