{
  "objectID": 470346,
  "isHighlight": false,
  "accessionNumber": "1999.227",
  "accessionYear": "1999",
  "isPublicDomain": true,
  "primaryImage": "https://images.metmuseum.org/CRDImages/cl/original/DT4412.jpg",
  "primaryImageSmall": "https://images.metmuseum.org/CRDImages/cl/web-large/DT4412.jpg",
  "additionalImages": [
    "https://images.metmuseum.org/CRDImages/cl/original/tr121999rev.jpg",
    "https://images.metmuseum.org/CRDImages/cl/original/tr121999detx.jpg",
    "https://images.metmuseum.org/CRDImages/cl/original/tr121999detjohn.jpg",
    "https://images.metmuseum.org/CRDImages/cl/original/tr121999detmary.jpg"
  ],
  "constituents": null,
  "department": "The Cloisters",
  "objectName": "Plaque",
  "title": "Man of Sorrows",
  "culture": "South German",
  "period": "",
  "dynasty": "",
  "reign": "",
  "portfolio": "",
  "artistRole": "",
  "artistPrefix": "",
  "artistDisplayName": "",
  "artistDisplayBio": "",
  "artistSuffix": "",
  "artistAlphaSort": "",
  "artistNationality": "",
  "artistBeginDate": "",
  "artistEndDate": "",
  "artistGender": "",
  "artistWikidata_URL": "",
  "artistULAN_URL": "",
  "objectDate": "ca. 1500",
  "objectBeginDate": 1500,
  "objectEndDate": 1500,
  "medium": "Elephant ivory with paint and gilding",
  "dimensions": "3 3/8 x 2 9/16 x 13/32 in.  (8.6 x 6.5 x 1.0 cm)",
  "measurements": [
    {
      "elementName": "Overall",
      "elementDescription": null,
      "elementMeasurements": {
        "Depth": 1,
        "Height": 8.6,
        "Width": 6.5
      }
    }
  ],
  "creditLine": "The Cloisters Collection, 1999",
  "geographyType": "",
  "city": "",
  "state": "",
  "county": "",
  "country": "",
  "region": "",
  "subregion": "",
  "locale": "",
  "locus": "",
  "excavation": "",
  "river": "",
  "classification": "Ivories-Elephant",
  "rightsAndReproduction": "",
  "linkResource": "",
  "metadataDate": "2021-07-16T04:41:38.683Z",
  "repository": "Metropolitan Museum of Art, New York, NY",
  "objectURL": "https://www.metmuseum.org/art/collection/search/470346",
  "tags": [
    {
      "term": "Saint John the Evangelist",
      "AAT_URL": "http://vocab.getty.edu/page/ia/901001171",
      "Wikidata_URL": "https://www.wikidata.org/wiki/Q328804"
    },
    {
      "term": "Angels",
      "AAT_URL": "http://vocab.getty.edu/page/aat/300379004",
      "Wikidata_URL": "https://www.wikidata.org/wiki/Q235113"
    },
    {
      "term": "Christ",
      "AAT_URL": "http://vocab.getty.edu/page/ia/901000087",
      "Wikidata_URL": "https://www.wikidata.org/wiki/Q642420"
    },
    {
      "term": "Virgin Mary",
      "AAT_URL": "http://vocab.getty.edu/page/ia/901000032",
      "Wikidata_URL": "https://www.wikidata.org/wiki/Q345"
    }
  ],
  "objectWikidata_URL": "https://www.wikidata.org/wiki/Q20201114",
  "isTimelineWork": true,
  "GalleryNumber": "014",
  "prov": "[ Mr. and Mrs. Rudigier-Ruckert, Munich (sold 1999) ]"
}