{
  "objectID": 470301,
  "isHighlight": false,
  "accessionNumber": "1980.32.2",
  "accessionYear": "1980",
  "isPublicDomain": true,
  "primaryImage": "https://images.metmuseum.org/CRDImages/cl/original/cdi1980-32-2.jpg",
  "primaryImageSmall": "https://images.metmuseum.org/CRDImages/cl/web-large/cdi1980-32-2.jpg",
  "additionalImages": [
    "https://images.metmuseum.org/CRDImages/cl/original/cdi1980-32-2s2.jpg"
  ],
  "constituents": null,
  "department": "The Cloisters",
  "objectName": "Horse trapping",
  "title": "Horse Trapping",
  "culture": "Catalan",
  "period": "",
  "dynasty": "",
  "reign": "",
  "portfolio": "",
  "artistRole": "",
  "artistPrefix": "",
  "artistDisplayName": "",
  "artistDisplayBio": "",
  "artistSuffix": "",
  "artistAlphaSort": "",
  "artistNationality": "",
  "artistBeginDate": "",
  "artistEndDate": "",
  "artistGender": "",
  "artistWikidata_URL": "",
  "artistULAN_URL": "",
  "objectDate": "14th\u201315th century",
  "objectBeginDate": 1300,
  "objectEndDate": 1499,
  "medium": "Copper alloy, gilding",
  "dimensions": "Overall: 1 1/8 x 1 7/8in. (2.9 x 4.8cm)",
  "measurements": [
    {
      "elementName": "Overall",
      "elementDescription": null,
      "elementMeasurements": {
        "Height": 2.9,
        "Width": 4.8
      }
    }
  ],
  "creditLine": "Gift of Ruth Blumka, 1980",
  "geographyType": "Made in",
  "city": "",
  "state": "",
  "county": "",
  "country": "Spain",
  "region": "Catalonia",
  "subregion": "",
  "locale": "",
  "locus": "",
  "excavation": "",
  "river": "",
  "classification": "Metalwork-Copper alloy",
  "rightsAndReproduction": "",
  "linkResource": "",
  "metadataDate": "2021-11-09T04:35:24.483Z",
  "repository": "Metropolitan Museum of Art, New York, NY",
  "objectURL": "https://www.metmuseum.org/art/collection/search/470301",
  "tags": null,
  "objectWikidata_URL": "",
  "isTimelineWork": false,
  "GalleryNumber": "",
  "prov": "[ Brummer Gallery, Paris and New York] ; [ Blumka Gallery, New York (sold 1980)]"
}