{
  "objectID": 470300,
  "isHighlight": false,
  "accessionNumber": "1980.32.3",
  "accessionYear": "1980",
  "isPublicDomain": true,
  "primaryImage": "https://images.metmuseum.org/CRDImages/cl/original/cdi1980-32-3.jpg",
  "primaryImageSmall": "https://images.metmuseum.org/CRDImages/cl/web-large/cdi1980-32-3.jpg",
  "additionalImages": [
    "https://images.metmuseum.org/CRDImages/cl/original/cdi1980-32-3s2.jpg"
  ],
  "constituents": null,
  "department": "The Cloisters",
  "objectName": "Horse trapping",
  "title": "Horse Trapping",
  "culture": "Catalan",
  "period": "",
  "dynasty": "",
  "reign": "",
  "portfolio": "",
  "artistRole": "",
  "artistPrefix": "",
  "artistDisplayName": "",
  "artistDisplayBio": "",
  "artistSuffix": "",
  "artistAlphaSort": "",
  "artistNationality": "",
  "artistBeginDate": "",
  "artistEndDate": "",
  "artistGender": "",
  "artistWikidata_URL": "",
  "artistULAN_URL": "",
  "objectDate": "14th century",
  "objectBeginDate": 1300,
  "objectEndDate": 1399,
  "medium": "Gilded copper alloy, with enamels",
  "dimensions": "Overall: 9 1/16in. (23cm)\r\nDiameter: 2 3/4 in. (7 cm)",
  "measurements": [
    {
      "elementName": "Other",
      "elementDescription": "Diameter",
      "elementMeasurements": {
        "Diameter": 7
      }
    },
    {
      "elementName": "Overall",
      "elementDescription": null,
      "elementMeasurements": {
        "Height": 23
      }
    }
  ],
  "creditLine": "Gift of Ruth Blumka, 1980",
  "geographyType": "Made in",
  "city": "",
  "state": "",
  "county": "",
  "country": "Spain",
  "region": "Catalonia",
  "subregion": "",
  "locale": "",
  "locus": "",
  "excavation": "",
  "river": "",
  "classification": "Metalwork-Copper alloy",
  "rightsAndReproduction": "",
  "linkResource": "",
  "metadataDate": "2021-11-09T04:35:24.483Z",
  "repository": "Metropolitan Museum of Art, New York, NY",
  "objectURL": "https://www.metmuseum.org/art/collection/search/470300",
  "tags": [
    {
      "term": "Coat of Arms",
      "AAT_URL": "http://vocab.getty.edu/page/aat/300126352",
      "Wikidata_URL": "https://www.wikidata.org/wiki/Q14659"
    }
  ],
  "objectWikidata_URL": "",
  "isTimelineWork": false,
  "GalleryNumber": "",
  "prov": "[ Brummer Gallery, Paris and New York] ; [ Blumka Gallery, New York (sold 1980)]"
}