{
  "objectID": 470311,
  "isHighlight": true,
  "accessionNumber": "47.101.15",
  "accessionYear": "1947",
  "isPublicDomain": true,
  "primaryImage": "https://images.metmuseum.org/CRDImages/cl/original/DP167494.jpg",
  "primaryImageSmall": "https://images.metmuseum.org/CRDImages/cl/web-large/DP167494.jpg",
  "additionalImages": [
    "https://images.metmuseum.org/CRDImages/cl/original/DP167496.jpg",
    "https://images.metmuseum.org/CRDImages/cl/original/DP167495.jpg",
    "https://images.metmuseum.org/CRDImages/cl/original/DP167492.jpg",
    "https://images.metmuseum.org/CRDImages/cl/original/DP167490.jpg",
    "https://images.metmuseum.org/CRDImages/cl/original/DP167493.jpg",
    "https://images.metmuseum.org/CRDImages/cl/original/DP167491.jpg"
  ],
  "constituents": null,
  "department": "The Cloisters",
  "objectName": "Sculpture",
  "title": "Enthroned Virgin and Child",
  "culture": "French",
  "period": "",
  "dynasty": "",
  "reign": "",
  "portfolio": "",
  "artistRole": "",
  "artistPrefix": "",
  "artistDisplayName": "",
  "artistDisplayBio": "",
  "artistSuffix": "",
  "artistAlphaSort": "",
  "artistNationality": "",
  "artistBeginDate": "",
  "artistEndDate": "",
  "artistGender": "",
  "artistWikidata_URL": "",
  "artistULAN_URL": "",
  "objectDate": "ca. 1130\u20131140",
  "objectBeginDate": 1130,
  "objectEndDate": 1140,
  "medium": "Birch with paint and glass",
  "dimensions": "40 1/2 in. \u00d7 13 in. \u00d7 11 1/4 in. (102.9 cm, 28.5 cm)",
  "measurements": [
    {
      "elementName": "Overall",
      "elementDescription": null,
      "elementMeasurements": {
        "Depth": 28.5,
        "Height": 102.9,
        "Width": 33
      }
    }
  ],
  "creditLine": "The Cloisters Collection, 1947",
  "geographyType": "Made in",
  "city": "vicinity of Autun",
  "state": "Burgundy",
  "county": "",
  "country": "France",
  "region": "",
  "subregion": "",
  "locale": "",
  "locus": "",
  "excavation": "",
  "river": "",
  "classification": "Sculpture-Wood",
  "rightsAndReproduction": "",
  "linkResource": "",
  "metadataDate": "2021-11-10T04:35:50.447Z",
  "repository": "Metropolitan Museum of Art, New York, NY",
  "objectURL": "https://www.metmuseum.org/art/collection/search/470311",
  "tags": [
    {
      "term": "Madonna and Child",
      "AAT_URL": "http://vocab.getty.edu/page/ia/901000052",
      "Wikidata_URL": "https://www.wikidata.org/wiki/Q9309699"
    },
    {
      "term": "Jesus",
      "AAT_URL": "http://vocab.getty.edu/page/ia/901000087",
      "Wikidata_URL": "https://www.wikidata.org/wiki/Q302"
    },
    {
      "term": "Virgin Mary",
      "AAT_URL": "http://vocab.getty.edu/page/ia/901000032",
      "Wikidata_URL": "https://www.wikidata.org/wiki/Q345"
    }
  ],
  "objectWikidata_URL": "https://www.wikidata.org/wiki/Q20201042",
  "isTimelineWork": true,
  "GalleryNumber": "004",
  "prov": "Abb\u00e9 Victor Terret, Autun (by 1925) ; [ Jean Peslier, V\u00e9zelay (sold 1935)] ; [ Brummer Gallery, Paris and New York (1935\u20131947)]"
}