{
  "objectID": 470520,
  "isHighlight": false,
  "accessionNumber": "1999.197.2",
  "accessionYear": "1999",
  "isPublicDomain": true,
  "primaryImage": "https://images.metmuseum.org/CRDImages/cl/original/DP159758.jpg",
  "primaryImageSmall": "https://images.metmuseum.org/CRDImages/cl/web-large/DP159758.jpg",
  "additionalImages": [
    "https://images.metmuseum.org/CRDImages/cl/original/cdi1999-197-2s2.jpg"
  ],
  "constituents": null,
  "department": "The Cloisters",
  "objectName": "Badge",
  "title": "Pilgrim's Badge: Saint Cornelius",
  "culture": "South Netherlandish",
  "period": "",
  "dynasty": "",
  "reign": "",
  "portfolio": "",
  "artistRole": "",
  "artistPrefix": "",
  "artistDisplayName": "",
  "artistDisplayBio": "",
  "artistSuffix": "",
  "artistAlphaSort": "",
  "artistNationality": "",
  "artistBeginDate": "",
  "artistEndDate": "",
  "artistGender": "",
  "artistWikidata_URL": "",
  "artistULAN_URL": "",
  "objectDate": "1400\u20131450",
  "objectBeginDate": 1400,
  "objectEndDate": 1450,
  "medium": "Lead/tin alloy",
  "dimensions": "Overall: 3 9/16 x 1 7/16 x 1/8 in. (9 x 3.7 x 0.3 cm)",
  "measurements": [
    {
      "elementName": "Overall",
      "elementDescription": null,
      "elementMeasurements": {
        "Depth": 0.3,
        "Height": 9,
        "Width": 3.7
      }
    }
  ],
  "creditLine": "The Cloisters Collection, 1999",
  "geographyType": "Made in",
  "city": "probably Ninove",
  "state": "",
  "county": "",
  "country": "",
  "region": "",
  "subregion": "",
  "locale": "",
  "locus": "",
  "excavation": "",
  "river": "",
  "classification": "Metalwork-Lead",
  "rightsAndReproduction": "",
  "linkResource": "",
  "metadataDate": "2021-06-23T04:38:27.84Z",
  "repository": "Metropolitan Museum of Art, New York, NY",
  "objectURL": "https://www.metmuseum.org/art/collection/search/470520",
  "tags": [
    {
      "term": "Saints",
      "AAT_URL": "http://vocab.getty.edu/page/aat/300150555",
      "Wikidata_URL": "https://www.wikidata.org/wiki/Q43115"
    }
  ],
  "objectWikidata_URL": "",
  "isTimelineWork": false,
  "GalleryNumber": "",
  "prov": "[ Hill-Stone, Inc. ]"
}