{
  "objectID": 470618,
  "isHighlight": false,
  "accessionNumber": "55.58",
  "accessionYear": "1955",
  "isPublicDomain": true,
  "primaryImage": "https://images.metmuseum.org/CRDImages/cl/original/cdi55-58.jpg",
  "primaryImageSmall": "https://images.metmuseum.org/CRDImages/cl/web-large/cdi55-58.jpg",
  "additionalImages": [],
  "constituents": null,
  "department": "The Cloisters",
  "objectName": "Relief",
  "title": "Entry into Jerusalem Relief",
  "culture": "German",
  "period": "",
  "dynasty": "",
  "reign": "",
  "portfolio": "",
  "artistRole": "",
  "artistPrefix": "",
  "artistDisplayName": "",
  "artistDisplayBio": "",
  "artistSuffix": "",
  "artistAlphaSort": "",
  "artistNationality": "",
  "artistBeginDate": "",
  "artistEndDate": "",
  "artistGender": "",
  "artistWikidata_URL": "",
  "artistULAN_URL": "",
  "objectDate": "15th century",
  "objectBeginDate": 1400,
  "objectEndDate": 1499,
  "medium": "Wood, paint, gilt",
  "dimensions": "Overall: 43 1/4 x 56 1/2in. (109.9 x 143.5cm)\r\nMounted: 52 1/4 x 61 x 5 1/4 in., 81lb. (132.7 x 154.9 x 13.3 cm, 36741.4g)",
  "measurements": [
    {
      "elementName": "Overall",
      "elementDescription": null,
      "elementMeasurements": {
        "Height": 109.9,
        "Width": 143.5
      }
    },
    {
      "elementName": "Other",
      "elementDescription": "Mounted",
      "elementMeasurements": {
        "Depth": 13.335027,
        "Height": 132.71527,
        "Weight": 36.74136,
        "Width": 154.9403
      }
    }
  ],
  "creditLine": "The Cloisters Collection, 1955",
  "geographyType": "",
  "city": "",
  "state": "",
  "county": "",
  "country": "",
  "region": "",
  "subregion": "",
  "locale": "",
  "locus": "",
  "excavation": "",
  "river": "",
  "classification": "Sculpture-Wood",
  "rightsAndReproduction": "",
  "linkResource": "",
  "metadataDate": "2021-07-16T04:41:38.683Z",
  "repository": "Metropolitan Museum of Art, New York, NY",
  "objectURL": "https://www.metmuseum.org/art/collection/search/470618",
  "tags": [
    {
      "term": "Apostles",
      "AAT_URL": "http://vocab.getty.edu/page/aat/300343837",
      "Wikidata_URL": "https://www.wikidata.org/wiki/Q43412"
    },
    {
      "term": "Men",
      "AAT_URL": "http://vocab.getty.edu/page/aat/300025928",
      "Wikidata_URL": "https://www.wikidata.org/wiki/Q8441"
    },
    {
      "term": "Donkeys",
      "AAT_URL": "http://vocab.getty.edu/page/aat/300265959",
      "Wikidata_URL": "https://www.wikidata.org/wiki/Q3537778"
    },
    {
      "term": "Jesus",
      "AAT_URL": "http://vocab.getty.edu/page/ia/901000087",
      "Wikidata_URL": "https://www.wikidata.org/wiki/Q302"
    }
  ],
  "objectWikidata_URL": "https://www.wikidata.org/wiki/Q20201480",
  "isTimelineWork": false,
  "GalleryNumber": "",
  "prov": "[ Brimo de Laroussilhe, Paris (sold 1955)]"
}