{
  "objectID": 470603,
  "isHighlight": true,
  "accessionNumber": "48.85",
  "accessionYear": "1948",
  "isPublicDomain": true,
  "primaryImage": "https://images.metmuseum.org/CRDImages/cl/original/DP360471.jpg",
  "primaryImageSmall": "https://images.metmuseum.org/CRDImages/cl/web-large/DP360471.jpg",
  "additionalImages": [
    "https://images.metmuseum.org/CRDImages/cl/original/DP360472.jpg",
    "https://images.metmuseum.org/CRDImages/cl/original/DP360473.jpg",
    "https://images.metmuseum.org/CRDImages/cl/original/DP360474.jpg",
    "https://images.metmuseum.org/CRDImages/cl/original/DP-17876-001.jpg",
    "https://images.metmuseum.org/CRDImages/cl/original/DT345345.jpg"
  ],
  "constituents": null,
  "department": "The Cloisters",
  "objectName": "Statue",
  "title": "Piet\u00e0 (Vesperbild)",
  "culture": "German",
  "period": "",
  "dynasty": "",
  "reign": "",
  "portfolio": "",
  "artistRole": "",
  "artistPrefix": "",
  "artistDisplayName": "",
  "artistDisplayBio": "",
  "artistSuffix": "",
  "artistAlphaSort": "",
  "artistNationality": "",
  "artistBeginDate": "",
  "artistEndDate": "",
  "artistGender": "",
  "artistWikidata_URL": "",
  "artistULAN_URL": "",
  "objectDate": "1375\u20131400",
  "objectBeginDate": 1375,
  "objectEndDate": 1400,
  "medium": "Poplar, plaster, paint, gilt",
  "dimensions": "Overall: 52 1/4 x 27 3/8 x 14 1/2 in. (132.7 x 69.5 x 36.8 cm)",
  "measurements": [
    {
      "elementName": "Overall",
      "elementDescription": null,
      "elementMeasurements": {
        "Depth": 36.830074,
        "Height": 132.71527,
        "Width": 69.53264
      }
    }
  ],
  "creditLine": "Rogers Fund, 1948",
  "geographyType": "Made in",
  "city": "",
  "state": "Rhineland",
  "county": "",
  "country": "",
  "region": "",
  "subregion": "",
  "locale": "",
  "locus": "",
  "excavation": "",
  "river": "",
  "classification": "Sculpture-Wood",
  "rightsAndReproduction": "",
  "linkResource": "",
  "metadataDate": "2021-07-16T04:41:38.683Z",
  "repository": "Metropolitan Museum of Art, New York, NY",
  "objectURL": "https://www.metmuseum.org/art/collection/search/470603",
  "tags": [
    {
      "term": "Christ",
      "AAT_URL": "http://vocab.getty.edu/page/ia/901000087",
      "Wikidata_URL": "https://www.wikidata.org/wiki/Q642420"
    },
    {
      "term": "Virgin Mary",
      "AAT_URL": "http://vocab.getty.edu/page/ia/901000032",
      "Wikidata_URL": "https://www.wikidata.org/wiki/Q345"
    }
  ],
  "objectWikidata_URL": "https://www.wikidata.org/wiki/Q20201343",
  "isTimelineWork": false,
  "GalleryNumber": "016",
  "prov": "[ Lucien J. Demotte, Paris and New York] ; [ Ruth and Leopold Blumka, New York (sold 1948)]"
}