{
  "objectID": 471171,
  "isHighlight": false,
  "accessionNumber": "35.35.19",
  "accessionYear": "1935",
  "isPublicDomain": true,
  "primaryImage": "https://images.metmuseum.org/CRDImages/cl/original/DP256969.jpg",
  "primaryImageSmall": "https://images.metmuseum.org/CRDImages/cl/web-large/DP256969.jpg",
  "additionalImages": [],
  "constituents": null,
  "department": "The Cloisters",
  "objectName": "Door",
  "title": "Door",
  "culture": "French",
  "period": "",
  "dynasty": "",
  "reign": "",
  "portfolio": "",
  "artistRole": "",
  "artistPrefix": "",
  "artistDisplayName": "",
  "artistDisplayBio": "",
  "artistSuffix": "",
  "artistAlphaSort": "",
  "artistNationality": "",
  "artistBeginDate": "",
  "artistEndDate": "",
  "artistGender": "",
  "artistWikidata_URL": "",
  "artistULAN_URL": "",
  "objectDate": "15th century",
  "objectBeginDate": 1400,
  "objectEndDate": 1499,
  "medium": "Oak",
  "dimensions": "Overall: 77 1/8 x 40 3/8 x 2 3/8 in. (195.9 x 102.6 x 6 cm)",
  "measurements": [
    {
      "elementName": "Overall",
      "elementDescription": null,
      "elementMeasurements": {
        "Depth": 6.0325,
        "Height": 195.8979,
        "Width": 102.5527
      }
    }
  ],
  "creditLine": "Gift of George Blumenthal, 1935",
  "geographyType": "",
  "city": "",
  "state": "",
  "county": "",
  "country": "",
  "region": "",
  "subregion": "",
  "locale": "",
  "locus": "",
  "excavation": "",
  "river": "",
  "classification": "Woodwork-Furniture",
  "rightsAndReproduction": "",
  "linkResource": "",
  "metadataDate": "2021-03-25T04:38:15.3Z",
  "repository": "Metropolitan Museum of Art, New York, NY",
  "objectURL": "https://www.metmuseum.org/art/collection/search/471171",
  "tags": [
    {
      "term": "Doors",
      "AAT_URL": "http://vocab.getty.edu/page/aat/300002803",
      "Wikidata_URL": "https://www.wikidata.org/wiki/Q36794"
    }
  ],
  "objectWikidata_URL": "",
  "isTimelineWork": false,
  "GalleryNumber": "020",
  "prov": "George and Florence Blumenthal, Paris and New York (until 1935)"
}