{
  "objectID": 471194,
  "isHighlight": false,
  "accessionNumber": "36.94.1",
  "accessionYear": "1936",
  "isPublicDomain": true,
  "primaryImage": "https://images.metmuseum.org/CRDImages/cl/original/sf103702.jpg",
  "primaryImageSmall": "https://images.metmuseum.org/CRDImages/cl/web-large/sf103702.jpg",
  "additionalImages": [
    "https://images.metmuseum.org/CRDImages/cl/original/sf103703.jpg",
    "https://images.metmuseum.org/CRDImages/cl/original/DP104561.jpg"
  ],
  "constituents": null,
  "department": "The Cloisters",
  "objectName": "Capital",
  "title": "Double Capital",
  "culture": "French",
  "period": "",
  "dynasty": "",
  "reign": "",
  "portfolio": "",
  "artistRole": "",
  "artistPrefix": "",
  "artistDisplayName": "",
  "artistDisplayBio": "",
  "artistSuffix": "",
  "artistAlphaSort": "",
  "artistNationality": "",
  "artistBeginDate": "",
  "artistEndDate": "",
  "artistGender": "",
  "artistWikidata_URL": "",
  "artistULAN_URL": "",
  "objectDate": "late 15th century",
  "objectBeginDate": 1450,
  "objectEndDate": 1500,
  "medium": "Marble",
  "dimensions": "Overall: 13 3/4 x 20 x 11 1/4 in. (34.9 x 50.8 x 28.6 cm)",
  "measurements": [
    {
      "elementName": "Overall",
      "elementDescription": null,
      "elementMeasurements": {
        "Depth": 28.5751,
        "Height": 34.9251,
        "Width": 50.8001
      }
    }
  ],
  "creditLine": "Gift of Stephen C. Clark, 1939",
  "geographyType": "Made in",
  "city": "",
  "state": "Pyr\u00e9n\u00e9es",
  "county": "",
  "country": "France",
  "region": "",
  "subregion": "",
  "locale": "",
  "locus": "",
  "excavation": "",
  "river": "",
  "classification": "Sculpture-Architectural",
  "rightsAndReproduction": "",
  "linkResource": "",
  "metadataDate": "2021-07-16T04:41:38.683Z",
  "repository": "Metropolitan Museum of Art, New York, NY",
  "objectURL": "https://www.metmuseum.org/art/collection/search/471194",
  "tags": [
    {
      "term": "Women",
      "AAT_URL": "http://vocab.getty.edu/page/aat/300025943",
      "Wikidata_URL": "https://www.wikidata.org/wiki/Q467"
    },
    {
      "term": "Male Nudes",
      "AAT_URL": "http://vocab.getty.edu/page/aat/300189568",
      "Wikidata_URL": "https://www.wikidata.org/wiki/Q40446"
    },
    {
      "term": "Saints",
      "AAT_URL": "http://vocab.getty.edu/page/aat/300150555",
      "Wikidata_URL": "https://www.wikidata.org/wiki/Q43115"
    },
    {
      "term": "Men",
      "AAT_URL": "http://vocab.getty.edu/page/aat/300025928",
      "Wikidata_URL": "https://www.wikidata.org/wiki/Q8441"
    }
  ],
  "objectWikidata_URL": "",
  "isTimelineWork": false,
  "GalleryNumber": "012",
  "prov": "Carmelite convent at Trie-en-Bigorre, near Toulouse; Alcide Curie-Seimbres, Trie, France ; George Grey Barnard American, Bellefonte, Pennsylvania 1863\u20131938 New York, New York ; Stephen C. Clark 1882\u20131960, New York (until 1936)"
}