{
  "objectID": 471183,
  "isHighlight": false,
  "accessionNumber": "35.82.3",
  "accessionYear": "1935",
  "isPublicDomain": true,
  "primaryImage": "https://images.metmuseum.org/CRDImages/cl/original/cdi35-82-3.jpg",
  "primaryImageSmall": "https://images.metmuseum.org/CRDImages/cl/web-large/cdi35-82-3.jpg",
  "additionalImages": [
    "https://images.metmuseum.org/CRDImages/cl/original/35823001.jpg"
  ],
  "constituents": null,
  "department": "The Cloisters",
  "objectName": "Roundel",
  "title": "Grisaille Roundel",
  "culture": "German or Austrian (?)",
  "period": "",
  "dynasty": "",
  "reign": "",
  "portfolio": "",
  "artistRole": "",
  "artistPrefix": "",
  "artistDisplayName": "",
  "artistDisplayBio": "",
  "artistSuffix": "",
  "artistAlphaSort": "",
  "artistNationality": "",
  "artistBeginDate": "",
  "artistEndDate": "",
  "artistGender": "",
  "artistWikidata_URL": "",
  "artistULAN_URL": "",
  "objectDate": "mid-14th century",
  "objectBeginDate": 1340,
  "objectEndDate": 1360,
  "medium": "Pot-metal glass, colorless glass, and vitreous paint",
  "dimensions": "Overall: 20 1/4 in. (51.4 cm)",
  "measurements": [
    {
      "elementName": "Overall",
      "elementDescription": null,
      "elementMeasurements": {
        "Diameter": 51.435104
      }
    }
  ],
  "creditLine": "Purchase, Joseph Pulitzer Bequest, 1935",
  "geographyType": "",
  "city": "",
  "state": "",
  "county": "",
  "country": "",
  "region": "",
  "subregion": "",
  "locale": "",
  "locus": "",
  "excavation": "",
  "river": "",
  "classification": "Glass-Stained",
  "rightsAndReproduction": "",
  "linkResource": "",
  "metadataDate": "2021-07-16T04:41:38.683Z",
  "repository": "Metropolitan Museum of Art, New York, NY",
  "objectURL": "https://www.metmuseum.org/art/collection/search/471183",
  "tags": null,
  "objectWikidata_URL": "https://www.wikidata.org/wiki/Q20201610",
  "isTimelineWork": false,
  "GalleryNumber": "009",
  "prov": "Mrs. Whitelaw Reid, Ophir Hall, Purchase, NY"
}