{
  "objectID": 471146,
  "isHighlight": false,
  "accessionNumber": "34.21.11a-c",
  "accessionYear": "1934",
  "isPublicDomain": true,
  "primaryImage": "https://images.metmuseum.org/CRDImages/cl/original/cdi34-21-11.jpg",
  "primaryImageSmall": "https://images.metmuseum.org/CRDImages/cl/web-large/cdi34-21-11.jpg",
  "additionalImages": [
    "https://images.metmuseum.org/CRDImages/cl/original/cds34-21-11ad.jpg"
  ],
  "constituents": null,
  "department": "The Cloisters",
  "objectName": "Column",
  "title": "Double Column",
  "culture": "French",
  "period": "",
  "dynasty": "",
  "reign": "",
  "portfolio": "",
  "artistRole": "",
  "artistPrefix": "",
  "artistDisplayName": "",
  "artistDisplayBio": "",
  "artistSuffix": "",
  "artistAlphaSort": "",
  "artistNationality": "",
  "artistBeginDate": "",
  "artistEndDate": "",
  "artistGender": "",
  "artistWikidata_URL": "",
  "artistULAN_URL": "",
  "objectDate": "ca. 1125\u201350",
  "objectBeginDate": 1125,
  "objectEndDate": 1150,
  "medium": "Limestone",
  "dimensions": "Overall (base): 9 7/8 x 20 7/8 x 13 in. (25.1 x 53 x 33 cm)\r\nOverall (shaft): 31 5/8 x 6 in. (80.3 x 15.2 cm)\r\nOverall (capital): 16 3/8 x 24 x 15 7/8 in. (41.6 x 61 x 40.3 cm)",
  "measurements": [
    {
      "elementName": "Overall",
      "elementDescription": "shaft",
      "elementMeasurements": {
        "Diameter": 15.24003,
        "Height": 80.32766
      }
    },
    {
      "elementName": "Overall",
      "elementDescription": "base",
      "elementMeasurements": {
        "Diameter": 33.020065,
        "Height": 25.08255,
        "Width": 53.022606
      }
    },
    {
      "elementName": "Overall",
      "elementDescription": "capital",
      "elementMeasurements": {
        "Diameter": 40.322582,
        "Height": 41.592583,
        "Width": 60.96012
      }
    }
  ],
  "creditLine": "Gift of George Blumenthal, 1934",
  "geographyType": "Made in",
  "city": "",
  "state": "Gascony",
  "county": "",
  "country": "France",
  "region": "",
  "subregion": "",
  "locale": "",
  "locus": "",
  "excavation": "",
  "river": "",
  "classification": "Sculpture-Architectural",
  "rightsAndReproduction": "",
  "linkResource": "",
  "metadataDate": "2021-07-16T04:41:38.683Z",
  "repository": "Metropolitan Museum of Art, New York, NY",
  "objectURL": "https://www.metmuseum.org/art/collection/search/471146",
  "tags": null,
  "objectWikidata_URL": "",
  "isTimelineWork": false,
  "GalleryNumber": "003",
  "prov": "Probably from the Abbey of Notre Dame de La Grande-Sauve, (Gironde) part of ancient province of Guienne.; George and Florence Blumenthal, Paris and New York (until 1934)"
}