{
  "objectID": 471147,
  "isHighlight": false,
  "accessionNumber": "34.21.12a-d",
  "accessionYear": "1934",
  "isPublicDomain": true,
  "primaryImage": "https://images.metmuseum.org/CRDImages/cl/original/34_21_12a_cdi_s1.jpg",
  "primaryImageSmall": "https://images.metmuseum.org/CRDImages/cl/web-large/34_21_12a_cdi_s1.jpg",
  "additionalImages": [
    "https://images.metmuseum.org/CRDImages/cl/original/34_21_12a_cdi_s2.jpg",
    "https://images.metmuseum.org/CRDImages/cl/original/34_21_12a_cdi_s3.jpg",
    "https://images.metmuseum.org/CRDImages/cl/original/34_21_12a_cdi_s4.jpg",
    "https://images.metmuseum.org/CRDImages/cl/original/sf34-21-12a-d.jpg"
  ],
  "constituents": null,
  "department": "The Cloisters",
  "objectName": "Column",
  "title": "Double Column",
  "culture": "French",
  "period": "",
  "dynasty": "",
  "reign": "",
  "portfolio": "",
  "artistRole": "",
  "artistPrefix": "",
  "artistDisplayName": "",
  "artistDisplayBio": "",
  "artistSuffix": "",
  "artistAlphaSort": "",
  "artistNationality": "",
  "artistBeginDate": "",
  "artistEndDate": "",
  "artistGender": "",
  "artistWikidata_URL": "",
  "artistULAN_URL": "",
  "objectDate": "13th century",
  "objectBeginDate": 1200,
  "objectEndDate": 1299,
  "medium": "Marble.",
  "dimensions": "Overall (Capital): 13 1/2 in. (34.3 cm)\r\nOverall (Column): 54 1/2 in. (138.4 cm)\r\nOverall (base): 9 in. (22.9 cm)",
  "measurements": [
    {
      "elementName": "Overall",
      "elementDescription": "Capital",
      "elementMeasurements": {
        "Height": 34.2901
      }
    },
    {
      "elementName": "Overall",
      "elementDescription": "base",
      "elementMeasurements": {
        "Height": 22.86
      }
    },
    {
      "elementName": "Overall",
      "elementDescription": "Column",
      "elementMeasurements": {
        "Height": 138.4303
      }
    }
  ],
  "creditLine": "Gift of George Blumenthal, 1934",
  "geographyType": "",
  "city": "",
  "state": "",
  "county": "",
  "country": "",
  "region": "",
  "subregion": "",
  "locale": "",
  "locus": "",
  "excavation": "",
  "river": "",
  "classification": "Sculpture-Architectural",
  "rightsAndReproduction": "",
  "linkResource": "",
  "metadataDate": "2021-03-25T04:38:15.3Z",
  "repository": "Metropolitan Museum of Art, New York, NY",
  "objectURL": "https://www.metmuseum.org/art/collection/search/471147",
  "tags": [
    {
      "term": "Mythical Creatures",
      "AAT_URL": "http://vocab.getty.edu/page/aat/300375725",
      "Wikidata_URL": "https://www.wikidata.org/wiki/Q2239243"
    }
  ],
  "objectWikidata_URL": "",
  "isTimelineWork": false,
  "GalleryNumber": "003",
  "prov": "Mr. George Blumenthal, 15 Boulevard de Montmorency, Paris. \r\nGift to Cloisters, 1934.; George and Florence Blumenthal, Paris and New York (until 1934)"
}