{
  "objectID": 471182,
  "isHighlight": false,
  "accessionNumber": "35.82.2",
  "accessionYear": "1935",
  "isPublicDomain": true,
  "primaryImage": "https://images.metmuseum.org/CRDImages/cl/original/cdi35-82-2.jpg",
  "primaryImageSmall": "https://images.metmuseum.org/CRDImages/cl/web-large/cdi35-82-2.jpg",
  "additionalImages": [],
  "constituents": null,
  "department": "The Cloisters",
  "objectName": "Oculus",
  "title": "Oculus",
  "culture": "French",
  "period": "",
  "dynasty": "",
  "reign": "",
  "portfolio": "",
  "artistRole": "",
  "artistPrefix": "",
  "artistDisplayName": "",
  "artistDisplayBio": "",
  "artistSuffix": "",
  "artistAlphaSort": "",
  "artistNationality": "",
  "artistBeginDate": "",
  "artistEndDate": "",
  "artistGender": "",
  "artistWikidata_URL": "",
  "artistULAN_URL": "",
  "objectDate": "ca. 1235\u201340",
  "objectBeginDate": 1230,
  "objectEndDate": 1240,
  "medium": "Pot-metal glass and vitreous paint",
  "dimensions": "Overall: 21 1/4 in. (54 cm)",
  "measurements": [
    {
      "elementName": "Overall",
      "elementDescription": null,
      "elementMeasurements": {
        "Diameter": 53.97511
      }
    }
  ],
  "creditLine": "Purchase, Joseph Pulitzer Bequest, 1935",
  "geographyType": "Made in",
  "city": "",
  "state": "Lyon (?)",
  "county": "",
  "country": "",
  "region": "",
  "subregion": "",
  "locale": "",
  "locus": "",
  "excavation": "",
  "river": "",
  "classification": "Glass-Stained",
  "rightsAndReproduction": "",
  "linkResource": "",
  "metadataDate": "2021-07-16T04:41:38.683Z",
  "repository": "Metropolitan Museum of Art, New York, NY",
  "objectURL": "https://www.metmuseum.org/art/collection/search/471182",
  "tags": null,
  "objectWikidata_URL": "https://www.wikidata.org/wiki/Q20201607",
  "isTimelineWork": false,
  "GalleryNumber": "",
  "prov": "Mrs. Whitelaw Reid, Ophir Hall, Purchase, NY"
}