{
  "objectID": 471192,
  "isHighlight": false,
  "accessionNumber": "36.79.2",
  "accessionYear": "1936",
  "isPublicDomain": true,
  "primaryImage": "https://images.metmuseum.org/CRDImages/cl/original/cdi36-79-2s1a.jpg",
  "primaryImageSmall": "https://images.metmuseum.org/CRDImages/cl/web-large/cdi36-79-2s1a.jpg",
  "additionalImages": [
    "https://images.metmuseum.org/CRDImages/cl/original/cdi36-79-2s1b.jpg",
    "https://images.metmuseum.org/CRDImages/cl/original/cdi36-79-2d3.jpg",
    "https://images.metmuseum.org/CRDImages/cl/original/cdi36-79-2d2.jpg",
    "https://images.metmuseum.org/CRDImages/cl/original/cdi36-79-2s2a.jpg",
    "https://images.metmuseum.org/CRDImages/cl/original/cdi36-79-2s3.jpg",
    "https://images.metmuseum.org/CRDImages/cl/original/cdi36-79-2s4.jpg"
  ],
  "constituents": null,
  "department": "The Cloisters",
  "objectName": "Choir stall",
  "title": "Choir Stall",
  "culture": "French",
  "period": "",
  "dynasty": "",
  "reign": "",
  "portfolio": "",
  "artistRole": "",
  "artistPrefix": "",
  "artistDisplayName": "",
  "artistDisplayBio": "",
  "artistSuffix": "",
  "artistAlphaSort": "",
  "artistNationality": "",
  "artistBeginDate": "",
  "artistEndDate": "",
  "artistGender": "",
  "artistWikidata_URL": "",
  "artistULAN_URL": "",
  "objectDate": "15th century",
  "objectBeginDate": 1400,
  "objectEndDate": 1499,
  "medium": "oak",
  "dimensions": "Overall: 41 1/2 x 30 1/2 x 21 1/2 in. (105.4 x 77.5 x 54.6 cm)",
  "measurements": [
    {
      "elementName": "Overall",
      "elementDescription": null,
      "elementMeasurements": {
        "Depth": 54.6101,
        "Height": 105.4102,
        "Width": 77.4702
      }
    }
  ],
  "creditLine": "The Cloisters Collection, 1936",
  "geographyType": "",
  "city": "",
  "state": "",
  "county": "",
  "country": "",
  "region": "",
  "subregion": "",
  "locale": "",
  "locus": "",
  "excavation": "",
  "river": "",
  "classification": "Woodwork-Furniture",
  "rightsAndReproduction": "",
  "linkResource": "",
  "metadataDate": "2021-03-25T04:38:15.3Z",
  "repository": "Metropolitan Museum of Art, New York, NY",
  "objectURL": "https://www.metmuseum.org/art/collection/search/471192",
  "tags": [
    {
      "term": "Architecture",
      "AAT_URL": "http://vocab.getty.edu/page/aat/300263552",
      "Wikidata_URL": "https://www.wikidata.org/wiki/Q12271"
    }
  ],
  "objectWikidata_URL": "",
  "isTimelineWork": false,
  "GalleryNumber": "",
  "prov": "John D. Rockefeller Jr., New York (until 1936)"
}