{
  "objectID": 471195,
  "isHighlight": false,
  "accessionNumber": "36.94.2",
  "accessionYear": "1936",
  "isPublicDomain": true,
  "primaryImage": "https://images.metmuseum.org/CRDImages/cl/original/DP132226.jpg",
  "primaryImageSmall": "https://images.metmuseum.org/CRDImages/cl/web-large/DP132226.jpg",
  "additionalImages": [
    "https://images.metmuseum.org/CRDImages/cl/original/DP104561.jpg"
  ],
  "constituents": null,
  "department": "The Cloisters",
  "objectName": "Capital",
  "title": "Double Capital",
  "culture": "French",
  "period": "",
  "dynasty": "",
  "reign": "",
  "portfolio": "",
  "artistRole": "",
  "artistPrefix": "",
  "artistDisplayName": "",
  "artistDisplayBio": "",
  "artistSuffix": "",
  "artistAlphaSort": "",
  "artistNationality": "",
  "artistBeginDate": "",
  "artistEndDate": "",
  "artistGender": "",
  "artistWikidata_URL": "",
  "artistULAN_URL": "",
  "objectDate": "late 15th century",
  "objectBeginDate": 1450,
  "objectEndDate": 1500,
  "medium": "Marble",
  "dimensions": "Overall: 16 x 13 1/4 in. (40.6 x 33.7 cm)",
  "measurements": [
    {
      "elementName": "Overall",
      "elementDescription": null,
      "elementMeasurements": {
        "Diameter": 33.655067,
        "Height": 40.6
      }
    }
  ],
  "creditLine": "Gift of Stephen C. Clark, 1939",
  "geographyType": "Made in",
  "city": "Pyr\u00e9n\u00e9es",
  "state": "",
  "county": "",
  "country": "France",
  "region": "",
  "subregion": "",
  "locale": "",
  "locus": "",
  "excavation": "",
  "river": "",
  "classification": "Sculpture-Architectural",
  "rightsAndReproduction": "",
  "linkResource": "",
  "metadataDate": "2021-07-16T04:41:38.683Z",
  "repository": "Metropolitan Museum of Art, New York, NY",
  "objectURL": "https://www.metmuseum.org/art/collection/search/471195",
  "tags": null,
  "objectWikidata_URL": "",
  "isTimelineWork": false,
  "GalleryNumber": "012",
  "prov": "Carmelite convent at Trie-en-Bigorre, near Toulouse; George Grey Barnard American, Bellefonte, Pennsylvania 1863\u20131938 New York, New York ; Stephen C. Clark 1882\u20131960, New York (until 1936)"
}