{
  "objectID": 471150,
  "isHighlight": false,
  "accessionNumber": "34.21.15",
  "accessionYear": "1934",
  "isPublicDomain": true,
  "primaryImage": "https://images.metmuseum.org/CRDImages/cl/original/cdi34-21-15.jpg",
  "primaryImageSmall": "https://images.metmuseum.org/CRDImages/cl/web-large/cdi34-21-15.jpg",
  "additionalImages": [],
  "constituents": null,
  "department": "The Cloisters",
  "objectName": "Corbel",
  "title": "Corbel",
  "culture": "French",
  "period": "",
  "dynasty": "",
  "reign": "",
  "portfolio": "",
  "artistRole": "",
  "artistPrefix": "",
  "artistDisplayName": "",
  "artistDisplayBio": "",
  "artistSuffix": "",
  "artistAlphaSort": "",
  "artistNationality": "",
  "artistBeginDate": "",
  "artistEndDate": "",
  "artistGender": "",
  "artistWikidata_URL": "",
  "artistULAN_URL": "",
  "objectDate": "15th century",
  "objectBeginDate": 1400,
  "objectEndDate": 1499,
  "medium": "Stone",
  "dimensions": "Overall: 14 9/16 x 6 7/8 x 10 1/4 in. (37 x 17.5 x 26 cm)",
  "measurements": [
    {
      "elementName": "Overall",
      "elementDescription": null,
      "elementMeasurements": {
        "Depth": 26,
        "Height": 37,
        "Width": 17.5
      }
    }
  ],
  "creditLine": "Gift of George Blumenthal, 1934",
  "geographyType": "",
  "city": "",
  "state": "",
  "county": "",
  "country": "",
  "region": "",
  "subregion": "",
  "locale": "",
  "locus": "",
  "excavation": "",
  "river": "",
  "classification": "Sculpture-Architectural",
  "rightsAndReproduction": "",
  "linkResource": "",
  "metadataDate": "2021-03-25T04:38:15.3Z",
  "repository": "Metropolitan Museum of Art, New York, NY",
  "objectURL": "https://www.metmuseum.org/art/collection/search/471150",
  "tags": [
    {
      "term": "Animals",
      "AAT_URL": "http://vocab.getty.edu/page/aat/300249525",
      "Wikidata_URL": "https://www.wikidata.org/wiki/Q729"
    },
    {
      "term": "Architecture",
      "AAT_URL": "http://vocab.getty.edu/page/aat/300263552",
      "Wikidata_URL": "https://www.wikidata.org/wiki/Q12271"
    }
  ],
  "objectWikidata_URL": "",
  "isTimelineWork": false,
  "GalleryNumber": "",
  "prov": "George and Florence Blumenthal, Paris and New York (until 1934)"
}