{
  "objectID": 471188,
  "isHighlight": false,
  "accessionNumber": "35.143.2",
  "accessionYear": "1935",
  "isPublicDomain": true,
  "primaryImage": "https://images.metmuseum.org/CRDImages/cl/original/DP170850.jpg",
  "primaryImageSmall": "https://images.metmuseum.org/CRDImages/cl/web-large/DP170850.jpg",
  "additionalImages": [
    "https://images.metmuseum.org/CRDImages/cl/original/DP170851.jpg"
  ],
  "constituents": null,
  "department": "The Cloisters",
  "objectName": "Window",
  "title": "Lancet Window",
  "culture": "French",
  "period": "",
  "dynasty": "",
  "reign": "",
  "portfolio": "",
  "artistRole": "",
  "artistPrefix": "",
  "artistDisplayName": "",
  "artistDisplayBio": "",
  "artistSuffix": "",
  "artistAlphaSort": "",
  "artistNationality": "",
  "artistBeginDate": "",
  "artistEndDate": "",
  "artistGender": "",
  "artistWikidata_URL": "",
  "artistULAN_URL": "",
  "objectDate": "1250\u20131300",
  "objectBeginDate": 1250,
  "objectEndDate": 1300,
  "medium": "Limestone",
  "dimensions": "Overall: 177 x 114 in. (449.6 x 289.6 cm)",
  "measurements": [
    {
      "elementName": "Overall",
      "elementDescription": null,
      "elementMeasurements": {
        "Height": 449.5809,
        "Width": 289.5606
      }
    }
  ],
  "creditLine": "The Cloisters Collection, 1935",
  "geographyType": "Made in",
  "city": "",
  "state": "Normandy",
  "county": "",
  "country": "France",
  "region": "",
  "subregion": "",
  "locale": "",
  "locus": "",
  "excavation": "",
  "river": "",
  "classification": "Installations",
  "rightsAndReproduction": "",
  "linkResource": "",
  "metadataDate": "2021-03-25T04:38:15.3Z",
  "repository": "Metropolitan Museum of Art, New York, NY",
  "objectURL": "https://www.metmuseum.org/art/collection/search/471188",
  "tags": null,
  "objectWikidata_URL": "",
  "isTimelineWork": true,
  "GalleryNumber": "008",
  "prov": "From a building in Beaumont-Le-Roger, France\r\n; Simon, Beaumont-Le-Roger, France (sold 1935) ; [ Brummer Gallery, New York and Paris (sold 1935)]"
}