{
  "objectID": 471193,
  "isHighlight": false,
  "accessionNumber": "36.93",
  "accessionYear": "1936",
  "isPublicDomain": true,
  "primaryImage": "https://images.metmuseum.org/CRDImages/cl/original/cdi36-93.jpg",
  "primaryImageSmall": "https://images.metmuseum.org/CRDImages/cl/web-large/cdi36-93.jpg",
  "additionalImages": [],
  "constituents": null,
  "department": "The Cloisters",
  "objectName": "Doorway",
  "title": "Doorway",
  "culture": "French",
  "period": "",
  "dynasty": "",
  "reign": "",
  "portfolio": "",
  "artistRole": "",
  "artistPrefix": "",
  "artistDisplayName": "",
  "artistDisplayBio": "",
  "artistSuffix": "",
  "artistAlphaSort": "",
  "artistNationality": "",
  "artistBeginDate": "",
  "artistEndDate": "",
  "artistGender": "",
  "artistWikidata_URL": "",
  "artistULAN_URL": "",
  "objectDate": "early 16th century",
  "objectBeginDate": 1500,
  "objectEndDate": 1525,
  "medium": "Limestone",
  "dimensions": "Overall: 139 3/4 x 70 7/8 in. (355 x 180 cm)\r\nOpening: 76 3/4 x 36 3/4 in. (194.9 x 93.3 cm)",
  "measurements": [
    {
      "elementName": "Other",
      "elementDescription": null,
      "elementMeasurements": {
        "Height": 194.94539,
        "Width": 93.345184
      }
    },
    {
      "elementName": "Overall",
      "elementDescription": null,
      "elementMeasurements": {
        "Height": 354.9657,
        "Width": 180.0229
      }
    }
  ],
  "creditLine": "The Cloisters Collection, 1936",
  "geographyType": "Made in",
  "city": "Meurthe-et-Moselle",
  "state": "Lorraine",
  "county": "",
  "country": "France",
  "region": "",
  "subregion": "",
  "locale": "",
  "locus": "",
  "excavation": "",
  "river": "",
  "classification": "Installations",
  "rightsAndReproduction": "",
  "linkResource": "",
  "metadataDate": "2021-03-25T04:38:15.3Z",
  "repository": "Metropolitan Museum of Art, New York, NY",
  "objectURL": "https://www.metmuseum.org/art/collection/search/471193",
  "tags": [
    {
      "term": "Doorways",
      "AAT_URL": "http://vocab.getty.edu/page/aat/300002767",
      "Wikidata_URL": "https://www.wikidata.org/wiki/Q21263223"
    }
  ],
  "objectWikidata_URL": "",
  "isTimelineWork": false,
  "GalleryNumber": "020",
  "prov": "From the Presbytery of the Church of Saint Julien at Pont-Saint-Vincent, near Nancy; C. Joret, Paris (until 1936)"
}