{
  "objectID": 471239,
  "isHighlight": false,
  "accessionNumber": "44.63.1a, b",
  "accessionYear": "1944",
  "isPublicDomain": true,
  "primaryImage": "https://images.metmuseum.org/CRDImages/cl/original/DP102923.jpg",
  "primaryImageSmall": "https://images.metmuseum.org/CRDImages/cl/web-large/DP102923.jpg",
  "additionalImages": [],
  "constituents": null,
  "department": "The Cloisters",
  "objectName": "Candlestick",
  "title": "Paschal Candlestick",
  "culture": "Spanish",
  "period": "",
  "dynasty": "",
  "reign": "",
  "portfolio": "",
  "artistRole": "",
  "artistPrefix": "",
  "artistDisplayName": "",
  "artistDisplayBio": "",
  "artistSuffix": "",
  "artistAlphaSort": "",
  "artistNationality": "",
  "artistBeginDate": "",
  "artistEndDate": "",
  "artistGender": "",
  "artistWikidata_URL": "",
  "artistULAN_URL": "",
  "objectDate": "ca. 1450\u20131500",
  "objectBeginDate": 1450,
  "objectEndDate": 1500,
  "medium": "Wood with paint and gilding",
  "dimensions": "Overall: 77 x 17 1/4 in. (195.6 x 43.8 cm)",
  "measurements": [
    {
      "elementName": "Overall",
      "elementDescription": null,
      "elementMeasurements": {
        "Height": 195.5804,
        "Width": 43.8151
      }
    }
  ],
  "creditLine": "Fletcher Fund, 1944",
  "geographyType": "Made in",
  "city": "",
  "state": "Castile-L\u00e9on",
  "county": "",
  "country": "Spain",
  "region": "",
  "subregion": "",
  "locale": "",
  "locus": "",
  "excavation": "",
  "river": "",
  "classification": "Woodwork-Furniture",
  "rightsAndReproduction": "",
  "linkResource": "",
  "metadataDate": "2021-07-16T04:41:38.683Z",
  "repository": "Metropolitan Museum of Art, New York, NY",
  "objectURL": "https://www.metmuseum.org/art/collection/search/471239",
  "tags": [
    {
      "term": "Apostles",
      "AAT_URL": "http://vocab.getty.edu/page/aat/300343837",
      "Wikidata_URL": "https://www.wikidata.org/wiki/Q43412"
    },
    {
      "term": "Adam",
      "AAT_URL": "http://vocab.getty.edu/page/ia/901000219",
      "Wikidata_URL": "https://www.wikidata.org/wiki/Q70899"
    },
    {
      "term": "Eve",
      "AAT_URL": "http://vocab.getty.edu/page/ia/901000205",
      "Wikidata_URL": "https://www.wikidata.org/wiki/Q830183"
    },
    {
      "term": "Saints",
      "AAT_URL": "http://vocab.getty.edu/page/aat/300150555",
      "Wikidata_URL": "https://www.wikidata.org/wiki/Q43115"
    }
  ],
  "objectWikidata_URL": "https://www.wikidata.org/wiki/Q20201026",
  "isTimelineWork": false,
  "GalleryNumber": "016",
  "prov": "[ P. W. French & Co., New York (in 1915] ; Clarence H. Mackay, Roslyn, NY and His Estate ; [ P. W. French & Co., New York (sold 1944)]"
}