{
  "objectID": 471290,
  "isHighlight": false,
  "accessionNumber": "47.101.54",
  "accessionYear": "1947",
  "isPublicDomain": true,
  "primaryImage": "https://images.metmuseum.org/CRDImages/cl/original/DP124398.jpg",
  "primaryImageSmall": "https://images.metmuseum.org/CRDImages/cl/web-large/DP124398.jpg",
  "additionalImages": [
    "https://images.metmuseum.org/CRDImages/cl/original/DP117246.jpg",
    "https://images.metmuseum.org/CRDImages/cl/original/DP117247.jpg"
  ],
  "constituents": null,
  "department": "The Cloisters",
  "objectName": "Aquamanile",
  "title": "Aquamanile in the Form of a Soldier on Horseback",
  "culture": "German",
  "period": "",
  "dynasty": "",
  "reign": "",
  "portfolio": "",
  "artistRole": "",
  "artistPrefix": "",
  "artistDisplayName": "",
  "artistDisplayBio": "",
  "artistSuffix": "",
  "artistAlphaSort": "",
  "artistNationality": "",
  "artistBeginDate": "",
  "artistEndDate": "",
  "artistGender": "",
  "artistWikidata_URL": "",
  "artistULAN_URL": "",
  "objectDate": "early 15th century",
  "objectBeginDate": 1400,
  "objectEndDate": 1450,
  "medium": "Copper alloy",
  "dimensions": "10 9/16 \u00d7 9 15/16 \u00d7 3 3/4 in., 4.6 lb. (26.8 \u00d7 25.2 \u00d7 9.5 cm, 2086g)",
  "measurements": [
    {
      "elementName": "Overall",
      "elementDescription": null,
      "elementMeasurements": {
        "Depth": 9.525019,
        "Height": 26.828804,
        "Weight": 2.086,
        "Width": 25.2413
      }
    }
  ],
  "creditLine": "The Cloisters Collection, 1947",
  "geographyType": "Made in",
  "city": "Nuremberg",
  "state": "",
  "county": "",
  "country": "Germany",
  "region": "",
  "subregion": "",
  "locale": "",
  "locus": "",
  "excavation": "",
  "river": "",
  "classification": "Metalwork-Copper alloy",
  "rightsAndReproduction": "",
  "linkResource": "",
  "metadataDate": "2021-07-16T04:41:38.683Z",
  "repository": "Metropolitan Museum of Art, New York, NY",
  "objectURL": "https://www.metmuseum.org/art/collection/search/471290",
  "tags": [
    {
      "term": "Soldiers",
      "AAT_URL": "http://vocab.getty.edu/page/aat/300185678",
      "Wikidata_URL": "https://www.wikidata.org/wiki/Q4991371"
    },
    {
      "term": "Horse Riding",
      "AAT_URL": "http://vocab.getty.edu/page/aat/300249313",
      "Wikidata_URL": "https://www.wikidata.org/wiki/Q179226"
    },
    {
      "term": "Men",
      "AAT_URL": "http://vocab.getty.edu/page/aat/300025928",
      "Wikidata_URL": "https://www.wikidata.org/wiki/Q8441"
    }
  ],
  "objectWikidata_URL": "",
  "isTimelineWork": false,
  "GalleryNumber": "010",
  "prov": "Baron Arthur Schickler 1828\u20131919, Paris and Ch\u00e2teau Martinvast ; Hubert de Pourtal\u00e8s, Ch\u00e2teau Martinvast, Normandy (sold 1936) ; [ Brummer Gallery (1936, through Guiraud Fr\u00e8res\u2013sold 1947)]"
}