{
  "objectID": 471258,
  "isHighlight": false,
  "accessionNumber": "47.101.13a, b",
  "accessionYear": "1947",
  "isPublicDomain": true,
  "primaryImage": "https://images.metmuseum.org/CRDImages/cl/original/cdi47-101-13.jpg",
  "primaryImageSmall": "https://images.metmuseum.org/CRDImages/cl/web-large/cdi47-101-13.jpg",
  "additionalImages": [],
  "constituents": null,
  "department": "The Cloisters",
  "objectName": "Statue",
  "title": "Saint Margaret of Antioch under Canopy",
  "culture": "Catalan",
  "period": "",
  "dynasty": "",
  "reign": "",
  "portfolio": "",
  "artistRole": "",
  "artistPrefix": "",
  "artistDisplayName": "",
  "artistDisplayBio": "",
  "artistSuffix": "",
  "artistAlphaSort": "",
  "artistNationality": "",
  "artistBeginDate": "",
  "artistEndDate": "",
  "artistGender": "",
  "artistWikidata_URL": "",
  "artistULAN_URL": "",
  "objectDate": "1330\u201340",
  "objectBeginDate": 1330,
  "objectEndDate": 1340,
  "medium": "Limestone and paint",
  "dimensions": "Overall (a: standing figure): 87 in. (221 cm)\r\nOverall (b: canopy): 21 1/2 x 25 1/2 in. (54.6 x 64.8 cm)",
  "measurements": [
    {
      "elementName": "Overall",
      "elementDescription": "a: standing figure",
      "elementMeasurements": {
        "Height": 220.98044
      }
    },
    {
      "elementName": "Overall",
      "elementDescription": "b: canopy",
      "elementMeasurements": {
        "Height": 54.610107,
        "Width": 64.77013
      }
    }
  ],
  "creditLine": "The Cloisters Collection, 1947",
  "geographyType": "Made in",
  "city": "Lleida",
  "state": "",
  "county": "",
  "country": "present-day Spain",
  "region": "",
  "subregion": "",
  "locale": "",
  "locus": "",
  "excavation": "",
  "river": "",
  "classification": "Sculpture",
  "rightsAndReproduction": "",
  "linkResource": "",
  "metadataDate": "2021-07-16T04:41:38.683Z",
  "repository": "Metropolitan Museum of Art, New York, NY",
  "objectURL": "https://www.metmuseum.org/art/collection/search/471258",
  "tags": [
    {
      "term": "Women",
      "AAT_URL": "http://vocab.getty.edu/page/aat/300025943",
      "Wikidata_URL": "https://www.wikidata.org/wiki/Q467"
    },
    {
      "term": "Saints",
      "AAT_URL": "http://vocab.getty.edu/page/aat/300150555",
      "Wikidata_URL": "https://www.wikidata.org/wiki/Q43115"
    }
  ],
  "objectWikidata_URL": "https://www.wikidata.org/wiki/Q20201683",
  "isTimelineWork": false,
  "GalleryNumber": "009",
  "prov": "From the Montcada family chapel of Sant Pere in the cathedral of Santa Maria de la Seu Vella, Lleida; [ Nicolas Brimo, Paris (sold 1934) ] ; [ Brummer Gallery, Paris and New York (1934\u20131947) ]"
}