{
  "objectID": 471232,
  "isHighlight": false,
  "accessionNumber": "38.168.9",
  "accessionYear": "1938",
  "isPublicDomain": true,
  "primaryImage": "https://images.metmuseum.org/CRDImages/cl/original/cdi38-168-9.jpg",
  "primaryImageSmall": "https://images.metmuseum.org/CRDImages/cl/web-large/cdi38-168-9.jpg",
  "additionalImages": [
    "https://images.metmuseum.org/CRDImages/cl/original/cdi 38-168-9s1.jpg"
  ],
  "constituents": null,
  "department": "The Cloisters",
  "objectName": "Candelabra",
  "title": "Candelabra",
  "culture": "European",
  "period": "",
  "dynasty": "",
  "reign": "",
  "portfolio": "",
  "artistRole": "",
  "artistPrefix": "",
  "artistDisplayName": "",
  "artistDisplayBio": "",
  "artistSuffix": "",
  "artistAlphaSort": "",
  "artistNationality": "",
  "artistBeginDate": "",
  "artistEndDate": "",
  "artistGender": "",
  "artistWikidata_URL": "",
  "artistULAN_URL": "",
  "objectDate": "16th century",
  "objectBeginDate": 1500,
  "objectEndDate": 1599,
  "medium": "Iron",
  "dimensions": "Overall: 63 3/4 x 25 1/4 x 27 1/4 in. (161.9 x 64.1 x 69.2 cm)",
  "measurements": [
    {
      "elementName": "Overall",
      "elementDescription": null,
      "elementMeasurements": {
        "Depth": 69.2151,
        "Height": 161.9253,
        "Width": 64.1351
      }
    }
  ],
  "creditLine": "The Cloisters Collection, 1938",
  "geographyType": "",
  "city": "",
  "state": "",
  "county": "",
  "country": "",
  "region": "",
  "subregion": "",
  "locale": "",
  "locus": "",
  "excavation": "",
  "river": "",
  "classification": "Metalwork-Iron",
  "rightsAndReproduction": "",
  "linkResource": "",
  "metadataDate": "2021-06-23T04:38:27.84Z",
  "repository": "Metropolitan Museum of Art, New York, NY",
  "objectURL": "https://www.metmuseum.org/art/collection/search/471232",
  "tags": null,
  "objectWikidata_URL": "",
  "isTimelineWork": false,
  "GalleryNumber": "007",
  "prov": "[ Brummer Gallery, Paris and New York (sold 1938)]"
}