{
  "objectID": 471218,
  "isHighlight": false,
  "accessionNumber": "37.173.3",
  "accessionYear": "1937",
  "isPublicDomain": true,
  "primaryImage": "https://images.metmuseum.org/CRDImages/cl/original/cdi37-173-3.jpg",
  "primaryImageSmall": "https://images.metmuseum.org/CRDImages/cl/web-large/cdi37-173-3.jpg",
  "additionalImages": [],
  "constituents": null,
  "department": "The Cloisters",
  "objectName": "Panel",
  "title": "King Louis IX Carrying the Crown of Thorns",
  "culture": "French",
  "period": "",
  "dynasty": "",
  "reign": "",
  "portfolio": "",
  "artistRole": "",
  "artistPrefix": "",
  "artistDisplayName": "",
  "artistDisplayBio": "",
  "artistSuffix": "",
  "artistAlphaSort": "",
  "artistNationality": "",
  "artistBeginDate": "",
  "artistEndDate": "",
  "artistGender": "",
  "artistWikidata_URL": "",
  "artistULAN_URL": "",
  "objectDate": "ca. 1245\u201348",
  "objectBeginDate": 1245,
  "objectEndDate": 1248,
  "medium": "Pot-metal glass and vitreous paint",
  "dimensions": "Overall: 21 11/16 x 13 15/16 in. (55.1 x 35.4 cm)",
  "measurements": [
    {
      "elementName": "Overall",
      "elementDescription": null,
      "elementMeasurements": {
        "Height": 55.0864,
        "Width": 35.4013
      }
    }
  ],
  "creditLine": "The Cloisters Collection, 1937",
  "geographyType": "Made in",
  "city": "Tours",
  "state": "",
  "county": "",
  "country": "France",
  "region": "",
  "subregion": "",
  "locale": "",
  "locus": "",
  "excavation": "",
  "river": "",
  "classification": "Glass-Stained",
  "rightsAndReproduction": "",
  "linkResource": "",
  "metadataDate": "2021-07-16T04:41:38.683Z",
  "repository": "Metropolitan Museum of Art, New York, NY",
  "objectURL": "https://www.metmuseum.org/art/collection/search/471218",
  "tags": [
    {
      "term": "Men",
      "AAT_URL": "http://vocab.getty.edu/page/aat/300025928",
      "Wikidata_URL": "https://www.wikidata.org/wiki/Q8441"
    },
    {
      "term": "Kings",
      "AAT_URL": "http://vocab.getty.edu/page/aat/300025481",
      "Wikidata_URL": "https://www.wikidata.org/wiki/Q12097"
    }
  ],
  "objectWikidata_URL": "https://www.wikidata.org/wiki/Q20201667",
  "isTimelineWork": true,
  "GalleryNumber": "008",
  "prov": "From the ambulatory (?) of the Cathedral of Saint-Gatien, Tours; [ Nicolas Brimo, Paris] and ; [ Andr\u00e9 Lion, Paris (sold 1937)]"
}