{
  "objectID": 471287,
  "isHighlight": false,
  "accessionNumber": "47.101.51",
  "accessionYear": "1947",
  "isPublicDomain": true,
  "primaryImage": "https://images.metmuseum.org/CRDImages/cl/original/DP123973.jpg",
  "primaryImageSmall": "https://images.metmuseum.org/CRDImages/cl/web-large/DP123973.jpg",
  "additionalImages": [
    "https://images.metmuseum.org/CRDImages/cl/original/DP123974.jpg",
    "https://images.metmuseum.org/CRDImages/cl/original/DP123975.jpg"
  ],
  "constituents": null,
  "department": "The Cloisters",
  "objectName": "Aquamanile",
  "title": "Aquamanile in the Form of a Dragon",
  "culture": "North German",
  "period": "",
  "dynasty": "",
  "reign": "",
  "portfolio": "",
  "artistRole": "",
  "artistPrefix": "",
  "artistDisplayName": "",
  "artistDisplayBio": "",
  "artistSuffix": "",
  "artistAlphaSort": "",
  "artistNationality": "",
  "artistBeginDate": "",
  "artistEndDate": "",
  "artistGender": "",
  "artistWikidata_URL": "",
  "artistULAN_URL": "",
  "objectDate": "ca. 1200",
  "objectBeginDate": 1175,
  "objectEndDate": 1225,
  "medium": "Copper alloy",
  "dimensions": "Overall: 8 3/4 x 7 1/4 in., 4.4 lb. (22.2 x 18.4 cm, 2 kg)\r\nOverall PD: 8 3/8 x 4 3/8 x 7 3/16 in. (21.2 x 11.1 x 18.2 cm)\r\nThickness PD: 3/25 in. (0.3 cm)",
  "measurements": [
    {
      "elementName": "Overall",
      "elementDescription": null,
      "elementMeasurements": {
        "Height": 22.225,
        "Weight": 1.979951,
        "Width": 18.415
      }
    }
  ],
  "creditLine": "The Cloisters Collection, 1947",
  "geographyType": "",
  "city": "",
  "state": "",
  "county": "",
  "country": "",
  "region": "",
  "subregion": "",
  "locale": "",
  "locus": "",
  "excavation": "",
  "river": "",
  "classification": "Metalwork-Copper alloy",
  "rightsAndReproduction": "",
  "linkResource": "",
  "metadataDate": "2021-11-10T04:35:50.447Z",
  "repository": "Metropolitan Museum of Art, New York, NY",
  "objectURL": "https://www.metmuseum.org/art/collection/search/471287",
  "tags": [
    {
      "term": "Men",
      "AAT_URL": "http://vocab.getty.edu/page/aat/300025928",
      "Wikidata_URL": "https://www.wikidata.org/wiki/Q8441"
    },
    {
      "term": "Dragons",
      "AAT_URL": "http://vocab.getty.edu/page/aat/300375726",
      "Wikidata_URL": "https://www.wikidata.org/wiki/Q7559"
    }
  ],
  "objectWikidata_URL": "",
  "isTimelineWork": true,
  "GalleryNumber": "001",
  "prov": "Hubert de Pourtal\u00e8s, Ch\u00e2teau Martinvast, Normandy (sold 1936) ; [ Brummer Gallery (1936, through Guiraud Fr\u00e8res\u2013sold 1947)]"
}