{
  "objectID": 471263,
  "isHighlight": false,
  "accessionNumber": "47.101.21",
  "accessionYear": "1947",
  "isPublicDomain": true,
  "primaryImage": "https://images.metmuseum.org/CRDImages/cl/original/DP147278.jpg",
  "primaryImageSmall": "https://images.metmuseum.org/CRDImages/cl/web-large/DP147278.jpg",
  "additionalImages": [
    "https://images.metmuseum.org/CRDImages/cl/original/DP147277.jpg",
    "https://images.metmuseum.org/CRDImages/cl/original/DP147276.jpg",
    "https://images.metmuseum.org/CRDImages/cl/original/DP147275.jpg",
    "https://images.metmuseum.org/CRDImages/cl/original/DP147274.jpg",
    "https://images.metmuseum.org/CRDImages/cl/original/DP134429.jpg",
    "https://images.metmuseum.org/CRDImages/cl/original/DP136597.jpg",
    "https://images.metmuseum.org/CRDImages/cl/original/DP134428.jpg",
    "https://images.metmuseum.org/CRDImages/cl/original/DP136598.jpg"
  ],
  "constituents": null,
  "department": "The Cloisters",
  "objectName": "Font",
  "title": "Baptismal Font",
  "culture": "South Netherlandish",
  "period": "",
  "dynasty": "",
  "reign": "",
  "portfolio": "",
  "artistRole": "",
  "artistPrefix": "",
  "artistDisplayName": "",
  "artistDisplayBio": "",
  "artistSuffix": "",
  "artistAlphaSort": "",
  "artistNationality": "",
  "artistBeginDate": "",
  "artistEndDate": "",
  "artistGender": "",
  "artistWikidata_URL": "",
  "artistULAN_URL": "",
  "objectDate": "ca. 1155\u201370",
  "objectBeginDate": 1155,
  "objectEndDate": 1170,
  "medium": "Dark calciferous limestone",
  "dimensions": "15 1/2 x 51 in., 400lb. (39.4 x 129.5 cm, 181.4kg)",
  "measurements": [
    {
      "elementName": "Overall",
      "elementDescription": null,
      "elementMeasurements": {
        "Diameter": 129.5403,
        "Height": 39.3701,
        "Weight": 181.4388
      }
    }
  ],
  "creditLine": "The Cloisters Collection, 1947",
  "geographyType": "Made in",
  "city": "",
  "state": "Li\u00e8ge",
  "county": "",
  "country": "South Netherlands",
  "region": "",
  "subregion": "",
  "locale": "",
  "locus": "",
  "excavation": "",
  "river": "",
  "classification": "Sculpture-Architectural",
  "rightsAndReproduction": "",
  "linkResource": "",
  "metadataDate": "2021-11-10T04:35:50.447Z",
  "repository": "Metropolitan Museum of Art, New York, NY",
  "objectURL": "https://www.metmuseum.org/art/collection/search/471263",
  "tags": null,
  "objectWikidata_URL": "",
  "isTimelineWork": true,
  "GalleryNumber": "001",
  "prov": "Church of Saint-Jean-Baptiste, Wellen, Belgium  (until 1890) ; Monastery of Saint-Trond, Belgium (1890\u2013sold 1922) ; Major Lambert d'Audenarde, Belgium (1922\u2013sold 1926, lot 138) ; [ C. Joret, Paris (sold 1935)] ; [ Brummer Gallery, Paris and New York (1935\u2013sold 1947)]"
}