{
  "objectID": 471214,
  "isHighlight": false,
  "accessionNumber": "37.147.3",
  "accessionYear": "1937",
  "isPublicDomain": true,
  "primaryImage": "https://images.metmuseum.org/CRDImages/cl/original/DP-16117-003.jpg",
  "primaryImageSmall": "https://images.metmuseum.org/CRDImages/cl/web-large/DP-16117-003.jpg",
  "additionalImages": [
    "https://images.metmuseum.org/CRDImages/cl/original/cdi37-147-3.jpg"
  ],
  "constituents": null,
  "department": "The Cloisters",
  "objectName": "Panel",
  "title": "Heraldic Panel with Arms of the House of Hapsburg",
  "culture": "South Netherlandish",
  "period": "",
  "dynasty": "",
  "reign": "",
  "portfolio": "",
  "artistRole": "",
  "artistPrefix": "",
  "artistDisplayName": "",
  "artistDisplayBio": "",
  "artistSuffix": "",
  "artistAlphaSort": "",
  "artistNationality": "",
  "artistBeginDate": "",
  "artistEndDate": "",
  "artistGender": "",
  "artistWikidata_URL": "",
  "artistULAN_URL": "",
  "objectDate": "ca. 1504\u20136",
  "objectBeginDate": 1504,
  "objectEndDate": 1506,
  "medium": "Pot-metal glass, white glass, vitreous paint, and silver stain",
  "dimensions": "34 \u00d7 21 in. (86.4 \u00d7 53.3 cm)\r\nwith modern glass surround: 37 1/2 \u00d7 28 \u00d7 1 in. (95.3 \u00d7 71.1 \u00d7 2.5 cm)",
  "measurements": [
    {
      "elementName": "Overall",
      "elementDescription": null,
      "elementMeasurements": {
        "Height": 86.360176,
        "Width": 53.340107
      }
    },
    {
      "elementName": "Overall",
      "elementDescription": "with modern glass surround",
      "elementMeasurements": {
        "Depth": 2.540005,
        "Height": 95.25019,
        "Width": 71.12014
      }
    }
  ],
  "creditLine": "The Cloisters Collection, 1937",
  "geographyType": "Made in",
  "city": "",
  "state": "possibly Ghent",
  "county": "",
  "country": "",
  "region": "",
  "subregion": "",
  "locale": "",
  "locus": "",
  "excavation": "",
  "river": "",
  "classification": "Glass-Stained",
  "rightsAndReproduction": "",
  "linkResource": "",
  "metadataDate": "2021-08-27T04:35:50.467Z",
  "repository": "Metropolitan Museum of Art, New York, NY",
  "objectURL": "https://www.metmuseum.org/art/collection/search/471214",
  "tags": [
    {
      "term": "Coat of Arms",
      "AAT_URL": "http://vocab.getty.edu/page/aat/300126352",
      "Wikidata_URL": "https://www.wikidata.org/wiki/Q14659"
    }
  ],
  "objectWikidata_URL": "https://www.wikidata.org/wiki/Q20201672",
  "isTimelineWork": false,
  "GalleryNumber": "017",
  "prov": "Probably from the Gravensteen at Ghent; Roy Grosvenor Thomas, New York and London (until 1937)"
}