{
  "objectID": 471203,
  "isHighlight": false,
  "accessionNumber": "37.80.14",
  "accessionYear": "1937",
  "isPublicDomain": true,
  "primaryImage": "https://images.metmuseum.org/CRDImages/cl/original/cdi37-80-14.jpg",
  "primaryImageSmall": "https://images.metmuseum.org/CRDImages/cl/web-large/cdi37-80-14.jpg",
  "additionalImages": [
    "https://images.metmuseum.org/CRDImages/cl/original/cdi37-80-14s2.jpg"
  ],
  "constituents": null,
  "department": "The Cloisters",
  "objectName": "Bust",
  "title": "Bust of a Bishop",
  "culture": "French",
  "period": "",
  "dynasty": "",
  "reign": "",
  "portfolio": "",
  "artistRole": "",
  "artistPrefix": "",
  "artistDisplayName": "",
  "artistDisplayBio": "",
  "artistSuffix": "",
  "artistAlphaSort": "",
  "artistNationality": "",
  "artistBeginDate": "",
  "artistEndDate": "",
  "artistGender": "",
  "artistWikidata_URL": "",
  "artistULAN_URL": "",
  "objectDate": "15th century",
  "objectBeginDate": 1400,
  "objectEndDate": 1499,
  "medium": "Wood, paint",
  "dimensions": "Overall: 26 1/4 x 19 1/2 in. (66.7 x 49.5 cm)",
  "measurements": [
    {
      "elementName": "Overall",
      "elementDescription": null,
      "elementMeasurements": {
        "Height": 66.67513,
        "Width": 49.530098
      }
    }
  ],
  "creditLine": "Gift of John D. Rockefeller Jr., 1937",
  "geographyType": "",
  "city": "",
  "state": "",
  "county": "",
  "country": "",
  "region": "",
  "subregion": "",
  "locale": "",
  "locus": "",
  "excavation": "",
  "river": "",
  "classification": "Sculpture-Wood",
  "rightsAndReproduction": "",
  "linkResource": "",
  "metadataDate": "2021-03-25T04:38:15.3Z",
  "repository": "Metropolitan Museum of Art, New York, NY",
  "objectURL": "https://www.metmuseum.org/art/collection/search/471203",
  "tags": [
    {
      "term": "Bishops",
      "AAT_URL": "http://vocab.getty.edu/page/aat/300025756",
      "Wikidata_URL": "https://www.wikidata.org/wiki/Q29182"
    },
    {
      "term": "Men",
      "AAT_URL": "http://vocab.getty.edu/page/aat/300025928",
      "Wikidata_URL": "https://www.wikidata.org/wiki/Q8441"
    }
  ],
  "objectWikidata_URL": "https://www.wikidata.org/wiki/Q20201670",
  "isTimelineWork": false,
  "GalleryNumber": "",
  "prov": "[ Demotte Inc., Paris (?)] ; John D. Rockefeller Jr., New York (until 1937)"
}