{
  "objectID": 471205,
  "isHighlight": false,
  "accessionNumber": "37.80.17",
  "accessionYear": "1937",
  "isPublicDomain": true,
  "primaryImage": "https://images.metmuseum.org/CRDImages/cl/original/cdi37-80-17.jpg",
  "primaryImageSmall": "https://images.metmuseum.org/CRDImages/cl/web-large/cdi37-80-17.jpg",
  "additionalImages": [],
  "constituents": null,
  "department": "The Cloisters",
  "objectName": "Chair, Savonarola",
  "title": "Folding Armchair",
  "culture": "Italian",
  "period": "",
  "dynasty": "",
  "reign": "",
  "portfolio": "",
  "artistRole": "",
  "artistPrefix": "",
  "artistDisplayName": "",
  "artistDisplayBio": "",
  "artistSuffix": "",
  "artistAlphaSort": "",
  "artistNationality": "",
  "artistBeginDate": "",
  "artistEndDate": "",
  "artistGender": "",
  "artistWikidata_URL": "",
  "artistULAN_URL": "",
  "objectDate": "late 15th or early 16th century",
  "objectBeginDate": 1475,
  "objectEndDate": 1525,
  "medium": "Walnut",
  "dimensions": "Overall: 37 x 26 in. (94 x 66 cm)",
  "measurements": [
    {
      "elementName": "Overall",
      "elementDescription": null,
      "elementMeasurements": {
        "Height": 93.98019,
        "Width": 66.04013
      }
    }
  ],
  "creditLine": "The Cloisters Collection, 1937",
  "geographyType": "",
  "city": "",
  "state": "",
  "county": "",
  "country": "",
  "region": "",
  "subregion": "",
  "locale": "",
  "locus": "",
  "excavation": "",
  "river": "",
  "classification": "Woodwork-Furniture",
  "rightsAndReproduction": "",
  "linkResource": "",
  "metadataDate": "2021-03-25T04:38:15.3Z",
  "repository": "Metropolitan Museum of Art, New York, NY",
  "objectURL": "https://www.metmuseum.org/art/collection/search/471205",
  "tags": [
    {
      "term": "Chairs",
      "AAT_URL": "http://vocab.getty.edu/page/aat/300037772",
      "Wikidata_URL": "https://www.wikidata.org/wiki/Q15026"
    }
  ],
  "objectWikidata_URL": "",
  "isTimelineWork": false,
  "GalleryNumber": "017",
  "prov": "John D. Rockefeller Jr., New York (until 1937)"
}