{
  "objectID": 471286,
  "isHighlight": false,
  "accessionNumber": "47.101.50a, b",
  "accessionYear": "1947",
  "isPublicDomain": true,
  "primaryImage": "https://images.metmuseum.org/CRDImages/cl/original/cdi47-101-50a,b.jpg",
  "primaryImageSmall": "https://images.metmuseum.org/CRDImages/cl/web-large/cdi47-101-50a,b.jpg",
  "additionalImages": [
    "https://images.metmuseum.org/CRDImages/cl/original/sf47-101-50s2.jpg"
  ],
  "constituents": null,
  "department": "The Cloisters",
  "objectName": "Chandelier",
  "title": "Chandelier",
  "culture": "South Netherlandish",
  "period": "",
  "dynasty": "",
  "reign": "",
  "portfolio": "",
  "artistRole": "",
  "artistPrefix": "",
  "artistDisplayName": "",
  "artistDisplayBio": "",
  "artistSuffix": "",
  "artistAlphaSort": "",
  "artistNationality": "",
  "artistBeginDate": "",
  "artistEndDate": "",
  "artistGender": "",
  "artistWikidata_URL": "",
  "artistULAN_URL": "",
  "objectDate": "late 15th century",
  "objectBeginDate": 1475,
  "objectEndDate": 1499,
  "medium": "Brass",
  "dimensions": "Overall: 29 in. (73.7 cm)\r\nOverall (each arm - 6): 12 in. (30.5 cm)\r\nOverall (each arm - 3): 7 in. (17.8 cm)",
  "measurements": [
    {
      "elementName": "Overall",
      "elementDescription": "each arm - 3",
      "elementMeasurements": {
        "Length": 17.780035
      }
    },
    {
      "elementName": "Overall",
      "elementDescription": "each arm - 6",
      "elementMeasurements": {
        "Length": 30.48006
      }
    },
    {
      "elementName": "Overall",
      "elementDescription": null,
      "elementMeasurements": {
        "Height": 73.6601
      }
    }
  ],
  "creditLine": "The Cloisters Collection, 1947",
  "geographyType": "Made in",
  "city": "possibly Dinant",
  "state": "",
  "county": "",
  "country": "South Netherlandish",
  "region": "",
  "subregion": "",
  "locale": "",
  "locus": "",
  "excavation": "",
  "river": "",
  "classification": "Metalwork-Brass",
  "rightsAndReproduction": "",
  "linkResource": "",
  "metadataDate": "2021-07-16T04:41:38.683Z",
  "repository": "Metropolitan Museum of Art, New York, NY",
  "objectURL": "https://www.metmuseum.org/art/collection/search/471286",
  "tags": [
    {
      "term": "Angels",
      "AAT_URL": "http://vocab.getty.edu/page/aat/300379004",
      "Wikidata_URL": "https://www.wikidata.org/wiki/Q235113"
    }
  ],
  "objectWikidata_URL": "",
  "isTimelineWork": false,
  "GalleryNumber": "019",
  "prov": "[ Blumka Gallery, New York (sold 1946)] ; [ Brummer Gallery, Paris and New York (sold 1947)]"
}