{
  "objectID": 471224,
  "isHighlight": false,
  "accessionNumber": "38.168.1",
  "accessionYear": "1938",
  "isPublicDomain": true,
  "primaryImage": "https://images.metmuseum.org/CRDImages/cl/original/sf38-168-1.jpg",
  "primaryImageSmall": "https://images.metmuseum.org/CRDImages/cl/web-large/sf38-168-1.jpg",
  "additionalImages": [],
  "constituents": null,
  "department": "The Cloisters",
  "objectName": "Bench",
  "title": "Bench",
  "culture": "Italian",
  "period": "",
  "dynasty": "",
  "reign": "",
  "portfolio": "",
  "artistRole": "",
  "artistPrefix": "",
  "artistDisplayName": "",
  "artistDisplayBio": "",
  "artistSuffix": "",
  "artistAlphaSort": "",
  "artistNationality": "",
  "artistBeginDate": "",
  "artistEndDate": "",
  "artistGender": "",
  "artistWikidata_URL": "",
  "artistULAN_URL": "",
  "objectDate": "16th century",
  "objectBeginDate": 1500,
  "objectEndDate": 1599,
  "medium": "Walnut",
  "dimensions": "Overall: 36 x 96 x 17 in. (91.4 x 243.8 x 43.2 cm)",
  "measurements": [
    {
      "elementName": "Overall",
      "elementDescription": null,
      "elementMeasurements": {
        "Depth": 43.1801,
        "Height": 91.4402,
        "Width": 243.8405
      }
    }
  ],
  "creditLine": "The Cloisters Collection, 1938",
  "geographyType": "",
  "city": "",
  "state": "",
  "county": "",
  "country": "",
  "region": "",
  "subregion": "",
  "locale": "",
  "locus": "",
  "excavation": "",
  "river": "",
  "classification": "Woodwork-Furniture",
  "rightsAndReproduction": "",
  "linkResource": "",
  "metadataDate": "2021-03-25T04:38:15.3Z",
  "repository": "Metropolitan Museum of Art, New York, NY",
  "objectURL": "https://www.metmuseum.org/art/collection/search/471224",
  "tags": [
    {
      "term": "Benches",
      "AAT_URL": "http://vocab.getty.edu/page/aat/300038494",
      "Wikidata_URL": "https://www.wikidata.org/wiki/Q204776"
    }
  ],
  "objectWikidata_URL": "",
  "isTimelineWork": false,
  "GalleryNumber": "",
  "prov": "[ Brummer Gallery, Paris and New York (sold 1938)]"
}