{
  "objectID": 471252,
  "isHighlight": false,
  "accessionNumber": "47.89.2",
  "accessionYear": "1947",
  "isPublicDomain": false,
  "primaryImage": "",
  "primaryImageSmall": "",
  "additionalImages": [],
  "constituents": null,
  "department": "The Cloisters",
  "objectName": "Sculpture",
  "title": "Sculpture of Angel with Rebec",
  "culture": "South German",
  "period": "",
  "dynasty": "",
  "reign": "",
  "portfolio": "",
  "artistRole": "",
  "artistPrefix": "",
  "artistDisplayName": "",
  "artistDisplayBio": "",
  "artistSuffix": "",
  "artistAlphaSort": "",
  "artistNationality": "",
  "artistBeginDate": "",
  "artistEndDate": "",
  "artistGender": "",
  "artistWikidata_URL": "",
  "artistULAN_URL": "",
  "objectDate": "20th century",
  "objectBeginDate": 1900,
  "objectEndDate": 1947,
  "medium": "Limewood (possibly)",
  "dimensions": "Overall: 20 in. (50.8 cm)",
  "measurements": [
    {
      "elementName": "Overall",
      "elementDescription": null,
      "elementMeasurements": {
        "Height": 50.800102
      }
    }
  ],
  "creditLine": "Gift of Abby Aldridge Rockefeller, 1947",
  "geographyType": "",
  "city": "",
  "state": "",
  "county": "",
  "country": "",
  "region": "",
  "subregion": "",
  "locale": "",
  "locus": "",
  "excavation": "",
  "river": "",
  "classification": "Sculpture-Wood",
  "rightsAndReproduction": "",
  "linkResource": "",
  "metadataDate": "2021-07-16T04:41:38.683Z",
  "repository": "Metropolitan Museum of Art, New York, NY",
  "objectURL": "https://www.metmuseum.org/art/collection/search/471252",
  "tags": [
    {
      "term": "Musical Instruments",
      "AAT_URL": "http://vocab.getty.edu/page/aat/300041620",
      "Wikidata_URL": "https://www.wikidata.org/wiki/Q34379"
    },
    {
      "term": "Sculpture",
      "AAT_URL": "http://vocab.getty.edu/page/aat/300047090",
      "Wikidata_URL": "https://www.wikidata.org/wiki/Q860861"
    },
    {
      "term": "Angels",
      "AAT_URL": "http://vocab.getty.edu/page/aat/300379004",
      "Wikidata_URL": "https://www.wikidata.org/wiki/Q235113"
    }
  ],
  "objectWikidata_URL": "",
  "isTimelineWork": false,
  "GalleryNumber": "",
  "prov": "Abby Aldrich Rockefeller, New York (until 1947)"
}