{
  "objectID": 471274,
  "isHighlight": false,
  "accessionNumber": "47.101.37",
  "accessionYear": "1947",
  "isPublicDomain": true,
  "primaryImage": "https://images.metmuseum.org/CRDImages/cl/original/cdi47-101-37.jpg",
  "primaryImageSmall": "https://images.metmuseum.org/CRDImages/cl/web-large/cdi47-101-37.jpg",
  "additionalImages": [
    "https://images.metmuseum.org/CRDImages/cl/original/sf47-101-37s2.jpg",
    "https://images.metmuseum.org/CRDImages/cl/original/sf47-101-37s1.jpg",
    "https://images.metmuseum.org/CRDImages/cl/original/sf47-101-37s3.jpg",
    "https://images.metmuseum.org/CRDImages/cl/original/sf47-101-37s4.jpg",
    "https://images.metmuseum.org/CRDImages/cl/original/DT243353.jpg"
  ],
  "constituents": null,
  "department": "The Cloisters",
  "objectName": "Candlestick",
  "title": "Pricket Candlestick (one of a pair)",
  "culture": "French",
  "period": "",
  "dynasty": "",
  "reign": "",
  "portfolio": "",
  "artistRole": "",
  "artistPrefix": "",
  "artistDisplayName": "",
  "artistDisplayBio": "",
  "artistSuffix": "",
  "artistAlphaSort": "",
  "artistNationality": "",
  "artistBeginDate": "",
  "artistEndDate": "",
  "artistGender": "",
  "artistWikidata_URL": "",
  "artistULAN_URL": "",
  "objectDate": "ca. 1180",
  "objectBeginDate": 1175,
  "objectEndDate": 1185,
  "medium": "Copper: engraved, scraped, stippled, and gilt; champlev\u00e9 enamel: dark, medium, and light blue; green, yellow, red, and white on bronze",
  "dimensions": "Overall: 9 1/2 x 6 11/16 in. (24.2 x 17 cm)",
  "measurements": [
    {
      "elementName": "Overall",
      "elementDescription": null,
      "elementMeasurements": {
        "Height": 24.2,
        "Width": 17
      }
    }
  ],
  "creditLine": "The Cloisters Collection, 1947",
  "geographyType": "Made in",
  "city": "Limoges",
  "state": "",
  "county": "",
  "country": "France",
  "region": "",
  "subregion": "",
  "locale": "",
  "locus": "",
  "excavation": "",
  "river": "",
  "classification": "Enamels-Champlev\u00e9",
  "rightsAndReproduction": "",
  "linkResource": "",
  "metadataDate": "2021-07-16T04:41:38.683Z",
  "repository": "Metropolitan Museum of Art, New York, NY",
  "objectURL": "https://www.metmuseum.org/art/collection/search/471274",
  "tags": [
    {
      "term": "Lions",
      "AAT_URL": "http://vocab.getty.edu/page/aat/300310388",
      "Wikidata_URL": "https://www.wikidata.org/wiki/Q140"
    }
  ],
  "objectWikidata_URL": "",
  "isTimelineWork": false,
  "GalleryNumber": "",
  "prov": "Thomas Barrett, Lee Priory, Kent (sold August 11-15, 1834) ; Horatio Rodd (London, 1834) ; George Weare Braikenridge Bristol (1834-d.1856) ; W. Jerdone Braikenridge (sold Bristol, February 27, 1908, lot 51) ; Mr. and Mrs. Otto H. Kahn, New York (sold 1936) ; [ Brummer Gallery, Paris and New York (1936\u20131947)]"
}