{
  "objectID": 471273,
  "isHighlight": false,
  "accessionNumber": "47.101.36",
  "accessionYear": "1947",
  "isPublicDomain": false,
  "primaryImage": "",
  "primaryImageSmall": "",
  "additionalImages": [],
  "constituents": null,
  "department": "The Cloisters",
  "objectName": "Candlestick",
  "title": "Pricket Candlestick",
  "culture": "French",
  "period": "",
  "dynasty": "",
  "reign": "",
  "portfolio": "",
  "artistRole": "",
  "artistPrefix": "",
  "artistDisplayName": "",
  "artistDisplayBio": "",
  "artistSuffix": "",
  "artistAlphaSort": "",
  "artistNationality": "",
  "artistBeginDate": "",
  "artistEndDate": "",
  "artistGender": "",
  "artistWikidata_URL": "",
  "artistULAN_URL": "",
  "objectDate": "19th century",
  "objectBeginDate": 1800,
  "objectEndDate": 1900,
  "medium": "Copper gilt, enamel",
  "dimensions": "Overall: 9 x 6 1/4 in. (22.9 x 15.9 cm)",
  "measurements": [
    {
      "elementName": "Overall",
      "elementDescription": null,
      "elementMeasurements": {
        "Height": 22.86,
        "Width": 15.875031
      }
    }
  ],
  "creditLine": "The Cloisters Collection, 1947",
  "geographyType": "Made in",
  "city": "Limoges",
  "state": "",
  "county": "",
  "country": "France",
  "region": "",
  "subregion": "",
  "locale": "",
  "locus": "",
  "excavation": "",
  "river": "",
  "classification": "Enamels-Champlev\u00e9",
  "rightsAndReproduction": "",
  "linkResource": "",
  "metadataDate": "2021-07-16T04:41:38.683Z",
  "repository": "Metropolitan Museum of Art, New York, NY",
  "objectURL": "https://www.metmuseum.org/art/collection/search/471273",
  "tags": null,
  "objectWikidata_URL": "",
  "isTimelineWork": false,
  "GalleryNumber": "",
  "prov": "[ Fr\u00e9d\u00e9ric Spitzer d. 1890, Paris (sold 1893)] ; his posthumous sale, Chevallier & Mannheim, Paris (April 17\u2013June 16, 1893, no. 245) ; [ Durlacher Brothers, London and New York (from 1893)] ; John Edward Taylor, London (sold 1912) ; his sale, Christie's, London (July 1\u20134, 9 &10, 1912, no. 67) ; [ Arnold Seligmann 1860\u20131935, Paris (from 1912)] ; Mortimer L. Schiff, New York (in at least 1927) ; [ Raphael Stora, Paris and New York (sold 1936)] ; [ Brummer Gallery, Paris and New York (1936\u2013sold 1947)]"
}