{
  "objectID": 471291,
  "isHighlight": false,
  "accessionNumber": "47.101.55",
  "accessionYear": "1947",
  "isPublicDomain": true,
  "primaryImage": "https://images.metmuseum.org/CRDImages/cl/original/DP122609.jpg",
  "primaryImageSmall": "https://images.metmuseum.org/CRDImages/cl/web-large/DP122609.jpg",
  "additionalImages": [
    "https://images.metmuseum.org/CRDImages/cl/original/DP122608.jpg",
    "https://images.metmuseum.org/CRDImages/cl/original/DP122606.jpg",
    "https://images.metmuseum.org/CRDImages/cl/original/DP122605.jpg",
    "https://images.metmuseum.org/CRDImages/cl/original/DP122607.jpg",
    "https://images.metmuseum.org/CRDImages/cl/original/sf47-101-55d2.jpg",
    "https://images.metmuseum.org/CRDImages/cl/original/sf47-101-55d3.jpg"
  ],
  "constituents": null,
  "department": "The Cloisters",
  "objectName": "Aquamanile",
  "title": "Aquamanile in the Form of a Falconer on Horseback",
  "culture": "North German",
  "period": "",
  "dynasty": "",
  "reign": "",
  "portfolio": "",
  "artistRole": "",
  "artistPrefix": "",
  "artistDisplayName": "",
  "artistDisplayBio": "",
  "artistSuffix": "",
  "artistAlphaSort": "",
  "artistNationality": "",
  "artistBeginDate": "",
  "artistEndDate": "",
  "artistGender": "",
  "artistWikidata_URL": "",
  "artistULAN_URL": "",
  "objectDate": "13th century",
  "objectBeginDate": 1200,
  "objectEndDate": 1299,
  "medium": "Copper alloy",
  "dimensions": "Overall: 13 11/16 x 11 1/4 x 4 3/4 in. (34.7 x 28.5 x 12 cm), 8.554lb. (3880g)\r\nThickness PD: 1/10-7/50 in. (0.25-0.35 cm)",
  "measurements": [
    {
      "elementName": "Overall",
      "elementDescription": null,
      "elementMeasurements": {
        "Weight": 3.88
      }
    }
  ],
  "creditLine": "The Cloisters Collection, 1947",
  "geographyType": "Made in",
  "city": "",
  "state": "Lower Saxony",
  "county": "",
  "country": "",
  "region": "",
  "subregion": "",
  "locale": "",
  "locus": "",
  "excavation": "",
  "river": "",
  "classification": "Metalwork-Electrum",
  "rightsAndReproduction": "",
  "linkResource": "",
  "metadataDate": "2021-07-16T04:41:38.683Z",
  "repository": "Metropolitan Museum of Art, New York, NY",
  "objectURL": "https://www.metmuseum.org/art/collection/search/471291",
  "tags": [
    {
      "term": "Men",
      "AAT_URL": "http://vocab.getty.edu/page/aat/300025928",
      "Wikidata_URL": "https://www.wikidata.org/wiki/Q8441"
    },
    {
      "term": "Horse Riding",
      "AAT_URL": "http://vocab.getty.edu/page/aat/300249313",
      "Wikidata_URL": "https://www.wikidata.org/wiki/Q179226"
    }
  ],
  "objectWikidata_URL": "",
  "isTimelineWork": true,
  "GalleryNumber": "001",
  "prov": "Hubert de Pourtal\u00e8s, Ch\u00e2teau Martinvast, Normandy (sold 1936) ; [ Brummer Gallery (1936, through Guiraud Fr\u00e8res\u2013sold 1947)]"
}