{
  "objectID": 471347,
  "isHighlight": false,
  "accessionNumber": "49.69.9",
  "accessionYear": "1949",
  "isPublicDomain": true,
  "primaryImage": "https://images.metmuseum.org/CRDImages/cl/original/cdi49-69-9.jpg",
  "primaryImageSmall": "https://images.metmuseum.org/CRDImages/cl/web-large/cdi49-69-9.jpg",
  "additionalImages": [],
  "constituents": null,
  "department": "The Cloisters",
  "objectName": "Tympanum",
  "title": "Tympanum Section with the Nativity and Annunciation to the Shepherds",
  "culture": "North French",
  "period": "",
  "dynasty": "",
  "reign": "",
  "portfolio": "",
  "artistRole": "",
  "artistPrefix": "",
  "artistDisplayName": "",
  "artistDisplayBio": "",
  "artistSuffix": "",
  "artistAlphaSort": "",
  "artistNationality": "",
  "artistBeginDate": "",
  "artistEndDate": "",
  "artistGender": "",
  "artistWikidata_URL": "",
  "artistULAN_URL": "",
  "objectDate": "ca. 1275\u20131300",
  "objectBeginDate": 1275,
  "objectEndDate": 1300,
  "medium": "Limestone",
  "dimensions": "Overall: 35 x 54 1/4 x 11 1/4 in. (88.9 x 137.8 x 28.6 cm)\r\nweight: 1700lb. (771.1kg)",
  "measurements": [
    {
      "elementName": "Overall",
      "elementDescription": null,
      "elementMeasurements": {
        "Depth": 28.5751,
        "Height": 88.9002,
        "Width": 137.7953
      }
    },
    {
      "elementName": "Other",
      "elementDescription": "weight",
      "elementMeasurements": {
        "Weight": 771.1149
      }
    }
  ],
  "creditLine": "The Cloisters Collection, 1949",
  "geographyType": "Made in",
  "city": "",
  "state": "Champagne",
  "county": "",
  "country": "",
  "region": "",
  "subregion": "",
  "locale": "",
  "locus": "",
  "excavation": "",
  "river": "",
  "classification": "Sculpture-Architectural",
  "rightsAndReproduction": "",
  "linkResource": "",
  "metadataDate": "2021-07-16T04:41:38.683Z",
  "repository": "Metropolitan Museum of Art, New York, NY",
  "objectURL": "https://www.metmuseum.org/art/collection/search/471347",
  "tags": [
    {
      "term": "Animals",
      "AAT_URL": "http://vocab.getty.edu/page/aat/300249525",
      "Wikidata_URL": "https://www.wikidata.org/wiki/Q729"
    },
    {
      "term": "Architecture",
      "AAT_URL": "http://vocab.getty.edu/page/aat/300263552",
      "Wikidata_URL": "https://www.wikidata.org/wiki/Q12271"
    },
    {
      "term": "Annunciation",
      "AAT_URL": "http://vocab.getty.edu/page/aat/300412102",
      "Wikidata_URL": "https://www.wikidata.org/wiki/Q154326"
    },
    {
      "term": "Nativity",
      "AAT_URL": "http://vocab.getty.edu/page/ia/901000124",
      "Wikidata_URL": "https://www.wikidata.org/wiki/Q51628"
    },
    {
      "term": "Shepherds",
      "AAT_URL": "http://vocab.getty.edu/page/aat/300025617",
      "Wikidata_URL": "https://www.wikidata.org/wiki/Q81710"
    }
  ],
  "objectWikidata_URL": "",
  "isTimelineWork": false,
  "GalleryNumber": "304",
  "prov": "[ Arnold Seligmann, Rey & Co., Inc., New York] ; [ Brummer Gallery, Paris and New York (sold 1949)] ; Joseph Brummer Collection sale, Parke-Bernet Galleries, New York (June 8\u20139, 1949, no. 604)"
}