{
  "objectID": 471320,
  "isHighlight": false,
  "accessionNumber": "48.140.1a\u2013d",
  "accessionYear": "1948",
  "isPublicDomain": true,
  "primaryImage": "https://images.metmuseum.org/CRDImages/cl/original/cdi48-140-1a-d.jpg",
  "primaryImageSmall": "https://images.metmuseum.org/CRDImages/cl/web-large/cdi48-140-1a-d.jpg",
  "additionalImages": [
    "https://images.metmuseum.org/CRDImages/cl/original/cdi48-140-1-3-4.jpg"
  ],
  "constituents": null,
  "department": "The Cloisters",
  "objectName": "Tomb",
  "title": "Double Tomb of Don \u00c0lvar Rodrigo de Cabrera, Count of Urgell and His Wife Cec\u00edlia of Foix",
  "culture": "Catalan",
  "period": "",
  "dynasty": "",
  "reign": "",
  "portfolio": "",
  "artistRole": "",
  "artistPrefix": "",
  "artistDisplayName": "",
  "artistDisplayBio": "",
  "artistSuffix": "",
  "artistAlphaSort": "",
  "artistNationality": "",
  "artistBeginDate": "",
  "artistEndDate": "",
  "artistGender": "",
  "artistWikidata_URL": "",
  "artistULAN_URL": "",
  "objectDate": "ca. 1300\u20131350",
  "objectBeginDate": 1297,
  "objectEndDate": 1353,
  "medium": "Limestone, traces of paint",
  "dimensions": "a: 19 x 82 7/8 x 28 1/4 in.\r\nb: 21 x 74 3/4 x 26 in.\r\nc: 16 x 74 x 29 in.\r\nd: 24 3/4 x 66 3/8 x 24 3/4 in.",
  "measurements": null,
  "creditLine": "The Cloisters Collection, 1948",
  "geographyType": "",
  "city": "",
  "state": "",
  "county": "",
  "country": "",
  "region": "",
  "subregion": "",
  "locale": "",
  "locus": "",
  "excavation": "",
  "river": "",
  "classification": "Sculpture-Stone",
  "rightsAndReproduction": "",
  "linkResource": "",
  "metadataDate": "2021-07-16T04:41:38.683Z",
  "repository": "Metropolitan Museum of Art, New York, NY",
  "objectURL": "https://www.metmuseum.org/art/collection/search/471320",
  "tags": [
    {
      "term": "Coat of Arms",
      "AAT_URL": "http://vocab.getty.edu/page/aat/300126352",
      "Wikidata_URL": "https://www.wikidata.org/wiki/Q14659"
    },
    {
      "term": "Men",
      "AAT_URL": "http://vocab.getty.edu/page/aat/300025928",
      "Wikidata_URL": "https://www.wikidata.org/wiki/Q8441"
    },
    {
      "term": "Women",
      "AAT_URL": "http://vocab.getty.edu/page/aat/300025943",
      "Wikidata_URL": "https://www.wikidata.org/wiki/Q467"
    }
  ],
  "objectWikidata_URL": "https://www.wikidata.org/wiki/Q20201800",
  "isTimelineWork": false,
  "GalleryNumber": "009",
  "prov": "[ Lucien J. Demotte, Paris and New York] ; [ Vestiges, Paris (sold 1948)]"
}