{
  "objectID": 471306,
  "isHighlight": false,
  "accessionNumber": "47.101.76",
  "accessionYear": "1947",
  "isPublicDomain": true,
  "primaryImage": "https://images.metmuseum.org/CRDImages/cl/original/cdi47-101-76.jpg",
  "primaryImageSmall": "https://images.metmuseum.org/CRDImages/cl/web-large/cdi47-101-76.jpg",
  "additionalImages": [],
  "constituents": null,
  "department": "The Cloisters",
  "objectName": "Candelabra",
  "title": "Candelabra",
  "culture": "French or Spanish",
  "period": "",
  "dynasty": "",
  "reign": "",
  "portfolio": "",
  "artistRole": "",
  "artistPrefix": "",
  "artistDisplayName": "",
  "artistDisplayBio": "",
  "artistSuffix": "",
  "artistAlphaSort": "",
  "artistNationality": "",
  "artistBeginDate": "",
  "artistEndDate": "",
  "artistGender": "",
  "artistWikidata_URL": "",
  "artistULAN_URL": "",
  "objectDate": "14th\u201315th century and later",
  "objectBeginDate": 1300,
  "objectEndDate": 1600,
  "medium": "Iron",
  "dimensions": "H: 52in. (132.1cm)",
  "measurements": [
    {
      "elementName": "Overall",
      "elementDescription": null,
      "elementMeasurements": {
        "Height": 132.0803
      }
    }
  ],
  "creditLine": "The Cloisters Collection, 1947",
  "geographyType": "Made in",
  "city": "",
  "state": "",
  "county": "",
  "country": "France or Spain",
  "region": "",
  "subregion": "",
  "locale": "",
  "locus": "",
  "excavation": "",
  "river": "",
  "classification": "Metalwork-Iron",
  "rightsAndReproduction": "",
  "linkResource": "",
  "metadataDate": "2021-07-16T04:41:38.683Z",
  "repository": "Metropolitan Museum of Art, New York, NY",
  "objectURL": "https://www.metmuseum.org/art/collection/search/471306",
  "tags": null,
  "objectWikidata_URL": "",
  "isTimelineWork": false,
  "GalleryNumber": "017",
  "prov": "Parke-Bernet Galleries, New York (September 22, 1945) ; [ Brummer Gallery, Paris and New York (1945\u20131947) ]"
}