{
  "objectID": 471356,
  "isHighlight": false,
  "accessionNumber": "50.102.2",
  "accessionYear": "1950",
  "isPublicDomain": true,
  "primaryImage": "https://images.metmuseum.org/CRDImages/cl/original/LC-50_102_2-1.jpg",
  "primaryImageSmall": "https://images.metmuseum.org/CRDImages/cl/web-large/LC-50_102_2-1.jpg",
  "additionalImages": [
    "https://images.metmuseum.org/CRDImages/cl/original/LC-50_102_2-2.jpg",
    "https://images.metmuseum.org/CRDImages/cl/original/cdi50-102-2s2.jpg",
    "https://images.metmuseum.org/CRDImages/cl/original/cdi50-102-2s4.jpg"
  ],
  "constituents": null,
  "department": "The Cloisters",
  "objectName": "Statue",
  "title": "Saint Barbara",
  "culture": "North French",
  "period": "",
  "dynasty": "",
  "reign": "",
  "portfolio": "",
  "artistRole": "",
  "artistPrefix": "",
  "artistDisplayName": "",
  "artistDisplayBio": "",
  "artistSuffix": "",
  "artistAlphaSort": "",
  "artistNationality": "",
  "artistBeginDate": "",
  "artistEndDate": "",
  "artistGender": "",
  "artistWikidata_URL": "",
  "artistULAN_URL": "",
  "objectDate": "ca. 1500",
  "objectBeginDate": 1497,
  "objectEndDate": 1503,
  "medium": "Limestone, paint, gilt",
  "dimensions": "Overall: 46 1/4 x 15 1/2 x 11 1/2 in. (117.5 x 39.4 x 29.2 cm)",
  "measurements": [
    {
      "elementName": "Overall",
      "elementDescription": null,
      "elementMeasurements": {
        "Depth": 29.2101,
        "Height": 117.4752,
        "Width": 39.3701
      }
    }
  ],
  "creditLine": "Gift of Mrs. Solomon R. Guggenheim, 1950",
  "geographyType": "",
  "city": "",
  "state": "",
  "county": "",
  "country": "",
  "region": "",
  "subregion": "",
  "locale": "",
  "locus": "",
  "excavation": "",
  "river": "",
  "classification": "Sculpture",
  "rightsAndReproduction": "",
  "linkResource": "",
  "metadataDate": "2021-07-16T04:41:38.683Z",
  "repository": "Metropolitan Museum of Art, New York, NY",
  "objectURL": "https://www.metmuseum.org/art/collection/search/471356",
  "tags": [
    {
      "term": "Women",
      "AAT_URL": "http://vocab.getty.edu/page/aat/300025943",
      "Wikidata_URL": "https://www.wikidata.org/wiki/Q467"
    },
    {
      "term": "Saints",
      "AAT_URL": "http://vocab.getty.edu/page/aat/300150555",
      "Wikidata_URL": "https://www.wikidata.org/wiki/Q43115"
    }
  ],
  "objectWikidata_URL": "https://www.wikidata.org/wiki/Q20201802",
  "isTimelineWork": false,
  "GalleryNumber": "",
  "prov": "Mrs. Solomon R. Guggenheim (until 1950)"
}