{
  "objectID": 471346,
  "isHighlight": false,
  "accessionNumber": "49.69.8b",
  "accessionYear": "1949",
  "isPublicDomain": true,
  "primaryImage": "https://images.metmuseum.org/CRDImages/cl/original/cdi49-69-8b.jpg",
  "primaryImageSmall": "https://images.metmuseum.org/CRDImages/cl/web-large/cdi49-69-8b.jpg",
  "additionalImages": [],
  "constituents": null,
  "department": "The Cloisters",
  "objectName": "Shaft",
  "title": "Column Shaft and Base (from ensemble of Capital, Shaft, and Base)",
  "culture": "French",
  "period": "",
  "dynasty": "",
  "reign": "",
  "portfolio": "",
  "artistRole": "",
  "artistPrefix": "",
  "artistDisplayName": "",
  "artistDisplayBio": "",
  "artistSuffix": "",
  "artistAlphaSort": "",
  "artistNationality": "",
  "artistBeginDate": "",
  "artistEndDate": "",
  "artistGender": "",
  "artistWikidata_URL": "",
  "artistULAN_URL": "",
  "objectDate": "late 12th century",
  "objectBeginDate": 1150,
  "objectEndDate": 1199,
  "medium": "Limestone",
  "dimensions": "45 \u00d7 9 5/8 \u00d7 9 1/2 in. (114.3 \u00d7 24.4 \u00d7 24.1 cm)",
  "measurements": [
    {
      "elementName": "Overall",
      "elementDescription": null,
      "elementMeasurements": {
        "Depth": 24.130049,
        "Height": 114.30023,
        "Width": 24.44755
      }
    }
  ],
  "creditLine": "The Cloisters Collection, 1949",
  "geographyType": "Made in",
  "city": "",
  "state": "Languedoc",
  "county": "",
  "country": "France",
  "region": "",
  "subregion": "",
  "locale": "",
  "locus": "",
  "excavation": "",
  "river": "",
  "classification": "Sculpture-Architectural",
  "rightsAndReproduction": "",
  "linkResource": "",
  "metadataDate": "2021-07-16T04:41:38.683Z",
  "repository": "Metropolitan Museum of Art, New York, NY",
  "objectURL": "https://www.metmuseum.org/art/collection/search/471346",
  "tags": null,
  "objectWikidata_URL": "",
  "isTimelineWork": false,
  "GalleryNumber": "003",
  "prov": "From the abbey church of Saint-Guilhem-le-D\u00e9sert, near Montpellier; [ Brummer Gallery, Paris and New York (sold 1949)] ; Joseph Brummer Collection sale, Parke-Bernet Galleries, New York (June 8-9, 1949, no. 572)"
}