{
  "objectID": 471465,
  "isHighlight": false,
  "accessionNumber": "54.18",
  "accessionYear": "1954",
  "isPublicDomain": true,
  "primaryImage": "https://images.metmuseum.org/CRDImages/cl/original/cdi54-18.jpg",
  "primaryImageSmall": "https://images.metmuseum.org/CRDImages/cl/web-large/cdi54-18.jpg",
  "additionalImages": [
    "https://images.metmuseum.org/CRDImages/cl/original/cdi54-18s2.jpg",
    "https://images.metmuseum.org/CRDImages/cl/original/cdi54-18s3.jpg"
  ],
  "constituents": null,
  "department": "The Cloisters",
  "objectName": "Manuscript case",
  "title": "Manuscript Case",
  "culture": "French",
  "period": "",
  "dynasty": "",
  "reign": "",
  "portfolio": "",
  "artistRole": "",
  "artistPrefix": "",
  "artistDisplayName": "",
  "artistDisplayBio": "",
  "artistSuffix": "",
  "artistAlphaSort": "",
  "artistNationality": "",
  "artistBeginDate": "",
  "artistEndDate": "",
  "artistGender": "",
  "artistWikidata_URL": "",
  "artistULAN_URL": "",
  "objectDate": "first half 15th century",
  "objectBeginDate": 1400,
  "objectEndDate": 1450,
  "medium": "Tortoise Shell and ivory",
  "dimensions": "Overall: 4 3/4 x 3 5/8 x 1 7/8 in. (12.1 x 9.2 x 4.8 cm)",
  "measurements": [
    {
      "elementName": "Overall",
      "elementDescription": null,
      "elementMeasurements": {
        "Depth": 4.7625093,
        "Height": 12.065024,
        "Width": 9.207519
      }
    }
  ],
  "creditLine": "The Cloisters Collection, 1954",
  "geographyType": "",
  "city": "",
  "state": "",
  "county": "",
  "country": "",
  "region": "",
  "subregion": "",
  "locale": "",
  "locus": "",
  "excavation": "",
  "river": "",
  "classification": "Ivories",
  "rightsAndReproduction": "",
  "linkResource": "",
  "metadataDate": "2021-03-30T04:40:03.88Z",
  "repository": "Metropolitan Museum of Art, New York, NY",
  "objectURL": "https://www.metmuseum.org/art/collection/search/471465",
  "tags": null,
  "objectWikidata_URL": "",
  "isTimelineWork": false,
  "GalleryNumber": "",
  "prov": "Ruth and Leopold Blumka, Vienna and New York (sold 1954)"
}