{
  "objectID": 471459,
  "isHighlight": false,
  "accessionNumber": "53.65",
  "accessionYear": "1953",
  "isPublicDomain": true,
  "primaryImage": "https://images.metmuseum.org/CRDImages/cl/original/DP102946.jpg",
  "primaryImageSmall": "https://images.metmuseum.org/CRDImages/cl/web-large/DP102946.jpg",
  "additionalImages": [],
  "constituents": null,
  "department": "The Cloisters",
  "objectName": "Statue",
  "title": "Saint Michael",
  "culture": "Spanish",
  "period": "",
  "dynasty": "",
  "reign": "",
  "portfolio": "",
  "artistRole": "",
  "artistPrefix": "",
  "artistDisplayName": "",
  "artistDisplayBio": "",
  "artistSuffix": "",
  "artistAlphaSort": "",
  "artistNationality": "",
  "artistBeginDate": "",
  "artistEndDate": "",
  "artistGender": "",
  "artistWikidata_URL": "",
  "artistULAN_URL": "",
  "objectDate": "ca. 1530",
  "objectBeginDate": 1530,
  "objectEndDate": 1530,
  "medium": "Wood, paint, and gilding",
  "dimensions": "Overall: 73 1/2 in., 235lb. (186.7 cm, 106.6kg)",
  "measurements": [
    {
      "elementName": "Overall",
      "elementDescription": null,
      "elementMeasurements": {
        "Height": 186.6904,
        "Weight": 106.5953
      }
    }
  ],
  "creditLine": "The Cloisters Collection, 1953",
  "geographyType": "Made in",
  "city": "",
  "state": "Castile-Le\u00f3n",
  "county": "",
  "country": "Spain",
  "region": "",
  "subregion": "",
  "locale": "",
  "locus": "",
  "excavation": "",
  "river": "",
  "classification": "Sculpture-Wood",
  "rightsAndReproduction": "",
  "linkResource": "",
  "metadataDate": "2021-07-16T04:41:38.683Z",
  "repository": "Metropolitan Museum of Art, New York, NY",
  "objectURL": "https://www.metmuseum.org/art/collection/search/471459",
  "tags": [
    {
      "term": "Saint Michael",
      "AAT_URL": null,
      "Wikidata_URL": "https://www.wikidata.org/wiki/Q45581"
    }
  ],
  "objectWikidata_URL": "https://www.wikidata.org/wiki/Q20201080",
  "isTimelineWork": false,
  "GalleryNumber": "020",
  "prov": "[ Michelle Schutz, Paris (sold 1937)] ; [ Brummer Gallery (1937\u2013sold 1949)] ; Joseph Brummer Collection sale, Parke-Bernet Galleries, New York (April 20-23, 1949, no. 504) ; [ Paula de Koenigsberg, New York and Buenos Aires (1949?\u2013sold 1953)]"
}