{
  "objectID": 471433,
  "isHighlight": false,
  "accessionNumber": "52.83.3",
  "accessionYear": "1952",
  "isPublicDomain": true,
  "primaryImage": "https://images.metmuseum.org/CRDImages/cl/original/DP325361.jpg",
  "primaryImageSmall": "https://images.metmuseum.org/CRDImages/cl/web-large/DP325361.jpg",
  "additionalImages": [
    "https://images.metmuseum.org/CRDImages/cl/original/cdi52-83-3s2.jpg",
    "https://images.metmuseum.org/CRDImages/cl/original/cdi52-83-3s3.jpg",
    "https://images.metmuseum.org/CRDImages/cl/original/cdi52-83-3s4.jpg",
    "https://images.metmuseum.org/CRDImages/cl/original/DP102931.jpg"
  ],
  "constituents": null,
  "department": "The Cloisters",
  "objectName": "Statue",
  "title": "Balthasar of the Three Kings from an Adoration Group",
  "culture": "German",
  "period": "",
  "dynasty": "",
  "reign": "",
  "portfolio": "",
  "artistRole": "",
  "artistPrefix": "",
  "artistDisplayName": "",
  "artistDisplayBio": "",
  "artistSuffix": "",
  "artistAlphaSort": "",
  "artistNationality": "",
  "artistBeginDate": "",
  "artistEndDate": "",
  "artistGender": "",
  "artistWikidata_URL": "",
  "artistULAN_URL": "",
  "objectDate": "before 1489",
  "objectBeginDate": 1477,
  "objectEndDate": 1489,
  "medium": "Poplar, paint and gilt",
  "dimensions": "64 1/2 \u00d7 25 \u00d7 13 1/2 in., 68 lb. (163.8 \u00d7 63.5 \u00d7 34.3 cm, 30.8 kg)",
  "measurements": [
    {
      "elementName": "Overall",
      "elementDescription": null,
      "elementMeasurements": {
        "Depth": 34.29007,
        "Height": 163.8303,
        "Weight": 30.844597,
        "Width": 63.500126
      }
    }
  ],
  "creditLine": "The Cloisters Collection, 1952",
  "geographyType": "Made in",
  "city": "",
  "state": "Swabia",
  "county": "",
  "country": "Germany",
  "region": "",
  "subregion": "",
  "locale": "",
  "locus": "",
  "excavation": "",
  "river": "",
  "classification": "Sculpture-Wood",
  "rightsAndReproduction": "",
  "linkResource": "",
  "metadataDate": "2021-07-16T04:41:38.683Z",
  "repository": "Metropolitan Museum of Art, New York, NY",
  "objectURL": "https://www.metmuseum.org/art/collection/search/471433",
  "tags": [
    {
      "term": "Kings",
      "AAT_URL": "http://vocab.getty.edu/page/aat/300025481",
      "Wikidata_URL": "https://www.wikidata.org/wiki/Q12097"
    },
    {
      "term": "Men",
      "AAT_URL": "http://vocab.getty.edu/page/aat/300025928",
      "Wikidata_URL": "https://www.wikidata.org/wiki/Q8441"
    }
  ],
  "objectWikidata_URL": "https://www.wikidata.org/wiki/Q20200902",
  "isTimelineWork": false,
  "GalleryNumber": "020",
  "prov": "From the high altar of the Cistercian abbey, Lichtenthal, near Baden-Baden, Baden-W\u00fcrttemberg; Dutch or German Private Collection ; [ Sotheby's, London British (July 28, 1939, no. 103) ] ; [ John Hunt, Ireland (1939\u2013sold 1952)]"
}