{
  "objectID": 471428,
  "isHighlight": false,
  "accessionNumber": "52.33.1",
  "accessionYear": "1952",
  "isPublicDomain": true,
  "primaryImage": "https://images.metmuseum.org/CRDImages/cl/original/DP102910.jpg",
  "primaryImageSmall": "https://images.metmuseum.org/CRDImages/cl/web-large/DP102910.jpg",
  "additionalImages": [
    "https://images.metmuseum.org/CRDImages/cl/original/DP102911.jpg"
  ],
  "constituents": null,
  "department": "The Cloisters",
  "objectName": "Statuette",
  "title": "Altar Angel (one of a pair)",
  "culture": "French",
  "period": "",
  "dynasty": "",
  "reign": "",
  "portfolio": "",
  "artistRole": "",
  "artistPrefix": "",
  "artistDisplayName": "",
  "artistDisplayBio": "",
  "artistSuffix": "",
  "artistAlphaSort": "",
  "artistNationality": "",
  "artistBeginDate": "",
  "artistEndDate": "",
  "artistGender": "",
  "artistWikidata_URL": "",
  "artistULAN_URL": "",
  "objectDate": "ca. 1275\u20131300",
  "objectBeginDate": 1272,
  "objectEndDate": 1303,
  "medium": "Oak with traces of paint",
  "dimensions": "29 1/2 in. \u00d7 7 in. \u00d7 7 11/16 in. (75 \u00d7 17.8 \u00d7 19.5 cm)",
  "measurements": [
    {
      "elementName": "Overall",
      "elementDescription": null,
      "elementMeasurements": {
        "Depth": 19.5,
        "Height": 75,
        "Width": 17.78
      }
    }
  ],
  "creditLine": "The Cloisters Collection, 1952",
  "geographyType": "Made in",
  "city": "",
  "state": "Artois",
  "county": "",
  "country": "France",
  "region": "",
  "subregion": "",
  "locale": "",
  "locus": "",
  "excavation": "",
  "river": "",
  "classification": "Sculpture-Wood",
  "rightsAndReproduction": "",
  "linkResource": "",
  "metadataDate": "2021-07-16T04:41:38.683Z",
  "repository": "Metropolitan Museum of Art, New York, NY",
  "objectURL": "https://www.metmuseum.org/art/collection/search/471428",
  "tags": [
    {
      "term": "Angels",
      "AAT_URL": "http://vocab.getty.edu/page/aat/300379004",
      "Wikidata_URL": "https://www.wikidata.org/wiki/Q235113"
    }
  ],
  "objectWikidata_URL": "https://www.wikidata.org/wiki/Q20201073",
  "isTimelineWork": true,
  "GalleryNumber": "008",
  "prov": "George Brauer, Florence ; Octave Homberg 1844\u20131907, Paris ; Joseph Homberg, Paris (sold 1952)"
}