{
  "objectID": 471425,
  "isHighlight": false,
  "accessionNumber": "50.162",
  "accessionYear": "1950",
  "isPublicDomain": true,
  "primaryImage": "https://images.metmuseum.org/CRDImages/cl/original/sf50-162s1.jpg",
  "primaryImageSmall": "https://images.metmuseum.org/CRDImages/cl/web-large/sf50-162s1.jpg",
  "additionalImages": [
    "https://images.metmuseum.org/CRDImages/cl/original/sf50-162d1.jpg",
    "https://images.metmuseum.org/CRDImages/cl/original/sf50-162d2.jpg",
    "https://images.metmuseum.org/CRDImages/cl/original/sf50-162s2.jpg"
  ],
  "constituents": null,
  "department": "The Cloisters",
  "objectName": "Fresco",
  "title": "Fresco with Miracle of the Jewels",
  "culture": "Spanish",
  "period": "",
  "dynasty": "",
  "reign": "",
  "portfolio": "",
  "artistRole": "",
  "artistPrefix": "",
  "artistDisplayName": "",
  "artistDisplayBio": "",
  "artistSuffix": "",
  "artistAlphaSort": "",
  "artistNationality": "",
  "artistBeginDate": "",
  "artistEndDate": "",
  "artistGender": "",
  "artistWikidata_URL": "",
  "artistULAN_URL": "",
  "objectDate": "late 13th\u2013early 14th century",
  "objectBeginDate": 1275,
  "objectEndDate": 1325,
  "medium": "Fresco transferred to canvas",
  "dimensions": "Overall: 47 3/8 \u00d7 61 5/8 in. (120.3 \u00d7 156.5 cm)\r\nFramed: 48 7/16 \u00d7 62 13/16 \u00d7 7/8 in. (123 \u00d7 159.5 \u00d7 2.2 cm)",
  "measurements": [
    {
      "elementName": "Overall",
      "elementDescription": null,
      "elementMeasurements": {
        "Height": 120.33274,
        "Width": 156.52782
      }
    },
    {
      "elementName": "Framed",
      "elementDescription": null,
      "elementMeasurements": {
        "Depth": 2.2225044,
        "Height": 123.031494,
        "Width": 159.54407
      }
    }
  ],
  "creditLine": "The Cloisters Collection, 1950",
  "geographyType": "Made in",
  "city": "",
  "state": "Aragon",
  "county": "",
  "country": "Spain",
  "region": "",
  "subregion": "",
  "locale": "",
  "locus": "",
  "excavation": "",
  "river": "",
  "classification": "Paintings-Fresco",
  "rightsAndReproduction": "",
  "linkResource": "",
  "metadataDate": "2021-07-16T04:41:38.683Z",
  "repository": "Metropolitan Museum of Art, New York, NY",
  "objectURL": "https://www.metmuseum.org/art/collection/search/471425",
  "tags": [
    {
      "term": "Men",
      "AAT_URL": "http://vocab.getty.edu/page/aat/300025928",
      "Wikidata_URL": "https://www.wikidata.org/wiki/Q8441"
    },
    {
      "term": "Saint John the Evangelist",
      "AAT_URL": "http://vocab.getty.edu/page/ia/901001171",
      "Wikidata_URL": "https://www.wikidata.org/wiki/Q328804"
    }
  ],
  "objectWikidata_URL": "https://www.wikidata.org/wiki/Q20200994",
  "isTimelineWork": false,
  "GalleryNumber": "",
  "prov": "From the Church of San Fructuoso, Bierge, Huesca (Aragon); Paul O. Berliz (until 1950)"
}