{
  "objectID": 471453,
  "isHighlight": false,
  "accessionNumber": "52.156",
  "accessionYear": "1952",
  "isPublicDomain": true,
  "primaryImage": "https://images.metmuseum.org/CRDImages/cl/original/cdi52-156.jpg",
  "primaryImageSmall": "https://images.metmuseum.org/CRDImages/cl/web-large/cdi52-156.jpg",
  "additionalImages": [],
  "constituents": null,
  "department": "The Cloisters",
  "objectName": "Chest",
  "title": "Chest",
  "culture": "North Italian",
  "period": "",
  "dynasty": "",
  "reign": "",
  "portfolio": "",
  "artistRole": "",
  "artistPrefix": "",
  "artistDisplayName": "",
  "artistDisplayBio": "",
  "artistSuffix": "",
  "artistAlphaSort": "",
  "artistNationality": "",
  "artistBeginDate": "",
  "artistEndDate": "",
  "artistGender": "",
  "artistWikidata_URL": "",
  "artistULAN_URL": "",
  "objectDate": "first half 15th century",
  "objectBeginDate": 1400,
  "objectEndDate": 1450,
  "medium": "Walnut",
  "dimensions": "Overall: 31 3/4 x 79 x 19 1/2 in. (80.6 x 200.7 x 49.5 cm)",
  "measurements": [
    {
      "elementName": "Overall",
      "elementDescription": null,
      "elementMeasurements": {
        "Depth": 49.530098,
        "Height": 80.645164,
        "Width": 200.6604
      }
    }
  ],
  "creditLine": "Gift of Mrs. A.B. Samuels, in memory of A. Bertram Samuels, 1952",
  "geographyType": "",
  "city": "",
  "state": "",
  "county": "",
  "country": "",
  "region": "",
  "subregion": "",
  "locale": "",
  "locus": "",
  "excavation": "",
  "river": "",
  "classification": "Woodwork-Furniture",
  "rightsAndReproduction": "",
  "linkResource": "",
  "metadataDate": "2021-10-14T04:36:36.32Z",
  "repository": "Metropolitan Museum of Art, New York, NY",
  "objectURL": "https://www.metmuseum.org/art/collection/search/471453",
  "tags": [
    {
      "term": "Chests",
      "AAT_URL": "http://vocab.getty.edu/page/aat/300038992",
      "Wikidata_URL": "https://www.wikidata.org/wiki/Q366134"
    }
  ],
  "objectWikidata_URL": "",
  "isTimelineWork": false,
  "GalleryNumber": "",
  "prov": "[ Stefano Bardini, Florence (sold 1902)] ; his sale, Christie's, London (May 27, 1902, no. 625) ; Mrs. A. B. Samuels, New York (until 1952)"
}