{
  "objectID": 471432,
  "isHighlight": false,
  "accessionNumber": "52.83.2",
  "accessionYear": "1952",
  "isPublicDomain": true,
  "primaryImage": "https://images.metmuseum.org/CRDImages/cl/original/DP330353.jpg",
  "primaryImageSmall": "https://images.metmuseum.org/CRDImages/cl/web-large/DP330353.jpg",
  "additionalImages": [
    "https://images.metmuseum.org/CRDImages/cl/original/cdi52-83-2s2.jpg",
    "https://images.metmuseum.org/CRDImages/cl/original/cdi52-83-2s3.jpg",
    "https://images.metmuseum.org/CRDImages/cl/original/cdi52-83-2s4.jpg",
    "https://images.metmuseum.org/CRDImages/cl/original/DP102931.jpg"
  ],
  "constituents": null,
  "department": "The Cloisters",
  "objectName": "Statue",
  "title": "African Magus, one of the Three Kings from an Adoration Group",
  "culture": "German",
  "period": "",
  "dynasty": "",
  "reign": "",
  "portfolio": "",
  "artistRole": "",
  "artistPrefix": "",
  "artistDisplayName": "",
  "artistDisplayBio": "",
  "artistSuffix": "",
  "artistAlphaSort": "",
  "artistNationality": "",
  "artistBeginDate": "",
  "artistEndDate": "",
  "artistGender": "",
  "artistWikidata_URL": "",
  "artistULAN_URL": "",
  "objectDate": "before 1489",
  "objectBeginDate": 1477,
  "objectEndDate": 1489,
  "medium": "Maple, paint and gilt",
  "dimensions": "61 1/2 \u00d7 17 \u00d7 13 1/4 in., 65 lb. (156.2 \u00d7 43.2 \u00d7 33.7 cm, 29.5 kg)",
  "measurements": [
    {
      "elementName": "Overall",
      "elementDescription": null,
      "elementMeasurements": {
        "Depth": 33.655067,
        "Height": 156.2103,
        "Weight": 29.483807,
        "Width": 43.180088
      }
    }
  ],
  "creditLine": "The Cloisters Collection, 1952",
  "geographyType": "Made in",
  "city": "",
  "state": "Swabia",
  "county": "",
  "country": "Germany",
  "region": "",
  "subregion": "",
  "locale": "",
  "locus": "",
  "excavation": "",
  "river": "",
  "classification": "Sculpture-Wood",
  "rightsAndReproduction": "",
  "linkResource": "",
  "metadataDate": "2021-10-26T04:39:26.073Z",
  "repository": "Metropolitan Museum of Art, New York, NY",
  "objectURL": "https://www.metmuseum.org/art/collection/search/471432",
  "tags": [
    {
      "term": "Men",
      "AAT_URL": "http://vocab.getty.edu/page/aat/300025928",
      "Wikidata_URL": "https://www.wikidata.org/wiki/Q8441"
    },
    {
      "term": "Kings",
      "AAT_URL": "http://vocab.getty.edu/page/aat/300025481",
      "Wikidata_URL": "https://www.wikidata.org/wiki/Q12097"
    }
  ],
  "objectWikidata_URL": "https://www.wikidata.org/wiki/Q20200901",
  "isTimelineWork": false,
  "GalleryNumber": "020",
  "prov": "From the high altar of the Cistercian abbey, Lichtenthal, near Baden-Baden, Baden-W\u00fcrttemberg; Dutch or German Private Collection ; [ Sotheby's, London British (July 28, 1939, no. 103) ] ; [ John Hunt, Ireland (1939\u2013sold 1952) ]"
}