{
  "objectID": 471595,
  "isHighlight": false,
  "accessionNumber": "55.61.19",
  "accessionYear": "1955",
  "isPublicDomain": true,
  "primaryImage": "https://images.metmuseum.org/CRDImages/cl/original/cdi55-61-19v2.jpg",
  "primaryImageSmall": "https://images.metmuseum.org/CRDImages/cl/web-large/cdi55-61-19v2.jpg",
  "additionalImages": [
    "https://images.metmuseum.org/CRDImages/cl/original/cdi55-61-19.jpg"
  ],
  "constituents": null,
  "department": "The Cloisters",
  "objectName": "Candlestick",
  "title": "Candlestick",
  "culture": "European",
  "period": "",
  "dynasty": "",
  "reign": "",
  "portfolio": "",
  "artistRole": "",
  "artistPrefix": "",
  "artistDisplayName": "",
  "artistDisplayBio": "",
  "artistSuffix": "",
  "artistAlphaSort": "",
  "artistNationality": "",
  "artistBeginDate": "",
  "artistEndDate": "",
  "artistGender": "",
  "artistWikidata_URL": "",
  "artistULAN_URL": "",
  "objectDate": "15th\u201316th century",
  "objectBeginDate": 1400,
  "objectEndDate": 1599,
  "medium": "Iron",
  "dimensions": "Gr. W.: 7 1/2 in., H. closed: 11 3/4 in., H. opened: 19 1/2 in.",
  "measurements": [
    {
      "elementName": "Overall",
      "elementDescription": "H. opened",
      "elementMeasurements": {
        "Height": 49.5301
      }
    },
    {
      "elementName": "Overall",
      "elementDescription": "H. closed",
      "elementMeasurements": {
        "Height": 29.8451
      }
    },
    {
      "elementName": "Overall",
      "elementDescription": "Gr. W.",
      "elementMeasurements": {
        "Width": 19.05
      }
    }
  ],
  "creditLine": "The Cloisters Collection, 1955",
  "geographyType": "",
  "city": "",
  "state": "",
  "county": "",
  "country": "",
  "region": "",
  "subregion": "",
  "locale": "",
  "locus": "",
  "excavation": "",
  "river": "",
  "classification": "Metalwork-Iron",
  "rightsAndReproduction": "",
  "linkResource": "",
  "metadataDate": "2021-03-30T04:40:03.88Z",
  "repository": "Metropolitan Museum of Art, New York, NY",
  "objectURL": "https://www.metmuseum.org/art/collection/search/471595",
  "tags": [
    {
      "term": "Candlesticks",
      "AAT_URL": "http://vocab.getty.edu/page/aat/300037588",
      "Wikidata_URL": "https://www.wikidata.org/wiki/Q151771"
    }
  ],
  "objectWikidata_URL": "",
  "isTimelineWork": false,
  "GalleryNumber": "",
  "prov": "[ Arthur and Mildred Stapley Byne,  Madrid (?) ; Samuel Yellin American, born Russia, Philadelphia (until 1940) ; Estate of Samuel Yellin American, born Russia, 1884\u20131940, Philadelphia (1940\u2013sold 1955)"
}