{
  "objectID": 471577,
  "isHighlight": false,
  "accessionNumber": "55.42.9",
  "accessionYear": "1955",
  "isPublicDomain": true,
  "primaryImage": "https://images.metmuseum.org/CRDImages/cl/original/cdi55-42-9.jpg",
  "primaryImageSmall": "https://images.metmuseum.org/CRDImages/cl/web-large/cdi55-42-9.jpg",
  "additionalImages": [
    "https://images.metmuseum.org/CRDImages/cl/original/cdi55-42-9d1.jpg",
    "https://images.metmuseum.org/CRDImages/cl/original/cdi55-42-9d2.jpg",
    "https://images.metmuseum.org/CRDImages/cl/original/cdi55-42-9s2.jpg"
  ],
  "constituents": null,
  "department": "The Cloisters",
  "objectName": "Spoon",
  "title": "Maidenhead Type Spoon",
  "culture": "British",
  "period": "",
  "dynasty": "",
  "reign": "",
  "portfolio": "",
  "artistRole": "",
  "artistPrefix": "",
  "artistDisplayName": "",
  "artistDisplayBio": "",
  "artistSuffix": "",
  "artistAlphaSort": "",
  "artistNationality": "",
  "artistBeginDate": "",
  "artistEndDate": "",
  "artistGender": "",
  "artistWikidata_URL": "",
  "artistULAN_URL": "",
  "objectDate": "probably late 15th century",
  "objectBeginDate": 1450,
  "objectEndDate": 1499,
  "medium": "Silver",
  "dimensions": "Overall: 6 1/8 in. (15.6 cm)",
  "measurements": [
    {
      "elementName": "Overall",
      "elementDescription": null,
      "elementMeasurements": {
        "Height": 15.5575
      }
    }
  ],
  "creditLine": "The Cloisters Collection, 1955",
  "geographyType": "",
  "city": "",
  "state": "",
  "county": "",
  "country": "",
  "region": "",
  "subregion": "",
  "locale": "",
  "locus": "",
  "excavation": "",
  "river": "",
  "classification": "Metalwork-Silver",
  "rightsAndReproduction": "",
  "linkResource": "",
  "metadataDate": "2021-07-16T04:41:38.683Z",
  "repository": "Metropolitan Museum of Art, New York, NY",
  "objectURL": "https://www.metmuseum.org/art/collection/search/471577",
  "tags": [
    {
      "term": "Women",
      "AAT_URL": "http://vocab.getty.edu/page/aat/300025943",
      "Wikidata_URL": "https://www.wikidata.org/wiki/Q467"
    }
  ],
  "objectWikidata_URL": "",
  "isTimelineWork": false,
  "GalleryNumber": "",
  "prov": "J.P. Benson ; [ G.E.P. How (sold 1955) ]"
}