{
  "objectID": 471576,
  "isHighlight": false,
  "accessionNumber": "55.42.8",
  "accessionYear": "1955",
  "isPublicDomain": true,
  "primaryImage": "https://images.metmuseum.org/CRDImages/cl/original/sf55-42-8s1.jpg",
  "primaryImageSmall": "https://images.metmuseum.org/CRDImages/cl/web-large/sf55-42-8s1.jpg",
  "additionalImages": [
    "https://images.metmuseum.org/CRDImages/cl/original/sf55-42-8s2.jpg",
    "https://images.metmuseum.org/CRDImages/cl/original/sf55-42-8d3.jpg",
    "https://images.metmuseum.org/CRDImages/cl/original/sf55-42-8d2.jpg",
    "https://images.metmuseum.org/CRDImages/cl/original/sf55-42-8d1.jpg"
  ],
  "constituents": null,
  "department": "The Cloisters",
  "objectName": "Spoon",
  "title": "Apostle Spoon",
  "culture": "British",
  "period": "",
  "dynasty": "",
  "reign": "",
  "portfolio": "",
  "artistRole": "",
  "artistPrefix": "",
  "artistDisplayName": "",
  "artistDisplayBio": "",
  "artistSuffix": "",
  "artistAlphaSort": "",
  "artistNationality": "",
  "artistBeginDate": "",
  "artistEndDate": "",
  "artistGender": "",
  "artistWikidata_URL": "",
  "artistULAN_URL": "",
  "objectDate": "ca. 1490",
  "objectBeginDate": 1487,
  "objectEndDate": 1493,
  "medium": "Silver, partial gilt",
  "dimensions": "Overall: 6 15/16 x 1 15/16 x 11/16 in. (17.6 x 5 x 1.8 cm)",
  "measurements": [
    {
      "elementName": "Overall",
      "elementDescription": null,
      "elementMeasurements": {
        "Depth": 1.8,
        "Height": 17.621284,
        "Width": 5
      }
    }
  ],
  "creditLine": "The Cloisters Collection, 1955",
  "geographyType": "",
  "city": "",
  "state": "",
  "county": "",
  "country": "",
  "region": "",
  "subregion": "",
  "locale": "",
  "locus": "",
  "excavation": "",
  "river": "",
  "classification": "Metalwork-Silver",
  "rightsAndReproduction": "",
  "linkResource": "",
  "metadataDate": "2021-07-16T04:41:38.683Z",
  "repository": "Metropolitan Museum of Art, New York, NY",
  "objectURL": "https://www.metmuseum.org/art/collection/search/471576",
  "tags": [
    {
      "term": "Apostles",
      "AAT_URL": "http://vocab.getty.edu/page/aat/300343837",
      "Wikidata_URL": "https://www.wikidata.org/wiki/Q43412"
    }
  ],
  "objectWikidata_URL": "",
  "isTimelineWork": false,
  "GalleryNumber": "010",
  "prov": "G.E.P. How (sold 1955)"
}