{
  "objectID": 471561,
  "isHighlight": false,
  "accessionNumber": "55.28",
  "accessionYear": "1955",
  "isPublicDomain": true,
  "primaryImage": "https://images.metmuseum.org/CRDImages/cl/original/cdi55-28s1.jpg",
  "primaryImageSmall": "https://images.metmuseum.org/CRDImages/cl/web-large/cdi55-28s1.jpg",
  "additionalImages": [
    "https://images.metmuseum.org/CRDImages/cl/original/cdi55-28s3.jpg",
    "https://images.metmuseum.org/CRDImages/cl/original/cdi55-28s5.jpg",
    "https://images.metmuseum.org/CRDImages/cl/original/cdi55-28s2.jpg",
    "https://images.metmuseum.org/CRDImages/cl/original/cdi55-28s4.jpg",
    "https://images.metmuseum.org/CRDImages/cl/original/cdi55-28s7.jpg",
    "https://images.metmuseum.org/CRDImages/cl/original/cdi55-28s6.jpg"
  ],
  "constituents": null,
  "department": "The Cloisters",
  "objectName": "Coffret",
  "title": "Coffret",
  "culture": "German",
  "period": "",
  "dynasty": "",
  "reign": "",
  "portfolio": "",
  "artistRole": "",
  "artistPrefix": "",
  "artistDisplayName": "",
  "artistDisplayBio": "",
  "artistSuffix": "",
  "artistAlphaSort": "",
  "artistNationality": "",
  "artistBeginDate": "",
  "artistEndDate": "",
  "artistGender": "",
  "artistWikidata_URL": "",
  "artistULAN_URL": "",
  "objectDate": "late 15th century",
  "objectBeginDate": 1475,
  "objectEndDate": 1499,
  "medium": "Maple",
  "dimensions": "Overall: 3 7/8 x 7 7/8 x 5 1/2 in. (9.8 x 20 x 14 cm)",
  "measurements": [
    {
      "elementName": "Overall",
      "elementDescription": null,
      "elementMeasurements": {
        "Depth": 13.97,
        "Height": 9.8425,
        "Width": 20.0025
      }
    }
  ],
  "creditLine": "The Cloisters Collection, 1955",
  "geographyType": "Made in",
  "city": "",
  "state": "Upper Rhineland",
  "county": "",
  "country": "Germany",
  "region": "",
  "subregion": "",
  "locale": "",
  "locus": "",
  "excavation": "",
  "river": "",
  "classification": "Woodwork-Furniture",
  "rightsAndReproduction": "",
  "linkResource": "",
  "metadataDate": "2021-07-16T04:41:38.683Z",
  "repository": "Metropolitan Museum of Art, New York, NY",
  "objectURL": "https://www.metmuseum.org/art/collection/search/471561",
  "tags": [
    {
      "term": "Elephants",
      "AAT_URL": "http://vocab.getty.edu/page/aat/300250160",
      "Wikidata_URL": "https://www.wikidata.org/wiki/Q7378"
    },
    {
      "term": "Musical Instruments",
      "AAT_URL": "http://vocab.getty.edu/page/aat/300041620",
      "Wikidata_URL": "https://www.wikidata.org/wiki/Q34379"
    },
    {
      "term": "Men",
      "AAT_URL": "http://vocab.getty.edu/page/aat/300025928",
      "Wikidata_URL": "https://www.wikidata.org/wiki/Q8441"
    },
    {
      "term": "Unicorns",
      "AAT_URL": "http://vocab.getty.edu/page/aat/300379595",
      "Wikidata_URL": "https://www.wikidata.org/wiki/Q7246"
    }
  ],
  "objectWikidata_URL": "",
  "isTimelineWork": false,
  "GalleryNumber": "",
  "prov": "[ Brimo de Laroussilhe, Paris (sold 1955)]"
}