{
  "objectID": 471556,
  "isHighlight": false,
  "accessionNumber": "55.4a, b",
  "accessionYear": "1955",
  "isPublicDomain": true,
  "primaryImage": "https://images.metmuseum.org/CRDImages/cl/original/sf55-4s4.jpg",
  "primaryImageSmall": "https://images.metmuseum.org/CRDImages/cl/web-large/sf55-4s4.jpg",
  "additionalImages": [
    "https://images.metmuseum.org/CRDImages/cl/original/sf55-4s1.jpg",
    "https://images.metmuseum.org/CRDImages/cl/original/sf55-4s3.jpg",
    "https://images.metmuseum.org/CRDImages/cl/original/sf55-4d1.jpg"
  ],
  "constituents": null,
  "department": "The Cloisters",
  "objectName": "Wall fountain",
  "title": "Wall Fountain (laver) in the form of a Turret",
  "culture": "Netherlandish",
  "period": "",
  "dynasty": "",
  "reign": "",
  "portfolio": "",
  "artistRole": "",
  "artistPrefix": "",
  "artistDisplayName": "",
  "artistDisplayBio": "",
  "artistSuffix": "",
  "artistAlphaSort": "",
  "artistNationality": "",
  "artistBeginDate": "",
  "artistEndDate": "",
  "artistGender": "",
  "artistWikidata_URL": "",
  "artistULAN_URL": "",
  "objectDate": "late 15th century",
  "objectBeginDate": 1450,
  "objectEndDate": 1500,
  "medium": "Copper alloy",
  "dimensions": "Overall: 16 7/8 x 9 1/8 x 6 3/8 in., 9.068lb. (42.9 x 23.2 x 16.2 cm, 4113g)\r\na-vessel: 8 1/8 x 9 1/8 x 6 3/8 in. (20.6 x 23.2 x 16.2 cm)\r\nb-lid: 10 5/16 x 5 3/16 in. (26.2 x 13.2 cm)",
  "measurements": [
    {
      "elementName": "Overall",
      "elementDescription": null,
      "elementMeasurements": {
        "Diameter": 16.2,
        "Height": 42.8626,
        "Weight": 4.113,
        "Width": 23.2
      }
    },
    {
      "elementName": "Other",
      "elementDescription": "b-lid",
      "elementMeasurements": {
        "Diameter": 13.2,
        "Height": 26.1938
      }
    },
    {
      "elementName": "Other",
      "elementDescription": "a-vessel",
      "elementMeasurements": {
        "Diameter": 16.2,
        "Height": 20.6,
        "Width": 23.2
      }
    }
  ],
  "creditLine": "The Cloisters Collection, 1955",
  "geographyType": "",
  "city": "",
  "state": "",
  "county": "",
  "country": "",
  "region": "",
  "subregion": "",
  "locale": "",
  "locus": "",
  "excavation": "",
  "river": "",
  "classification": "Metalwork-Copper alloy",
  "rightsAndReproduction": "",
  "linkResource": "",
  "metadataDate": "2021-03-30T04:40:03.88Z",
  "repository": "Metropolitan Museum of Art, New York, NY",
  "objectURL": "https://www.metmuseum.org/art/collection/search/471556",
  "tags": [
    {
      "term": "Monkeys",
      "AAT_URL": "http://vocab.getty.edu/page/aat/300250028",
      "Wikidata_URL": "https://www.wikidata.org/wiki/Q1367"
    }
  ],
  "objectWikidata_URL": "",
  "isTimelineWork": false,
  "GalleryNumber": "",
  "prov": "Said to be from Villa Martin, Spain; Private Collection, Spain (through Pedro Ruiz, Madrid, 1955)"
}