{
  "objectID": 471598,
  "isHighlight": false,
  "accessionNumber": "55.61.25",
  "accessionYear": "1955",
  "isPublicDomain": true,
  "primaryImage": "https://images.metmuseum.org/CRDImages/cl/original/cdi55-61-25.jpg",
  "primaryImageSmall": "https://images.metmuseum.org/CRDImages/cl/web-large/cdi55-61-25.jpg",
  "additionalImages": [],
  "constituents": null,
  "department": "The Cloisters",
  "objectName": "Candlestick bracket",
  "title": "Candlestick Bracket",
  "culture": "European",
  "period": "",
  "dynasty": "",
  "reign": "",
  "portfolio": "",
  "artistRole": "",
  "artistPrefix": "",
  "artistDisplayName": "",
  "artistDisplayBio": "",
  "artistSuffix": "",
  "artistAlphaSort": "",
  "artistNationality": "",
  "artistBeginDate": "",
  "artistEndDate": "",
  "artistGender": "",
  "artistWikidata_URL": "",
  "artistULAN_URL": "",
  "objectDate": "15th\u201316th century",
  "objectBeginDate": 1400,
  "objectEndDate": 1599,
  "medium": "Iron",
  "dimensions": "Overall: 7 1/2 x 4 3/8 in. (19.1 x 11.1 cm)",
  "measurements": [
    {
      "elementName": "Overall",
      "elementDescription": null,
      "elementMeasurements": {
        "Height": 11.1125,
        "Length": 19.05
      }
    }
  ],
  "creditLine": "The Cloisters Collection, 1955",
  "geographyType": "",
  "city": "",
  "state": "",
  "county": "",
  "country": "",
  "region": "",
  "subregion": "",
  "locale": "",
  "locus": "",
  "excavation": "",
  "river": "",
  "classification": "Metalwork-Iron",
  "rightsAndReproduction": "",
  "linkResource": "",
  "metadataDate": "2021-03-30T04:40:03.88Z",
  "repository": "Metropolitan Museum of Art, New York, NY",
  "objectURL": "https://www.metmuseum.org/art/collection/search/471598",
  "tags": [
    {
      "term": "Candles",
      "AAT_URL": "http://vocab.getty.edu/page/aat/300037654",
      "Wikidata_URL": "https://www.wikidata.org/wiki/Q12888135"
    },
    {
      "term": "Candlesticks",
      "AAT_URL": "http://vocab.getty.edu/page/aat/300037588",
      "Wikidata_URL": "https://www.wikidata.org/wiki/Q151771"
    }
  ],
  "objectWikidata_URL": "",
  "isTimelineWork": false,
  "GalleryNumber": "019",
  "prov": "Samuel Yellin American, born Russia, Philadelphia (until 1940) ; Samuel Yellin, Philadelphia (1940\u2013sold 1955)"
}