{
  "objectID": 471551,
  "isHighlight": false,
  "accessionNumber": "54.177.1",
  "accessionYear": "1954",
  "isPublicDomain": true,
  "primaryImage": "https://images.metmuseum.org/CRDImages/cl/original/cdi54-177-1.jpg",
  "primaryImageSmall": "https://images.metmuseum.org/CRDImages/cl/web-large/cdi54-177-1.jpg",
  "additionalImages": [
    "https://images.metmuseum.org/CRDImages/cl/original/cdi54-177-1s2.jpg",
    "https://images.metmuseum.org/CRDImages/cl/original/cdi54-177-1s3.jpg"
  ],
  "constituents": null,
  "department": "The Cloisters",
  "objectName": "Pyx",
  "title": "Pyx",
  "culture": "Spanish (?)",
  "period": "",
  "dynasty": "",
  "reign": "",
  "portfolio": "",
  "artistRole": "",
  "artistPrefix": "",
  "artistDisplayName": "",
  "artistDisplayBio": "",
  "artistSuffix": "",
  "artistAlphaSort": "",
  "artistNationality": "",
  "artistBeginDate": "",
  "artistEndDate": "",
  "artistGender": "",
  "artistWikidata_URL": "",
  "artistULAN_URL": "",
  "objectDate": "15th century",
  "objectBeginDate": 1400,
  "objectEndDate": 1499,
  "medium": "Silver, partly gilt",
  "dimensions": "Overall: H: 9 1/2 x Diam: 3 3/4 in. (24.1 x 9.5 cm)",
  "measurements": [
    {
      "elementName": "Overall",
      "elementDescription": null,
      "elementMeasurements": {
        "Diameter": 9.525,
        "Height": 24.13
      }
    }
  ],
  "creditLine": "The Cloisters Collection, 1954",
  "geographyType": "",
  "city": "",
  "state": "",
  "county": "",
  "country": "",
  "region": "",
  "subregion": "",
  "locale": "",
  "locus": "",
  "excavation": "",
  "river": "",
  "classification": "Metalwork-Silver",
  "rightsAndReproduction": "",
  "linkResource": "",
  "metadataDate": "2021-07-16T04:41:38.683Z",
  "repository": "Metropolitan Museum of Art, New York, NY",
  "objectURL": "https://www.metmuseum.org/art/collection/search/471551",
  "tags": [
    {
      "term": "Cross",
      "AAT_URL": "http://vocab.getty.edu/page/aat/300235443",
      "Wikidata_URL": "https://www.wikidata.org/wiki/Q40843"
    },
    {
      "term": "Crucifixion",
      "AAT_URL": "http://vocab.getty.edu/page/aat/300404300",
      "Wikidata_URL": "https://www.wikidata.org/wiki/Q3235597"
    },
    {
      "term": "Christ",
      "AAT_URL": "http://vocab.getty.edu/page/ia/901000087",
      "Wikidata_URL": "https://www.wikidata.org/wiki/Q642420"
    }
  ],
  "objectWikidata_URL": "",
  "isTimelineWork": false,
  "GalleryNumber": "",
  "prov": "Milicua (sold 1954)"
}