{
  "objectID": 471567,
  "isHighlight": false,
  "accessionNumber": "55.40.2",
  "accessionYear": "1955",
  "isPublicDomain": true,
  "primaryImage": "https://images.metmuseum.org/CRDImages/cl/original/cdi55-40-2.jpg",
  "primaryImageSmall": "https://images.metmuseum.org/CRDImages/cl/web-large/cdi55-40-2.jpg",
  "additionalImages": [],
  "constituents": null,
  "department": "The Cloisters",
  "objectName": "Candlestick",
  "title": "Candlestick",
  "culture": "European",
  "period": "",
  "dynasty": "",
  "reign": "",
  "portfolio": "",
  "artistRole": "",
  "artistPrefix": "",
  "artistDisplayName": "",
  "artistDisplayBio": "",
  "artistSuffix": "",
  "artistAlphaSort": "",
  "artistNationality": "",
  "artistBeginDate": "",
  "artistEndDate": "",
  "artistGender": "",
  "artistWikidata_URL": "",
  "artistULAN_URL": "",
  "objectDate": "15th\u201316th century",
  "objectBeginDate": 1400,
  "objectEndDate": 1599,
  "medium": "Copper-alloy",
  "dimensions": "Overall: 16 5/8, with pricket 20 5/8 x Diam. of base 7 3/8 in. (42.2 x 18.7 cm)",
  "measurements": [
    {
      "elementName": "Overall",
      "elementDescription": null,
      "elementMeasurements": {
        "Diameter": 18.7325,
        "Height": 42.2276
      }
    }
  ],
  "creditLine": "The Cloisters Collection, 1955",
  "geographyType": "",
  "city": "",
  "state": "",
  "county": "",
  "country": "",
  "region": "",
  "subregion": "",
  "locale": "",
  "locus": "",
  "excavation": "",
  "river": "",
  "classification": "Metalwork-Bronze",
  "rightsAndReproduction": "",
  "linkResource": "",
  "metadataDate": "2021-07-16T04:41:38.683Z",
  "repository": "Metropolitan Museum of Art, New York, NY",
  "objectURL": "https://www.metmuseum.org/art/collection/search/471567",
  "tags": [
    {
      "term": "Candlesticks",
      "AAT_URL": "http://vocab.getty.edu/page/aat/300037588",
      "Wikidata_URL": "https://www.wikidata.org/wiki/Q151771"
    }
  ],
  "objectWikidata_URL": "",
  "isTimelineWork": false,
  "GalleryNumber": "",
  "prov": "[ Weisbrod-Worndl (until 1955) ]"
}