{
  "objectID": 471593,
  "isHighlight": false,
  "accessionNumber": "55.61.17",
  "accessionYear": "1955",
  "isPublicDomain": true,
  "primaryImage": "https://images.metmuseum.org/CRDImages/cl/original/cdi55-61-17.jpg",
  "primaryImageSmall": "https://images.metmuseum.org/CRDImages/cl/web-large/cdi55-61-17.jpg",
  "additionalImages": [
    "https://images.metmuseum.org/CRDImages/cl/original/cdi55-61-17s2.jpg"
  ],
  "constituents": null,
  "department": "The Cloisters",
  "objectName": "Game bag with iron mounts",
  "title": "Bag for Game with Iron Mounts",
  "culture": "European",
  "period": "",
  "dynasty": "",
  "reign": "",
  "portfolio": "",
  "artistRole": "",
  "artistPrefix": "",
  "artistDisplayName": "",
  "artistDisplayBio": "",
  "artistSuffix": "",
  "artistAlphaSort": "",
  "artistNationality": "",
  "artistBeginDate": "",
  "artistEndDate": "",
  "artistGender": "",
  "artistWikidata_URL": "",
  "artistULAN_URL": "",
  "objectDate": "15th\u201316th century",
  "objectBeginDate": 1400,
  "objectEndDate": 1599,
  "medium": "Iron, velvet & silk",
  "dimensions": "Overall (Frame): W. 6 3/8 in. (16.2 cm)\r\nOverall (Bag): H.8 x W. 8 1/2 in. (20.3 x 21.6 cm)",
  "measurements": [
    {
      "elementName": "Overall",
      "elementDescription": "Bag",
      "elementMeasurements": {
        "Height": 20.32,
        "Width": 21.59
      }
    },
    {
      "elementName": "Overall",
      "elementDescription": "Frame",
      "elementMeasurements": {
        "Width": 16.1925
      }
    }
  ],
  "creditLine": "The Cloisters Collection, 1955",
  "geographyType": "",
  "city": "",
  "state": "",
  "county": "",
  "country": "",
  "region": "",
  "subregion": "",
  "locale": "",
  "locus": "",
  "excavation": "",
  "river": "",
  "classification": "Metalwork-Iron",
  "rightsAndReproduction": "",
  "linkResource": "",
  "metadataDate": "2021-07-16T04:41:38.683Z",
  "repository": "Metropolitan Museum of Art, New York, NY",
  "objectURL": "https://www.metmuseum.org/art/collection/search/471593",
  "tags": null,
  "objectWikidata_URL": "",
  "isTimelineWork": false,
  "GalleryNumber": "",
  "prov": "Sammuel James Whawell 1857\u20131926 (?) ; Samuel Yellin American, born Russia, Philadelphia (until 1940) ; Estate of Samuel Yellin American, born Russia, 1884\u20131940, Philadelphia (1940\u2013sold 1955)"
}