{
  "objectID": 471605,
  "isHighlight": false,
  "accessionNumber": "55.61.33a, b",
  "accessionYear": "1955",
  "isPublicDomain": true,
  "primaryImage": "https://images.metmuseum.org/CRDImages/cl/original/cdi55-61-33ab.jpg",
  "primaryImageSmall": "https://images.metmuseum.org/CRDImages/cl/web-large/cdi55-61-33ab.jpg",
  "additionalImages": [],
  "constituents": null,
  "department": "The Cloisters",
  "objectName": "Door knocker",
  "title": "Door Knocker",
  "culture": "European",
  "period": "",
  "dynasty": "",
  "reign": "",
  "portfolio": "",
  "artistRole": "",
  "artistPrefix": "",
  "artistDisplayName": "",
  "artistDisplayBio": "",
  "artistSuffix": "",
  "artistAlphaSort": "",
  "artistNationality": "",
  "artistBeginDate": "",
  "artistEndDate": "",
  "artistGender": "",
  "artistWikidata_URL": "",
  "artistULAN_URL": "",
  "objectDate": "15th\u201316th century",
  "objectBeginDate": 1400,
  "objectEndDate": 1599,
  "medium": "Iron",
  "dimensions": "Overall (a.): 3 x 4 5/8 in. (7.6 x 11.7 cm)\r\nOverall (b.): 7 3/8 in. (18.7 cm)",
  "measurements": [
    {
      "elementName": "Overall",
      "elementDescription": "b.",
      "elementMeasurements": {
        "Other": 18.7325
      }
    },
    {
      "elementName": "Overall",
      "elementDescription": "a.",
      "elementMeasurements": {
        "Height": 7.62,
        "Width": 11.7475
      }
    }
  ],
  "creditLine": "The Cloisters Collection, 1955",
  "geographyType": "",
  "city": "",
  "state": "",
  "county": "",
  "country": "",
  "region": "",
  "subregion": "",
  "locale": "",
  "locus": "",
  "excavation": "",
  "river": "",
  "classification": "Metalwork-Iron",
  "rightsAndReproduction": "",
  "linkResource": "",
  "metadataDate": "2021-03-30T04:40:03.88Z",
  "repository": "Metropolitan Museum of Art, New York, NY",
  "objectURL": "https://www.metmuseum.org/art/collection/search/471605",
  "tags": null,
  "objectWikidata_URL": "",
  "isTimelineWork": false,
  "GalleryNumber": "",
  "prov": "Samuel Yellin American, born Russia, Philadelphia (until 1940) ; Samuel Yellin, Philadelphia (1940\u2013sold 1955)"
}