{
  "objectID": 471632,
  "isHighlight": false,
  "accessionNumber": "55.61.68a, b",
  "accessionYear": "1955",
  "isPublicDomain": true,
  "primaryImage": "https://images.metmuseum.org/CRDImages/cl/original/cdi55-61-68ab.jpg",
  "primaryImageSmall": "https://images.metmuseum.org/CRDImages/cl/web-large/cdi55-61-68ab.jpg",
  "additionalImages": [],
  "constituents": null,
  "department": "The Cloisters",
  "objectName": "Box",
  "title": "Box with Circular Scroll Designs",
  "culture": "European",
  "period": "",
  "dynasty": "",
  "reign": "",
  "portfolio": "",
  "artistRole": "",
  "artistPrefix": "",
  "artistDisplayName": "",
  "artistDisplayBio": "",
  "artistSuffix": "",
  "artistAlphaSort": "",
  "artistNationality": "",
  "artistBeginDate": "",
  "artistEndDate": "",
  "artistGender": "",
  "artistWikidata_URL": "",
  "artistULAN_URL": "",
  "objectDate": "15th\u201316th century",
  "objectBeginDate": 1400,
  "objectEndDate": 1599,
  "medium": "Leather (Cuir bouilli) with iron mounts",
  "dimensions": "Overall: 8 1/16 x 11 5/8 x 9 1/4 in. (20.5 x 29.5 x 23.5 cm)",
  "measurements": [
    {
      "elementName": "Overall",
      "elementDescription": null,
      "elementMeasurements": {
        "Depth": 23.5,
        "Height": 20.5,
        "Width": 29.5
      }
    }
  ],
  "creditLine": "The Cloisters Collection, 1955",
  "geographyType": "",
  "city": "",
  "state": "",
  "county": "",
  "country": "",
  "region": "",
  "subregion": "",
  "locale": "",
  "locus": "",
  "excavation": "",
  "river": "",
  "classification": "Leatherwork",
  "rightsAndReproduction": "",
  "linkResource": "",
  "metadataDate": "2021-03-30T04:40:03.88Z",
  "repository": "Metropolitan Museum of Art, New York, NY",
  "objectURL": "https://www.metmuseum.org/art/collection/search/471632",
  "tags": null,
  "objectWikidata_URL": "",
  "isTimelineWork": false,
  "GalleryNumber": "",
  "prov": "Samuel Yellin American, born Russia, Philadelphia (until 1940) ; Samuel Yellin, Philadelphia (1940\u2013sold 1955)"
}