{
  "objectID": 471612,
  "isHighlight": false,
  "accessionNumber": "55.61.40",
  "accessionYear": "1955",
  "isPublicDomain": true,
  "primaryImage": "https://images.metmuseum.org/CRDImages/cl/original/cdi55-61-40.jpg",
  "primaryImageSmall": "https://images.metmuseum.org/CRDImages/cl/web-large/cdi55-61-40.jpg",
  "additionalImages": [
    "https://images.metmuseum.org/CRDImages/cl/original/cdi55-61-40s2.jpg"
  ],
  "constituents": null,
  "department": "The Cloisters",
  "objectName": "Tabernacle door",
  "title": "Tabernacle Door",
  "culture": "European",
  "period": "",
  "dynasty": "",
  "reign": "",
  "portfolio": "",
  "artistRole": "",
  "artistPrefix": "",
  "artistDisplayName": "",
  "artistDisplayBio": "",
  "artistSuffix": "",
  "artistAlphaSort": "",
  "artistNationality": "",
  "artistBeginDate": "",
  "artistEndDate": "",
  "artistGender": "",
  "artistWikidata_URL": "",
  "artistULAN_URL": "",
  "objectDate": "15th\u201316th century",
  "objectBeginDate": 1400,
  "objectEndDate": 1599,
  "medium": "Iron",
  "dimensions": "Overall: 17 3/4 x 12 7/8 in. (45.1 x 32.7 cm)",
  "measurements": [
    {
      "elementName": "Overall",
      "elementDescription": null,
      "elementMeasurements": {
        "Height": 45.0851,
        "Width": 32.7026
      }
    }
  ],
  "creditLine": "The Cloisters Collection, 1955",
  "geographyType": "",
  "city": "",
  "state": "",
  "county": "",
  "country": "",
  "region": "",
  "subregion": "",
  "locale": "",
  "locus": "",
  "excavation": "",
  "river": "",
  "classification": "Metalwork-Iron",
  "rightsAndReproduction": "",
  "linkResource": "",
  "metadataDate": "2021-03-30T04:40:03.88Z",
  "repository": "Metropolitan Museum of Art, New York, NY",
  "objectURL": "https://www.metmuseum.org/art/collection/search/471612",
  "tags": [
    {
      "term": "Doors",
      "AAT_URL": "http://vocab.getty.edu/page/aat/300002803",
      "Wikidata_URL": "https://www.wikidata.org/wiki/Q36794"
    }
  ],
  "objectWikidata_URL": "",
  "isTimelineWork": false,
  "GalleryNumber": "",
  "prov": "Samuel Yellin American, born Russia, Philadelphia (until 1940) ; Samuel Yellin, Philadelphia (1940\u2013sold 1955)"
}