{
  "objectID": 471737,
  "isHighlight": false,
  "accessionNumber": "56.101",
  "accessionYear": "1956",
  "isPublicDomain": true,
  "primaryImage": "https://images.metmuseum.org/CRDImages/cl/original/cdi56-101.jpg",
  "primaryImageSmall": "https://images.metmuseum.org/CRDImages/cl/web-large/cdi56-101.jpg",
  "additionalImages": [
    "https://images.metmuseum.org/CRDImages/cl/original/cdi56-101s2.jpg",
    "https://images.metmuseum.org/CRDImages/cl/original/cdi56-101s3.jpg",
    "https://images.metmuseum.org/CRDImages/cl/original/cdi56-101s4.jpg",
    "https://images.metmuseum.org/CRDImages/cl/original/cdi56-101s5.jpg"
  ],
  "constituents": null,
  "department": "The Cloisters",
  "objectName": "Statuette",
  "title": "Saint Genevi\u00e8ve",
  "culture": "French",
  "period": "",
  "dynasty": "",
  "reign": "",
  "portfolio": "",
  "artistRole": "",
  "artistPrefix": "",
  "artistDisplayName": "",
  "artistDisplayBio": "",
  "artistSuffix": "",
  "artistAlphaSort": "",
  "artistNationality": "",
  "artistBeginDate": "",
  "artistEndDate": "",
  "artistGender": "",
  "artistWikidata_URL": "",
  "artistULAN_URL": "",
  "objectDate": "second half 15th century",
  "objectBeginDate": 1450,
  "objectEndDate": 1499,
  "medium": "Boxwood",
  "dimensions": "Overall (without base): 7 1/2 in. (19.1 cm)",
  "measurements": [
    {
      "elementName": "Overall",
      "elementDescription": "without base",
      "elementMeasurements": {
        "Height": 19.050037
      }
    }
  ],
  "creditLine": "The Cloisters Collection, 1956",
  "geographyType": "Made in",
  "city": "",
  "state": "Paris",
  "county": "",
  "country": "",
  "region": "",
  "subregion": "",
  "locale": "",
  "locus": "",
  "excavation": "",
  "river": "",
  "classification": "Sculpture-Miniature-Wood",
  "rightsAndReproduction": "",
  "linkResource": "",
  "metadataDate": "2021-07-16T04:41:38.683Z",
  "repository": "Metropolitan Museum of Art, New York, NY",
  "objectURL": "https://www.metmuseum.org/art/collection/search/471737",
  "tags": [
    {
      "term": "Women",
      "AAT_URL": "http://vocab.getty.edu/page/aat/300025943",
      "Wikidata_URL": "https://www.wikidata.org/wiki/Q467"
    },
    {
      "term": "Books",
      "AAT_URL": "http://vocab.getty.edu/page/aat/300028051",
      "Wikidata_URL": "https://www.wikidata.org/wiki/Q571"
    },
    {
      "term": "Demons",
      "AAT_URL": "http://vocab.getty.edu/page/aat/300379730",
      "Wikidata_URL": "https://www.wikidata.org/wiki/Q177413"
    },
    {
      "term": "Saints",
      "AAT_URL": "http://vocab.getty.edu/page/aat/300150555",
      "Wikidata_URL": "https://www.wikidata.org/wiki/Q43115"
    },
    {
      "term": "Angels",
      "AAT_URL": "http://vocab.getty.edu/page/aat/300379004",
      "Wikidata_URL": "https://www.wikidata.org/wiki/Q235113"
    },
    {
      "term": "Monkeys",
      "AAT_URL": "http://vocab.getty.edu/page/aat/300250028",
      "Wikidata_URL": "https://www.wikidata.org/wiki/Q1367"
    }
  ],
  "objectWikidata_URL": "https://www.wikidata.org/wiki/Q20201827",
  "isTimelineWork": false,
  "GalleryNumber": "",
  "prov": "Claude-Lafontaine Collection, Paris (?) ; [ Jacques Seligmann & Co., New York (until 1956)]"
}