{
  "objectID": 471757,
  "isHighlight": false,
  "accessionNumber": "56.171.93",
  "accessionYear": "1956",
  "isPublicDomain": true,
  "primaryImage": "https://images.metmuseum.org/CRDImages/cl/original/cdi56-171-93s1.jpg",
  "primaryImageSmall": "https://images.metmuseum.org/CRDImages/cl/web-large/cdi56-171-93s1.jpg",
  "additionalImages": [
    "https://images.metmuseum.org/CRDImages/cl/original/cdi56-171-93s2.jpg"
  ],
  "constituents": null,
  "department": "The Cloisters",
  "objectName": "Pharmacy jar",
  "title": "Pharmacy Jar",
  "culture": "Spanish",
  "period": "",
  "dynasty": "",
  "reign": "",
  "portfolio": "",
  "artistRole": "",
  "artistPrefix": "",
  "artistDisplayName": "",
  "artistDisplayBio": "",
  "artistSuffix": "",
  "artistAlphaSort": "",
  "artistNationality": "",
  "artistBeginDate": "",
  "artistEndDate": "",
  "artistGender": "",
  "artistWikidata_URL": "",
  "artistULAN_URL": "",
  "objectDate": "second half 15th century",
  "objectBeginDate": 1450,
  "objectEndDate": 1499,
  "medium": "Tin-glazed earthenware",
  "dimensions": "Overall: 8 5/16 \u00d7 4 5/8 in. (21.1 \u00d7 11.7 cm)",
  "measurements": [
    {
      "elementName": "Overall",
      "elementDescription": null,
      "elementMeasurements": {
        "Diameter": 11.747523,
        "Height": 21.1138
      }
    }
  ],
  "creditLine": "The Cloisters Collection, 1956",
  "geographyType": "Made in",
  "city": "Manises",
  "state": "Valencia",
  "county": "",
  "country": "Spain",
  "region": "",
  "subregion": "",
  "locale": "",
  "locus": "",
  "excavation": "",
  "river": "",
  "classification": "Ceramics",
  "rightsAndReproduction": "",
  "linkResource": "",
  "metadataDate": "2021-03-30T04:40:03.88Z",
  "repository": "Metropolitan Museum of Art, New York, NY",
  "objectURL": "https://www.metmuseum.org/art/collection/search/471757",
  "tags": [
    {
      "term": "Jars",
      "AAT_URL": "http://vocab.getty.edu/page/aat/300195347",
      "Wikidata_URL": "https://www.wikidata.org/wiki/Q1207302"
    }
  ],
  "objectWikidata_URL": "",
  "isTimelineWork": false,
  "GalleryNumber": "",
  "prov": "[ Raphael Stora, Paris and New York] ; William Randolph Hearst American, 1863\u20131951, New York and San Simeon (until 1951) ; William Randolph Hearst Foundation, New York (1951\u20131956)"
}