{
  "objectID": 471785,
  "isHighlight": false,
  "accessionNumber": "56.171.128",
  "accessionYear": "1956",
  "isPublicDomain": true,
  "primaryImage": "https://images.metmuseum.org/CRDImages/cl/original/cdi56-171-128.jpg",
  "primaryImageSmall": "https://images.metmuseum.org/CRDImages/cl/web-large/cdi56-171-128.jpg",
  "additionalImages": [
    "https://images.metmuseum.org/CRDImages/cl/original/cdi56-171-128s2.jpg"
  ],
  "constituents": null,
  "department": "The Cloisters",
  "objectName": "Dish",
  "title": "Dish",
  "culture": "Spanish",
  "period": "",
  "dynasty": "",
  "reign": "",
  "portfolio": "",
  "artistRole": "",
  "artistPrefix": "",
  "artistDisplayName": "",
  "artistDisplayBio": "",
  "artistSuffix": "",
  "artistAlphaSort": "",
  "artistNationality": "",
  "artistBeginDate": "",
  "artistEndDate": "",
  "artistGender": "",
  "artistWikidata_URL": "",
  "artistULAN_URL": "",
  "objectDate": "1420\u20131430",
  "objectBeginDate": 1420,
  "objectEndDate": 1430,
  "medium": "Tin-glazed earthenware",
  "dimensions": "Overall: 2 5/8 x 17 3/4 in. (6.7 x 45.1 cm)",
  "measurements": [
    {
      "elementName": "Overall",
      "elementDescription": null,
      "elementMeasurements": {
        "Diameter": 45.0851,
        "Height": 6.6675
      }
    }
  ],
  "creditLine": "The Cloisters Collection, 1956",
  "geographyType": "Made in",
  "city": "probably Manises",
  "state": "Valencia",
  "county": "",
  "country": "Spain",
  "region": "",
  "subregion": "",
  "locale": "",
  "locus": "",
  "excavation": "",
  "river": "",
  "classification": "Ceramics",
  "rightsAndReproduction": "",
  "linkResource": "",
  "metadataDate": "2021-07-16T04:41:38.683Z",
  "repository": "Metropolitan Museum of Art, New York, NY",
  "objectURL": "https://www.metmuseum.org/art/collection/search/471785",
  "tags": [
    {
      "term": "Coat of Arms",
      "AAT_URL": "http://vocab.getty.edu/page/aat/300126352",
      "Wikidata_URL": "https://www.wikidata.org/wiki/Q14659"
    },
    {
      "term": "Dishes",
      "AAT_URL": "http://vocab.getty.edu/page/aat/300404900",
      "Wikidata_URL": "https://www.wikidata.org/wiki/Q57216"
    }
  ],
  "objectWikidata_URL": "",
  "isTimelineWork": false,
  "GalleryNumber": "",
  "prov": "[ Duveen Brothers, London, Paris and New York] ; William Randolph Hearst American, 1863\u20131951, New York and San Simeon (until 1951) ; William Randolph Hearst Foundation, New York (1951\u20131956)"
}