{
  "objectID": 471751,
  "isHighlight": false,
  "accessionNumber": "56.171.84",
  "accessionYear": "1956",
  "isPublicDomain": true,
  "primaryImage": "https://images.metmuseum.org/CRDImages/cl/original/cdi56-171-84s1.jpg",
  "primaryImageSmall": "https://images.metmuseum.org/CRDImages/cl/web-large/cdi56-171-84s1.jpg",
  "additionalImages": [
    "https://images.metmuseum.org/CRDImages/cl/original/cdi56-171-84s2.jpg",
    "https://images.metmuseum.org/CRDImages/cl/original/cdi56-171-84s3.jpg",
    "https://images.metmuseum.org/CRDImages/cl/original/cdi56-171-84s4.jpg"
  ],
  "constituents": null,
  "department": "The Cloisters",
  "objectName": "Jug",
  "title": "Jug",
  "culture": "Spanish",
  "period": "",
  "dynasty": "",
  "reign": "",
  "portfolio": "",
  "artistRole": "",
  "artistPrefix": "",
  "artistDisplayName": "",
  "artistDisplayBio": "",
  "artistSuffix": "",
  "artistAlphaSort": "",
  "artistNationality": "",
  "artistBeginDate": "",
  "artistEndDate": "",
  "artistGender": "",
  "artistWikidata_URL": "",
  "artistULAN_URL": "",
  "objectDate": "second half 15th century",
  "objectBeginDate": 1450,
  "objectEndDate": 1499,
  "medium": "Tin-glazed earthenware",
  "dimensions": "Overall: 8 5/8 in. (21.9 cm)",
  "measurements": [
    {
      "elementName": "Overall",
      "elementDescription": null,
      "elementMeasurements": {
        "Height": 21.9075
      }
    }
  ],
  "creditLine": "The Cloisters Collection, 1956",
  "geographyType": "Made in",
  "city": "probably Manises",
  "state": "Valencia",
  "county": "",
  "country": "Spain",
  "region": "",
  "subregion": "",
  "locale": "",
  "locus": "",
  "excavation": "",
  "river": "",
  "classification": "Ceramics",
  "rightsAndReproduction": "",
  "linkResource": "",
  "metadataDate": "2021-10-19T04:36:34.86Z",
  "repository": "Metropolitan Museum of Art, New York, NY",
  "objectURL": "https://www.metmuseum.org/art/collection/search/471751",
  "tags": [
    {
      "term": "Jugs",
      "AAT_URL": "http://vocab.getty.edu/page/aat/300045685",
      "Wikidata_URL": "https://www.wikidata.org/wiki/Q2413314"
    }
  ],
  "objectWikidata_URL": "",
  "isTimelineWork": false,
  "GalleryNumber": "019",
  "prov": "[ Arthur and Mildred Stapley Byne, Madrid] ; William Randolph Hearst American, 1863\u20131951, New York and San Simeon (until 1951) ; William Randolph Hearst Foundation, New York (1951\u20131956)"
}