{
  "objectID": 471782,
  "isHighlight": false,
  "accessionNumber": "56.171.124",
  "accessionYear": "1956",
  "isPublicDomain": true,
  "primaryImage": "https://images.metmuseum.org/CRDImages/cl/original/DP315067.jpg",
  "primaryImageSmall": "https://images.metmuseum.org/CRDImages/cl/web-large/DP315067.jpg",
  "additionalImages": [
    "https://images.metmuseum.org/CRDImages/cl/original/DP315068.jpg",
    "https://images.metmuseum.org/CRDImages/cl/original/cdi56-171-124s3.jpg"
  ],
  "constituents": null,
  "department": "The Cloisters",
  "objectName": "Dish",
  "title": "Deep Dish",
  "culture": "Spanish",
  "period": "",
  "dynasty": "",
  "reign": "",
  "portfolio": "",
  "artistRole": "",
  "artistPrefix": "",
  "artistDisplayName": "",
  "artistDisplayBio": "",
  "artistSuffix": "",
  "artistAlphaSort": "",
  "artistNationality": "",
  "artistBeginDate": "",
  "artistEndDate": "",
  "artistGender": "",
  "artistWikidata_URL": "",
  "artistULAN_URL": "",
  "objectDate": "ca. 1430",
  "objectBeginDate": 1430,
  "objectEndDate": 1430,
  "medium": "Tin-glazed earthenware",
  "dimensions": "Overall: 3 15/16 \u00d7 19 3/16 in. (10 \u00d7 48.7 cm)",
  "measurements": [
    {
      "elementName": "Overall",
      "elementDescription": null,
      "elementMeasurements": {
        "Diameter": 48.7,
        "Height": 10
      }
    }
  ],
  "creditLine": "The Cloisters Collection, 1956",
  "geographyType": "Made in",
  "city": "probably Manises",
  "state": "Valencia",
  "county": "",
  "country": "Spain",
  "region": "",
  "subregion": "",
  "locale": "",
  "locus": "",
  "excavation": "",
  "river": "",
  "classification": "Ceramics",
  "rightsAndReproduction": "",
  "linkResource": "",
  "metadataDate": "2021-07-16T04:41:38.683Z",
  "repository": "Metropolitan Museum of Art, New York, NY",
  "objectURL": "https://www.metmuseum.org/art/collection/search/471782",
  "tags": [
    {
      "term": "Insignia",
      "AAT_URL": "http://vocab.getty.edu/page/aat/300028725",
      "Wikidata_URL": "https://www.wikidata.org/wiki/Q552345"
    },
    {
      "term": "Dishes",
      "AAT_URL": "http://vocab.getty.edu/page/aat/300404900",
      "Wikidata_URL": "https://www.wikidata.org/wiki/Q57216"
    }
  ],
  "objectWikidata_URL": "",
  "isTimelineWork": false,
  "GalleryNumber": "",
  "prov": "Frederick Spencer, 4th Earl Spencer 1798\u20131857, Althorp, Northampton, England (?) ; Charles Robert Spencer, 6th Earl Spencer 1857\u20131922, Althorp, Northampton, England (?) ; [ Duveen Brothers, London, Paris and New York (sold 1912?)] ; William Randolph Hearst American, 1863\u20131951, New York and San Simeon (until 1951) ; William Randolph Hearst Foundation, New York (1951\u20131956)"
}