{
  "objectID": 471747,
  "isHighlight": false,
  "accessionNumber": "56.171.79",
  "accessionYear": "1956",
  "isPublicDomain": true,
  "primaryImage": "https://images.metmuseum.org/CRDImages/cl/original/cdi56-171-79.jpg",
  "primaryImageSmall": "https://images.metmuseum.org/CRDImages/cl/web-large/cdi56-171-79.jpg",
  "additionalImages": [
    "https://images.metmuseum.org/CRDImages/cl/original/cdi56-171-79s2.jpg"
  ],
  "constituents": null,
  "department": "The Cloisters",
  "objectName": "Vase",
  "title": "Handled Vase",
  "culture": "Spanish",
  "period": "",
  "dynasty": "",
  "reign": "",
  "portfolio": "",
  "artistRole": "",
  "artistPrefix": "",
  "artistDisplayName": "",
  "artistDisplayBio": "",
  "artistSuffix": "",
  "artistAlphaSort": "",
  "artistNationality": "",
  "artistBeginDate": "",
  "artistEndDate": "",
  "artistGender": "",
  "artistWikidata_URL": "",
  "artistULAN_URL": "",
  "objectDate": "16th century",
  "objectBeginDate": 1500,
  "objectEndDate": 1599,
  "medium": "Tin-glazed earthenware",
  "dimensions": "Overall: 9 3/4 in. (24.8 cm)",
  "measurements": [
    {
      "elementName": "Overall",
      "elementDescription": null,
      "elementMeasurements": {
        "Height": 24.765
      }
    }
  ],
  "creditLine": "The Cloisters Collection, 1956",
  "geographyType": "Made in",
  "city": "probably Manises",
  "state": "Valencia",
  "county": "",
  "country": "Spain",
  "region": "",
  "subregion": "",
  "locale": "",
  "locus": "",
  "excavation": "",
  "river": "",
  "classification": "Ceramics",
  "rightsAndReproduction": "",
  "linkResource": "",
  "metadataDate": "2021-07-16T04:41:38.683Z",
  "repository": "Metropolitan Museum of Art, New York, NY",
  "objectURL": "https://www.metmuseum.org/art/collection/search/471747",
  "tags": [
    {
      "term": "Flowers",
      "AAT_URL": "http://vocab.getty.edu/page/aat/300132399",
      "Wikidata_URL": "https://www.wikidata.org/wiki/Q506"
    },
    {
      "term": "Vases",
      "AAT_URL": "http://vocab.getty.edu/page/aat/300132254",
      "Wikidata_URL": "https://www.wikidata.org/wiki/Q191851"
    }
  ],
  "objectWikidata_URL": "",
  "isTimelineWork": false,
  "GalleryNumber": "016",
  "prov": "[ Spanish Art Gallery Ltd., London] ; William Randolph Hearst American, 1863\u20131951, New York and San Simeon (until 1951) ; William Randolph Hearst Foundation, New York (1951\u20131956)"
}