{
  "objectID": 471750,
  "isHighlight": false,
  "accessionNumber": "56.171.82",
  "accessionYear": "1956",
  "isPublicDomain": true,
  "primaryImage": "https://images.metmuseum.org/CRDImages/cl/original/DP315063.jpg",
  "primaryImageSmall": "https://images.metmuseum.org/CRDImages/cl/web-large/DP315063.jpg",
  "additionalImages": [
    "https://images.metmuseum.org/CRDImages/cl/original/DP315064.jpg"
  ],
  "constituents": null,
  "department": "The Cloisters",
  "objectName": "Dish",
  "title": "Deep Dish",
  "culture": "Spanish",
  "period": "",
  "dynasty": "",
  "reign": "",
  "portfolio": "",
  "artistRole": "",
  "artistPrefix": "",
  "artistDisplayName": "",
  "artistDisplayBio": "",
  "artistSuffix": "",
  "artistAlphaSort": "",
  "artistNationality": "",
  "artistBeginDate": "",
  "artistEndDate": "",
  "artistGender": "",
  "artistWikidata_URL": "",
  "artistULAN_URL": "",
  "objectDate": "late 15th\u2013early 16th century",
  "objectBeginDate": 1475,
  "objectEndDate": 1525,
  "medium": "Tin-glazed earthenware",
  "dimensions": "Overall: 3 1/8 \u00d7 19 1/8 in. (8 \u00d7 48.5 cm)",
  "measurements": [
    {
      "elementName": "Overall",
      "elementDescription": null,
      "elementMeasurements": {
        "Diameter": 48.5,
        "Height": 8
      }
    }
  ],
  "creditLine": "The Cloisters Collection, 1956",
  "geographyType": "Made in",
  "city": "probably Manises",
  "state": "Valencia",
  "county": "",
  "country": "Spain",
  "region": "",
  "subregion": "",
  "locale": "",
  "locus": "",
  "excavation": "",
  "river": "",
  "classification": "Ceramics",
  "rightsAndReproduction": "",
  "linkResource": "",
  "metadataDate": "2021-07-16T04:41:38.683Z",
  "repository": "Metropolitan Museum of Art, New York, NY",
  "objectURL": "https://www.metmuseum.org/art/collection/search/471750",
  "tags": [
    {
      "term": "Leaves",
      "AAT_URL": "http://vocab.getty.edu/page/aat/300011892",
      "Wikidata_URL": "https://www.wikidata.org/wiki/Q33971"
    },
    {
      "term": "Coat of Arms",
      "AAT_URL": "http://vocab.getty.edu/page/aat/300126352",
      "Wikidata_URL": "https://www.wikidata.org/wiki/Q14659"
    },
    {
      "term": "Dishes",
      "AAT_URL": "http://vocab.getty.edu/page/aat/300404900",
      "Wikidata_URL": "https://www.wikidata.org/wiki/Q57216"
    }
  ],
  "objectWikidata_URL": "",
  "isTimelineWork": false,
  "GalleryNumber": "",
  "prov": "William Randolph Hearst American, 1863\u20131951, New York and San Simeon (until 1951) ; William Randolph Hearst Foundation, New York (1951\u20131956)"
}