{
  "objectID": 471795,
  "isHighlight": false,
  "accessionNumber": "56.171.139",
  "accessionYear": "1956",
  "isPublicDomain": true,
  "primaryImage": "https://images.metmuseum.org/CRDImages/cl/original/sf56-171-139s1.jpg",
  "primaryImageSmall": "https://images.metmuseum.org/CRDImages/cl/web-large/sf56-171-139s1.jpg",
  "additionalImages": [
    "https://images.metmuseum.org/CRDImages/cl/original/sf56-171-139s2.jpg"
  ],
  "constituents": null,
  "department": "The Cloisters",
  "objectName": "Dish",
  "title": "Dish",
  "culture": "Spanish",
  "period": "",
  "dynasty": "",
  "reign": "",
  "portfolio": "",
  "artistRole": "",
  "artistPrefix": "",
  "artistDisplayName": "",
  "artistDisplayBio": "",
  "artistSuffix": "",
  "artistAlphaSort": "",
  "artistNationality": "",
  "artistBeginDate": "",
  "artistEndDate": "",
  "artistGender": "",
  "artistWikidata_URL": "",
  "artistULAN_URL": "",
  "objectDate": "1430\u20131460",
  "objectBeginDate": 1430,
  "objectEndDate": 1460,
  "medium": "Tin-glazed earthenware",
  "dimensions": "Overall: diam. 18 3/4 x 2 11/16 in. (diam. 47.7 x 6.9 cm)",
  "measurements": [
    {
      "elementName": "Overall",
      "elementDescription": null,
      "elementMeasurements": {
        "Depth": 6.9,
        "Diameter": 47.7
      }
    }
  ],
  "creditLine": "The Cloisters Collection, 1956",
  "geographyType": "Made in",
  "city": "probably Manises",
  "state": "Valencia",
  "county": "",
  "country": "Spain",
  "region": "",
  "subregion": "",
  "locale": "",
  "locus": "",
  "excavation": "",
  "river": "",
  "classification": "Ceramics",
  "rightsAndReproduction": "",
  "linkResource": "",
  "metadataDate": "2021-07-16T04:41:38.683Z",
  "repository": "Metropolitan Museum of Art, New York, NY",
  "objectURL": "https://www.metmuseum.org/art/collection/search/471795",
  "tags": null,
  "objectWikidata_URL": "",
  "isTimelineWork": false,
  "GalleryNumber": "",
  "prov": "[ American Art Association, New York] ; William Randolph Hearst American, 1863\u20131951, New York and San Simeon (until 1951) ; William Randolph Hearst Foundation, New York (1951\u20131956)"
}