{
  "objectID": 471741,
  "isHighlight": false,
  "accessionNumber": "56.171.71",
  "accessionYear": "1956",
  "isPublicDomain": true,
  "primaryImage": "https://images.metmuseum.org/CRDImages/cl/original/DP322344.jpg",
  "primaryImageSmall": "https://images.metmuseum.org/CRDImages/cl/web-large/DP322344.jpg",
  "additionalImages": [
    "https://images.metmuseum.org/CRDImages/cl/original/DP322366.jpg",
    "https://images.metmuseum.org/CRDImages/cl/original/cdi56-171-71s3.jpg"
  ],
  "constituents": null,
  "department": "The Cloisters",
  "objectName": "Dish",
  "title": "Deep Dish",
  "culture": "Spanish",
  "period": "",
  "dynasty": "",
  "reign": "",
  "portfolio": "",
  "artistRole": "",
  "artistPrefix": "",
  "artistDisplayName": "",
  "artistDisplayBio": "",
  "artistSuffix": "",
  "artistAlphaSort": "",
  "artistNationality": "",
  "artistBeginDate": "",
  "artistEndDate": "",
  "artistGender": "",
  "artistWikidata_URL": "",
  "artistULAN_URL": "",
  "objectDate": "1435\u20131465",
  "objectBeginDate": 1435,
  "objectEndDate": 1465,
  "medium": "Tin-glazed earthenware",
  "dimensions": "2 1/16 \u00d7 18 in. (5.2 \u00d7 45.7 cm)",
  "measurements": [
    {
      "elementName": "Overall",
      "elementDescription": null,
      "elementMeasurements": {
        "Diameter": 45.7201,
        "Height": 5.2
      }
    }
  ],
  "creditLine": "The Cloisters Collection, 1956",
  "geographyType": "Made in",
  "city": "probably Manises",
  "state": "Valencia",
  "county": "",
  "country": "Spain",
  "region": "",
  "subregion": "",
  "locale": "",
  "locus": "",
  "excavation": "",
  "river": "",
  "classification": "Ceramics",
  "rightsAndReproduction": "",
  "linkResource": "",
  "metadataDate": "2021-07-16T04:41:38.683Z",
  "repository": "Metropolitan Museum of Art, New York, NY",
  "objectURL": "https://www.metmuseum.org/art/collection/search/471741",
  "tags": [
    {
      "term": "Animals",
      "AAT_URL": "http://vocab.getty.edu/page/aat/300249525",
      "Wikidata_URL": "https://www.wikidata.org/wiki/Q729"
    },
    {
      "term": "Insignia",
      "AAT_URL": "http://vocab.getty.edu/page/aat/300028725",
      "Wikidata_URL": "https://www.wikidata.org/wiki/Q552345"
    },
    {
      "term": "Dishes",
      "AAT_URL": "http://vocab.getty.edu/page/aat/300404900",
      "Wikidata_URL": "https://www.wikidata.org/wiki/Q57216"
    }
  ],
  "objectWikidata_URL": "",
  "isTimelineWork": false,
  "GalleryNumber": "",
  "prov": "[ Raphael Stora, Paris and New York] ; William Randolph Hearst American, 1863\u20131951, New York and San Simeon (until 1951) ; William Randolph Hearst Foundation, New York (1951\u20131956)"
}