{
  "objectID": 471852,
  "isHighlight": false,
  "accessionNumber": "66.211a, b",
  "accessionYear": "1966",
  "isPublicDomain": true,
  "primaryImage": "https://images.metmuseum.org/CRDImages/cl/original/cdi66-211abs1.jpg",
  "primaryImageSmall": "https://images.metmuseum.org/CRDImages/cl/web-large/cdi66-211abs1.jpg",
  "additionalImages": [
    "https://images.metmuseum.org/CRDImages/cl/original/cdi66-211abs3.jpg"
  ],
  "constituents": null,
  "department": "The Cloisters",
  "objectName": "Writing tablet",
  "title": "Writing Tablet",
  "culture": "British",
  "period": "",
  "dynasty": "",
  "reign": "",
  "portfolio": "",
  "artistRole": "",
  "artistPrefix": "",
  "artistDisplayName": "",
  "artistDisplayBio": "",
  "artistSuffix": "",
  "artistAlphaSort": "",
  "artistNationality": "",
  "artistBeginDate": "",
  "artistEndDate": "",
  "artistGender": "",
  "artistWikidata_URL": "",
  "artistULAN_URL": "",
  "objectDate": "14th century",
  "objectBeginDate": 1300,
  "objectEndDate": 1399,
  "medium": "Boxwood",
  "dimensions": "H. 11.5 cm  (a & b) , W. 16.3 cm (4 1/2 x 6 3/8 in.)",
  "measurements": [
    {
      "elementName": "Other",
      "elementDescription": null,
      "elementMeasurements": {
        "Height": 11.5,
        "Width": 16.3
      }
    }
  ],
  "creditLine": "The Cloisters Collection, 1966",
  "geographyType": "",
  "city": "",
  "state": "",
  "county": "",
  "country": "",
  "region": "",
  "subregion": "",
  "locale": "",
  "locus": "",
  "excavation": "",
  "river": "",
  "classification": "Sculpture-Miniature-Wood",
  "rightsAndReproduction": "",
  "linkResource": "",
  "metadataDate": "2021-11-29T10:04:10.363Z",
  "repository": "Metropolitan Museum of Art, New York, NY",
  "objectURL": "https://www.metmuseum.org/art/collection/search/471852",
  "tags": [
    {
      "term": "Virgin Mary",
      "AAT_URL": "http://vocab.getty.edu/page/ia/901000032",
      "Wikidata_URL": "https://www.wikidata.org/wiki/Q345"
    },
    {
      "term": "Resurrection",
      "AAT_URL": "http://vocab.getty.edu/page/aat/300404323",
      "Wikidata_URL": "https://www.wikidata.org/wiki/Q51624"
    },
    {
      "term": "Cross",
      "AAT_URL": "http://vocab.getty.edu/page/aat/300235443",
      "Wikidata_URL": "https://www.wikidata.org/wiki/Q40843"
    },
    {
      "term": "Crucifixion",
      "AAT_URL": "http://vocab.getty.edu/page/aat/300404300",
      "Wikidata_URL": "https://www.wikidata.org/wiki/Q3235597"
    },
    {
      "term": "Saints",
      "AAT_URL": "http://vocab.getty.edu/page/aat/300150555",
      "Wikidata_URL": "https://www.wikidata.org/wiki/Q43115"
    },
    {
      "term": "Annunciation",
      "AAT_URL": "http://vocab.getty.edu/page/aat/300412102",
      "Wikidata_URL": "https://www.wikidata.org/wiki/Q154326"
    },
    {
      "term": "Angels",
      "AAT_URL": "http://vocab.getty.edu/page/aat/300379004",
      "Wikidata_URL": "https://www.wikidata.org/wiki/Q235113"
    },
    {
      "term": "Christ",
      "AAT_URL": "http://vocab.getty.edu/page/ia/901000087",
      "Wikidata_URL": "https://www.wikidata.org/wiki/Q642420"
    }
  ],
  "objectWikidata_URL": "https://www.wikidata.org/wiki/Q20201700",
  "isTimelineWork": false,
  "GalleryNumber": "",
  "prov": "[ John J. Klejman American, New York (sold 1966)]"
}