{
  "objectID": 471854,
  "isHighlight": false,
  "accessionNumber": "67.155.9",
  "accessionYear": "1967",
  "isPublicDomain": true,
  "primaryImage": "https://images.metmuseum.org/CRDImages/cl/original/cdi67-155-9.jpg",
  "primaryImageSmall": "https://images.metmuseum.org/CRDImages/cl/web-large/cdi67-155-9.jpg",
  "additionalImages": [],
  "constituents": null,
  "department": "The Cloisters",
  "objectName": "Cabinet",
  "title": "Cupboard",
  "culture": "French or South Netherlandish",
  "period": "",
  "dynasty": "",
  "reign": "",
  "portfolio": "",
  "artistRole": "",
  "artistPrefix": "",
  "artistDisplayName": "",
  "artistDisplayBio": "",
  "artistSuffix": "",
  "artistAlphaSort": "",
  "artistNationality": "",
  "artistBeginDate": "",
  "artistEndDate": "",
  "artistGender": "",
  "artistWikidata_URL": "",
  "artistULAN_URL": "",
  "objectDate": "late 15th or early 16th century",
  "objectBeginDate": 1475,
  "objectEndDate": 1525,
  "medium": "Oak",
  "dimensions": "Overall: 68 1/2 x 68 1/2 x 27 in. (174 x 174 x 68.6 cm)",
  "measurements": [
    {
      "elementName": "Overall",
      "elementDescription": null,
      "elementMeasurements": {
        "Depth": 68.5801,
        "Height": 173.9903,
        "Width": 173.9903
      }
    }
  ],
  "creditLine": "Bequest of Susan Vanderpoel Clark, 1967",
  "geographyType": "",
  "city": "",
  "state": "",
  "county": "",
  "country": "",
  "region": "",
  "subregion": "",
  "locale": "",
  "locus": "",
  "excavation": "",
  "river": "",
  "classification": "Woodwork-Furniture",
  "rightsAndReproduction": "",
  "linkResource": "",
  "metadataDate": "2021-03-30T04:40:03.88Z",
  "repository": "Metropolitan Museum of Art, New York, NY",
  "objectURL": "https://www.metmuseum.org/art/collection/search/471854",
  "tags": null,
  "objectWikidata_URL": "",
  "isTimelineWork": false,
  "GalleryNumber": "016",
  "prov": "Stephen C. Clark 1882\u20131960, New York ; Susan Vanderpoel Clark (until 1967)"
}