{
  "objectID": 471849,
  "isHighlight": false,
  "accessionNumber": "65.215.4",
  "accessionYear": "1965",
  "isPublicDomain": true,
  "primaryImage": "https://images.metmuseum.org/CRDImages/cl/original/cdi65-215-4s1.jpg",
  "primaryImageSmall": "https://images.metmuseum.org/CRDImages/cl/web-large/cdi65-215-4s1.jpg",
  "additionalImages": [
    "https://images.metmuseum.org/CRDImages/cl/original/cdi65-215-4s2.jpg",
    "https://images.metmuseum.org/CRDImages/cl/original/cdi65-215-4s3.jpg",
    "https://images.metmuseum.org/CRDImages/cl/original/cdi65-215-4s5.jpg",
    "https://images.metmuseum.org/CRDImages/cl/original/cdi65-215-4s4.jpg"
  ],
  "constituents": null,
  "department": "The Cloisters",
  "objectName": "Statuette",
  "title": "St. John the Evangelist, probably from a Crucifixion Group",
  "culture": "German",
  "period": "",
  "dynasty": "",
  "reign": "",
  "portfolio": "",
  "artistRole": "",
  "artistPrefix": "",
  "artistDisplayName": "",
  "artistDisplayBio": "",
  "artistSuffix": "",
  "artistAlphaSort": "",
  "artistNationality": "",
  "artistBeginDate": "",
  "artistEndDate": "",
  "artistGender": "",
  "artistWikidata_URL": "",
  "artistULAN_URL": "",
  "objectDate": "ca. 1420",
  "objectBeginDate": 1420,
  "objectEndDate": 1420,
  "medium": "Limewood",
  "dimensions": "Overall: 7 3/4 x 2 3/4 x 2 in. (19.7 x 7 x 5.1 cm)",
  "measurements": [
    {
      "elementName": "Overall",
      "elementDescription": null,
      "elementMeasurements": {
        "Depth": 5.08,
        "Height": 19.685,
        "Width": 6.985
      }
    }
  ],
  "creditLine": "The Cloisters Collection, 1965",
  "geographyType": "Made in",
  "city": "",
  "state": "Upper Rhineland",
  "county": "",
  "country": "Germany",
  "region": "",
  "subregion": "",
  "locale": "",
  "locus": "",
  "excavation": "",
  "river": "",
  "classification": "Sculpture-Miniature-Wood",
  "rightsAndReproduction": "",
  "linkResource": "",
  "metadataDate": "2021-07-16T04:41:38.683Z",
  "repository": "Metropolitan Museum of Art, New York, NY",
  "objectURL": "https://www.metmuseum.org/art/collection/search/471849",
  "tags": [
    {
      "term": "Saint John the Evangelist",
      "AAT_URL": "http://vocab.getty.edu/page/ia/901001171",
      "Wikidata_URL": "https://www.wikidata.org/wiki/Q328804"
    },
    {
      "term": "Men",
      "AAT_URL": "http://vocab.getty.edu/page/aat/300025928",
      "Wikidata_URL": "https://www.wikidata.org/wiki/Q8441"
    }
  ],
  "objectWikidata_URL": "https://www.wikidata.org/wiki/Q20201704",
  "isTimelineWork": false,
  "GalleryNumber": "",
  "prov": "[ Hermann and Maria Schwartz, M\u00f6nchengladbach-Hardt (sold 1965)]"
}