{
  "objectID": 471818,
  "isHighlight": false,
  "accessionNumber": "57.26.2",
  "accessionYear": "1957",
  "isPublicDomain": true,
  "primaryImage": "https://images.metmuseum.org/CRDImages/cl/original/cdi57-26-2s1.jpg",
  "primaryImageSmall": "https://images.metmuseum.org/CRDImages/cl/web-large/cdi57-26-2s1.jpg",
  "additionalImages": [
    "https://images.metmuseum.org/CRDImages/cl/original/cdi57-26-2s2.jpg"
  ],
  "constituents": null,
  "department": "The Cloisters",
  "objectName": "Brooch",
  "title": "Ring Brooch",
  "culture": "Western European",
  "period": "",
  "dynasty": "",
  "reign": "",
  "portfolio": "",
  "artistRole": "",
  "artistPrefix": "",
  "artistDisplayName": "",
  "artistDisplayBio": "",
  "artistSuffix": "",
  "artistAlphaSort": "",
  "artistNationality": "",
  "artistBeginDate": "",
  "artistEndDate": "",
  "artistGender": "",
  "artistWikidata_URL": "",
  "artistULAN_URL": "",
  "objectDate": "first half 14th century",
  "objectBeginDate": 1300,
  "objectEndDate": 1349,
  "medium": "Silver, turquoise, glass paste",
  "dimensions": "Overall Diameter: 1 1/8 in. (2.9 cm)",
  "measurements": [
    {
      "elementName": "Overall",
      "elementDescription": null,
      "elementMeasurements": {
        "Diameter": 2.8575
      }
    }
  ],
  "creditLine": "The Cloisters Collection, 1957",
  "geographyType": "",
  "city": "",
  "state": "",
  "county": "",
  "country": "",
  "region": "",
  "subregion": "",
  "locale": "",
  "locus": "",
  "excavation": "",
  "river": "",
  "classification": "Metalwork-Silver",
  "rightsAndReproduction": "",
  "linkResource": "",
  "metadataDate": "2021-07-16T04:41:38.683Z",
  "repository": "Metropolitan Museum of Art, New York, NY",
  "objectURL": "https://www.metmuseum.org/art/collection/search/471818",
  "tags": [
    {
      "term": "Brooches",
      "AAT_URL": "http://vocab.getty.edu/page/aat/300045995",
      "Wikidata_URL": "https://www.wikidata.org/wiki/Q499916"
    }
  ],
  "objectWikidata_URL": "",
  "isTimelineWork": false,
  "GalleryNumber": "",
  "prov": "Perhaps Victor Gay, Paris (from at least 1887-1909?) ; John Hunt, Drumleck Baily, Dublin (sold 1957)"
}