{
  "objectID": 471855,
  "isHighlight": false,
  "accessionNumber": "67.155.24",
  "accessionYear": "1967",
  "isPublicDomain": true,
  "primaryImage": "https://images.metmuseum.org/CRDImages/cl/original/cds67-155-24fr.jpg",
  "primaryImageSmall": "https://images.metmuseum.org/CRDImages/cl/web-large/cds67-155-24fr.jpg",
  "additionalImages": [
    "https://images.metmuseum.org/CRDImages/cl/original/cds67-155-24bk.jpg",
    "https://images.metmuseum.org/CRDImages/cl/original/DP104561.jpg"
  ],
  "constituents": null,
  "department": "The Cloisters",
  "objectName": "Capital",
  "title": "Double Capital",
  "culture": "French",
  "period": "",
  "dynasty": "",
  "reign": "",
  "portfolio": "",
  "artistRole": "",
  "artistPrefix": "",
  "artistDisplayName": "",
  "artistDisplayBio": "",
  "artistSuffix": "",
  "artistAlphaSort": "",
  "artistNationality": "",
  "artistBeginDate": "",
  "artistEndDate": "",
  "artistGender": "",
  "artistWikidata_URL": "",
  "artistULAN_URL": "",
  "objectDate": "late 15th century",
  "objectBeginDate": 1471,
  "objectEndDate": 1499,
  "medium": "Marble",
  "dimensions": "Overall: 15 1/8 x 20 3/4 x 13 1/4 in. (38.4 x 52.7 x 33.7 cm)",
  "measurements": [
    {
      "elementName": "Overall",
      "elementDescription": null,
      "elementMeasurements": {
        "Depth": 33.6551,
        "Height": 38.4176,
        "Width": 52.7051
      }
    }
  ],
  "creditLine": "Bequest of Susan Vanderpoel Clark, 1967",
  "geographyType": "Made in",
  "city": "",
  "state": "Pyr\u00e9n\u00e9es",
  "county": "",
  "country": "France",
  "region": "",
  "subregion": "",
  "locale": "",
  "locus": "",
  "excavation": "",
  "river": "",
  "classification": "Sculpture-Architectural",
  "rightsAndReproduction": "",
  "linkResource": "",
  "metadataDate": "2021-07-16T04:41:38.683Z",
  "repository": "Metropolitan Museum of Art, New York, NY",
  "objectURL": "https://www.metmuseum.org/art/collection/search/471855",
  "tags": [
    {
      "term": "Christ",
      "AAT_URL": "http://vocab.getty.edu/page/ia/901000087",
      "Wikidata_URL": "https://www.wikidata.org/wiki/Q642420"
    },
    {
      "term": "Devil",
      "AAT_URL": "http://vocab.getty.edu/page/aat/300379005",
      "Wikidata_URL": "https://www.wikidata.org/wiki/Q6674"
    }
  ],
  "objectWikidata_URL": "",
  "isTimelineWork": false,
  "GalleryNumber": "012",
  "prov": "Carmelite convent at Trie-en-Bigorre, near Toulouse; Stephen C. Clark 1882\u20131960"
}