{
  "objectID": 471886,
  "isHighlight": false,
  "accessionNumber": "69.236.1",
  "accessionYear": "1969",
  "isPublicDomain": true,
  "primaryImage": "https://images.metmuseum.org/CRDImages/cl/original/cdi69-236-1s1.jpg",
  "primaryImageSmall": "https://images.metmuseum.org/CRDImages/cl/web-large/cdi69-236-1s1.jpg",
  "additionalImages": [],
  "constituents": null,
  "department": "The Cloisters",
  "objectName": "Panel",
  "title": "Panel with Two Apostles",
  "culture": "French",
  "period": "",
  "dynasty": "",
  "reign": "",
  "portfolio": "",
  "artistRole": "",
  "artistPrefix": "",
  "artistDisplayName": "",
  "artistDisplayBio": "",
  "artistSuffix": "",
  "artistAlphaSort": "",
  "artistNationality": "",
  "artistBeginDate": "",
  "artistEndDate": "",
  "artistGender": "",
  "artistWikidata_URL": "",
  "artistULAN_URL": "",
  "objectDate": "ca. 1320\u201335",
  "objectBeginDate": 1315,
  "objectEndDate": 1325,
  "medium": "Pot-metal glass, white glass, and silver stain",
  "dimensions": "Overall: 9 x 8 1/2 in. (22.9 x 21.6 cm)",
  "measurements": [
    {
      "elementName": "Overall",
      "elementDescription": null,
      "elementMeasurements": {
        "Height": 22.860046,
        "Width": 21.590044
      }
    }
  ],
  "creditLine": "The Cloisters Collection, 1969",
  "geographyType": "Made in",
  "city": "Rouen",
  "state": "",
  "county": "",
  "country": "France",
  "region": "",
  "subregion": "",
  "locale": "",
  "locus": "",
  "excavation": "",
  "river": "",
  "classification": "Glass-Stained",
  "rightsAndReproduction": "",
  "linkResource": "",
  "metadataDate": "2021-09-28T04:36:24.22Z",
  "repository": "Metropolitan Museum of Art, New York, NY",
  "objectURL": "https://www.metmuseum.org/art/collection/search/471886",
  "tags": [
    {
      "term": "Apostles",
      "AAT_URL": "http://vocab.getty.edu/page/aat/300343837",
      "Wikidata_URL": "https://www.wikidata.org/wiki/Q43412"
    }
  ],
  "objectWikidata_URL": "",
  "isTimelineWork": false,
  "GalleryNumber": "013",
  "prov": "From the Cathedrel of Notre-Dame, Rouen (?); Chanoine Colette ; Maurice Roquigny, Rouen ; Michel Ac\u00e9zat Paris, Paris (until 1944) ; [his sale, H\u00f4tel Drouot, Paris (November 24-25, 1969, cat. no. 33)]"
}