{
  "objectID": 471868,
  "isHighlight": false,
  "accessionNumber": "68.49",
  "accessionYear": "1968",
  "isPublicDomain": true,
  "primaryImage": "https://images.metmuseum.org/CRDImages/cl/original/DP260500.jpg",
  "primaryImageSmall": "https://images.metmuseum.org/CRDImages/cl/web-large/DP260500.jpg",
  "additionalImages": [
    "https://images.metmuseum.org/CRDImages/cl/original/DP260501.jpg",
    "https://images.metmuseum.org/CRDImages/cl/original/sf68-49d1.jpg"
  ],
  "constituents": null,
  "department": "The Cloisters",
  "objectName": "Drawing",
  "title": "Architectural Drawing",
  "culture": "French",
  "period": "",
  "dynasty": "",
  "reign": "",
  "portfolio": "",
  "artistRole": "",
  "artistPrefix": "",
  "artistDisplayName": "",
  "artistDisplayBio": "",
  "artistSuffix": "",
  "artistAlphaSort": "",
  "artistNationality": "",
  "artistBeginDate": "",
  "artistEndDate": "",
  "artistGender": "",
  "artistWikidata_URL": "",
  "artistULAN_URL": "",
  "objectDate": "1450\u20131500",
  "objectBeginDate": 1450,
  "objectEndDate": 1500,
  "medium": "Pen and brown ink over black chalk on vellum",
  "dimensions": "Overall: 17 9/16 x 11 3/4 in. (44.6 x 29.8 cm)",
  "measurements": [
    {
      "elementName": "Overall",
      "elementDescription": null,
      "elementMeasurements": {
        "Height": 44.6088,
        "Width": 29.8451
      }
    }
  ],
  "creditLine": "The Cloisters Collection, 1968",
  "geographyType": "",
  "city": "",
  "state": "",
  "county": "",
  "country": "",
  "region": "",
  "subregion": "",
  "locale": "",
  "locus": "",
  "excavation": "",
  "river": "",
  "classification": "Drawings",
  "rightsAndReproduction": "",
  "linkResource": "",
  "metadataDate": "2021-09-28T04:36:24.22Z",
  "repository": "Metropolitan Museum of Art, New York, NY",
  "objectURL": "https://www.metmuseum.org/art/collection/search/471868",
  "tags": [
    {
      "term": "Architecture",
      "AAT_URL": "http://vocab.getty.edu/page/aat/300263552",
      "Wikidata_URL": "https://www.wikidata.org/wiki/Q12271"
    }
  ],
  "objectWikidata_URL": "",
  "isTimelineWork": true,
  "GalleryNumber": "",
  "prov": "Vionnois (1844) ; H. Destailleur, Paris (1896) ; Alfred Beurdeley, Paris (1920) ; [ Lucien Goldschmidt, New York (sold 1968)]"
}