{
  "objectID": 471808,
  "isHighlight": false,
  "accessionNumber": "56.171.155",
  "accessionYear": "1956",
  "isPublicDomain": true,
  "primaryImage": "https://images.metmuseum.org/CRDImages/cl/original/DP239260.jpg",
  "primaryImageSmall": "https://images.metmuseum.org/CRDImages/cl/web-large/DP239260.jpg",
  "additionalImages": [
    "https://images.metmuseum.org/CRDImages/cl/original/DP239262.jpg",
    "https://images.metmuseum.org/CRDImages/cl/original/cdi56-171-155s3.jpg"
  ],
  "constituents": null,
  "department": "The Cloisters",
  "objectName": "Dish",
  "title": "Dish with Lion",
  "culture": "Spanish",
  "period": "",
  "dynasty": "",
  "reign": "",
  "portfolio": "",
  "artistRole": "",
  "artistPrefix": "",
  "artistDisplayName": "",
  "artistDisplayBio": "",
  "artistSuffix": "",
  "artistAlphaSort": "",
  "artistNationality": "",
  "artistBeginDate": "",
  "artistEndDate": "",
  "artistGender": "",
  "artistWikidata_URL": "",
  "artistULAN_URL": "",
  "objectDate": "ca. 1500",
  "objectBeginDate": 1495,
  "objectEndDate": 1505,
  "medium": "Tin-glazed earthenware",
  "dimensions": "Overall: 18 5/8 x 2 13/16 in., 6.111lb. (47.3 x 7.1 cm, 2772g)",
  "measurements": [
    {
      "elementName": "Overall",
      "elementDescription": null,
      "elementMeasurements": {
        "Depth": 7.1,
        "Diameter": 47.307594,
        "Weight": 2.772
      }
    }
  ],
  "creditLine": "The Cloisters Collection, 1956",
  "geographyType": "Made in",
  "city": "probably Manises",
  "state": "Valencia",
  "county": "",
  "country": "Spain",
  "region": "",
  "subregion": "",
  "locale": "",
  "locus": "",
  "excavation": "",
  "river": "",
  "classification": "Ceramics",
  "rightsAndReproduction": "",
  "linkResource": "",
  "metadataDate": "2021-07-16T04:41:38.683Z",
  "repository": "Metropolitan Museum of Art, New York, NY",
  "objectURL": "https://www.metmuseum.org/art/collection/search/471808",
  "tags": [
    {
      "term": "Dishes",
      "AAT_URL": "http://vocab.getty.edu/page/aat/300404900",
      "Wikidata_URL": "https://www.wikidata.org/wiki/Q57216"
    },
    {
      "term": "Lions",
      "AAT_URL": "http://vocab.getty.edu/page/aat/300310388",
      "Wikidata_URL": "https://www.wikidata.org/wiki/Q140"
    }
  ],
  "objectWikidata_URL": "",
  "isTimelineWork": false,
  "GalleryNumber": "016",
  "prov": "William Randolph Hearst American, 1863\u20131951, New York and San Simeon (sold 1951)"
}