{
  "objectID": 471802,
  "isHighlight": false,
  "accessionNumber": "56.171.149",
  "accessionYear": "1956",
  "isPublicDomain": true,
  "primaryImage": "https://images.metmuseum.org/CRDImages/cl/original/DP267388.jpg",
  "primaryImageSmall": "https://images.metmuseum.org/CRDImages/cl/web-large/DP267388.jpg",
  "additionalImages": [
    "https://images.metmuseum.org/CRDImages/cl/original/cdi56-171-149s2.jpg",
    "https://images.metmuseum.org/CRDImages/cl/original/cdi56-171-149s3.jpg"
  ],
  "constituents": null,
  "department": "The Cloisters",
  "objectName": "Dish",
  "title": "Dish",
  "culture": "Spanish",
  "period": "",
  "dynasty": "",
  "reign": "",
  "portfolio": "",
  "artistRole": "",
  "artistPrefix": "",
  "artistDisplayName": "",
  "artistDisplayBio": "",
  "artistSuffix": "",
  "artistAlphaSort": "",
  "artistNationality": "",
  "artistBeginDate": "",
  "artistEndDate": "",
  "artistGender": "",
  "artistWikidata_URL": "",
  "artistULAN_URL": "",
  "objectDate": "15th century",
  "objectBeginDate": 1400,
  "objectEndDate": 1500,
  "medium": "Tin-glazed earthenware",
  "dimensions": "Overall: 18 1/8 in. (46 cm)",
  "measurements": [
    {
      "elementName": "Overall",
      "elementDescription": null,
      "elementMeasurements": {
        "Diameter": 46.0376
      }
    }
  ],
  "creditLine": "The Cloisters Collection, 1956",
  "geographyType": "Made in",
  "city": "probably Manises",
  "state": "Valencia",
  "county": "",
  "country": "Spain",
  "region": "",
  "subregion": "",
  "locale": "",
  "locus": "",
  "excavation": "",
  "river": "",
  "classification": "Ceramics",
  "rightsAndReproduction": "",
  "linkResource": "",
  "metadataDate": "2021-11-10T04:35:50.447Z",
  "repository": "Metropolitan Museum of Art, New York, NY",
  "objectURL": "https://www.metmuseum.org/art/collection/search/471802",
  "tags": [
    {
      "term": "Flowers",
      "AAT_URL": "http://vocab.getty.edu/page/aat/300132399",
      "Wikidata_URL": "https://www.wikidata.org/wiki/Q506"
    },
    {
      "term": "Dishes",
      "AAT_URL": "http://vocab.getty.edu/page/aat/300404900",
      "Wikidata_URL": "https://www.wikidata.org/wiki/Q57216"
    }
  ],
  "objectWikidata_URL": "",
  "isTimelineWork": false,
  "GalleryNumber": "019",
  "prov": "[ Dikran G. Kelekian, New York] (?) ; William Randolph Hearst American, 1863\u20131951, New York and San Simeon (until 1951) ; William Randolph Hearst Foundation, New York (1951\u20131956)"
}