{
  "objectID": 471805,
  "isHighlight": false,
  "accessionNumber": "56.171.152",
  "accessionYear": "1956",
  "isPublicDomain": true,
  "primaryImage": "https://images.metmuseum.org/CRDImages/cl/original/DP203234.jpg",
  "primaryImageSmall": "https://images.metmuseum.org/CRDImages/cl/web-large/DP203234.jpg",
  "additionalImages": [
    "https://images.metmuseum.org/CRDImages/cl/original/cdi56-171-152s2.jpg",
    "https://images.metmuseum.org/CRDImages/cl/original/cdi56-171-152s3.jpg"
  ],
  "constituents": null,
  "department": "The Cloisters",
  "objectName": "Dish",
  "title": "Deep Dish",
  "culture": "Spanish",
  "period": "",
  "dynasty": "",
  "reign": "",
  "portfolio": "",
  "artistRole": "",
  "artistPrefix": "",
  "artistDisplayName": "",
  "artistDisplayBio": "",
  "artistSuffix": "",
  "artistAlphaSort": "",
  "artistNationality": "",
  "artistBeginDate": "",
  "artistEndDate": "",
  "artistGender": "",
  "artistWikidata_URL": "",
  "artistULAN_URL": "",
  "objectDate": "1430\u20131460",
  "objectBeginDate": 1430,
  "objectEndDate": 1460,
  "medium": "Tin-glazed earthenware",
  "dimensions": "Overall: 18 3/4 in. (47.6 cm)",
  "measurements": [
    {
      "elementName": "Overall",
      "elementDescription": null,
      "elementMeasurements": {
        "Diameter": 47.6251
      }
    }
  ],
  "creditLine": "The Cloisters Collection, 1956",
  "geographyType": "Made in",
  "city": "Manises",
  "state": "Valencia",
  "county": "",
  "country": "Spain",
  "region": "",
  "subregion": "",
  "locale": "",
  "locus": "",
  "excavation": "",
  "river": "",
  "classification": "Ceramics",
  "rightsAndReproduction": "",
  "linkResource": "",
  "metadataDate": "2021-07-16T04:41:38.683Z",
  "repository": "Metropolitan Museum of Art, New York, NY",
  "objectURL": "https://www.metmuseum.org/art/collection/search/471805",
  "tags": [
    {
      "term": "Coat of Arms",
      "AAT_URL": "http://vocab.getty.edu/page/aat/300126352",
      "Wikidata_URL": "https://www.wikidata.org/wiki/Q14659"
    },
    {
      "term": "Dishes",
      "AAT_URL": "http://vocab.getty.edu/page/aat/300404900",
      "Wikidata_URL": "https://www.wikidata.org/wiki/Q57216"
    }
  ],
  "objectWikidata_URL": "",
  "isTimelineWork": false,
  "GalleryNumber": "",
  "prov": "[ H\u00f4tel Drouot, Paris (May 8, 1894, no. 5)] ; [ Arnold Seligmann, Rey & Co., Inc., Paris and New York] ; William Randolph Hearst American, 1863\u20131951, New York and San Simeon, CA. (until 1951) ; William Randolph Hearst Foundation, New York (1951\u20131956)"
}