{
  "objectID": 471859,
  "isHighlight": false,
  "accessionNumber": "67.155.29",
  "accessionYear": "1967",
  "isPublicDomain": true,
  "primaryImage": "https://images.metmuseum.org/CRDImages/cl/original/sf230318.jpg",
  "primaryImageSmall": "https://images.metmuseum.org/CRDImages/cl/web-large/sf230318.jpg",
  "additionalImages": [
    "https://images.metmuseum.org/CRDImages/cl/original/DP104561.jpg"
  ],
  "constituents": null,
  "department": "The Cloisters",
  "objectName": "Base",
  "title": "Double Column Base",
  "culture": "French",
  "period": "",
  "dynasty": "",
  "reign": "",
  "portfolio": "",
  "artistRole": "",
  "artistPrefix": "",
  "artistDisplayName": "",
  "artistDisplayBio": "",
  "artistSuffix": "",
  "artistAlphaSort": "",
  "artistNationality": "",
  "artistBeginDate": "",
  "artistEndDate": "",
  "artistGender": "",
  "artistWikidata_URL": "",
  "artistULAN_URL": "",
  "objectDate": "late 15th century",
  "objectBeginDate": 1471,
  "objectEndDate": 1499,
  "medium": "Marble",
  "dimensions": "Overall: 12 x 18 1/4 x 8 3/4 in. (30.5 x 46.4 x 22.2 cm)",
  "measurements": [
    {
      "elementName": "Overall",
      "elementDescription": null,
      "elementMeasurements": {
        "Depth": 22.225044,
        "Height": 30.48006,
        "Width": 46.35509
      }
    }
  ],
  "creditLine": "Bequest of Susan Vanderpoel Clark, 1967",
  "geographyType": "Made in",
  "city": "",
  "state": "Pyr\u00e9n\u00e9es",
  "county": "",
  "country": "France",
  "region": "",
  "subregion": "",
  "locale": "",
  "locus": "",
  "excavation": "",
  "river": "",
  "classification": "Sculpture-Architectural",
  "rightsAndReproduction": "",
  "linkResource": "",
  "metadataDate": "2021-07-16T04:41:38.683Z",
  "repository": "Metropolitan Museum of Art, New York, NY",
  "objectURL": "https://www.metmuseum.org/art/collection/search/471859",
  "tags": null,
  "objectWikidata_URL": "",
  "isTimelineWork": false,
  "GalleryNumber": "012",
  "prov": "Carmelite convent at Trie-en-Bigorre, near Toulouse; Stephen C. Clark 1882\u20131960"
}