{
  "objectID": 471838,
  "isHighlight": false,
  "accessionNumber": "58.35",
  "accessionYear": "1958",
  "isPublicDomain": true,
  "primaryImage": "https://images.metmuseum.org/CRDImages/cl/original/cdi58-35.jpg",
  "primaryImageSmall": "https://images.metmuseum.org/CRDImages/cl/web-large/cdi58-35.jpg",
  "additionalImages": [
    "https://images.metmuseum.org/CRDImages/cl/original/cds165826.jpg"
  ],
  "constituents": null,
  "department": "The Cloisters",
  "objectName": "Chair",
  "title": "Chair",
  "culture": "Spanish",
  "period": "",
  "dynasty": "",
  "reign": "",
  "portfolio": "",
  "artistRole": "",
  "artistPrefix": "",
  "artistDisplayName": "",
  "artistDisplayBio": "",
  "artistSuffix": "",
  "artistAlphaSort": "",
  "artistNationality": "",
  "artistBeginDate": "",
  "artistEndDate": "",
  "artistGender": "",
  "artistWikidata_URL": "",
  "artistULAN_URL": "",
  "objectDate": "16th century",
  "objectBeginDate": 1500,
  "objectEndDate": 1599,
  "medium": "Wood",
  "dimensions": "Overall: 69 1/2 x 27 3/4 x 21 in. (176.5 x 70.5 x 53.3 cm)",
  "measurements": [
    {
      "elementName": "Overall",
      "elementDescription": null,
      "elementMeasurements": {
        "Depth": 53.3401,
        "Height": 176.5304,
        "Width": 70.4851
      }
    }
  ],
  "creditLine": "The Cloisters Collection, 1958",
  "geographyType": "Made in",
  "city": "",
  "state": "",
  "county": "",
  "country": "Spain",
  "region": "",
  "subregion": "",
  "locale": "",
  "locus": "",
  "excavation": "",
  "river": "",
  "classification": "Woodwork-Furniture",
  "rightsAndReproduction": "",
  "linkResource": "",
  "metadataDate": "2021-03-30T04:40:03.88Z",
  "repository": "Metropolitan Museum of Art, New York, NY",
  "objectURL": "https://www.metmuseum.org/art/collection/search/471838",
  "tags": [
    {
      "term": "Chairs",
      "AAT_URL": "http://vocab.getty.edu/page/aat/300037772",
      "Wikidata_URL": "https://www.wikidata.org/wiki/Q15026"
    }
  ],
  "objectWikidata_URL": "",
  "isTimelineWork": false,
  "GalleryNumber": "",
  "prov": "Bellini (sold 1958)"
}