{
  "objectID": 471842,
  "isHighlight": false,
  "accessionNumber": "58.174.2",
  "accessionYear": "1958",
  "isPublicDomain": true,
  "primaryImage": "https://images.metmuseum.org/CRDImages/cl/original/sf191420v2.jpg",
  "primaryImageSmall": "https://images.metmuseum.org/CRDImages/cl/web-large/sf191420v2.jpg",
  "additionalImages": [],
  "constituents": null,
  "department": "The Cloisters",
  "objectName": "Spit bracket",
  "title": "Spit Bracket",
  "culture": "Spanish (?)",
  "period": "",
  "dynasty": "",
  "reign": "",
  "portfolio": "",
  "artistRole": "",
  "artistPrefix": "",
  "artistDisplayName": "",
  "artistDisplayBio": "",
  "artistSuffix": "",
  "artistAlphaSort": "",
  "artistNationality": "",
  "artistBeginDate": "",
  "artistEndDate": "",
  "artistGender": "",
  "artistWikidata_URL": "",
  "artistULAN_URL": "",
  "objectDate": "16th century",
  "objectBeginDate": 1500,
  "objectEndDate": 1599,
  "medium": "Iron",
  "dimensions": "(H) 18 (45.7 cm) x (L) 13 3/8 (34 cm) x (gr. w.) 18 3/8 in. (46.7 cm)",
  "measurements": [
    {
      "elementName": "Overall",
      "elementDescription": null,
      "elementMeasurements": {
        "Height": 45.7201,
        "Length": 46.6726,
        "Width": 33.9726
      }
    }
  ],
  "creditLine": "The Cloisters Collection, 1958",
  "geographyType": "",
  "city": "",
  "state": "",
  "county": "",
  "country": "",
  "region": "",
  "subregion": "",
  "locale": "",
  "locus": "",
  "excavation": "",
  "river": "",
  "classification": "Metalwork-Iron",
  "rightsAndReproduction": "",
  "linkResource": "",
  "metadataDate": "2021-07-16T04:41:38.683Z",
  "repository": "Metropolitan Museum of Art, New York, NY",
  "objectURL": "https://www.metmuseum.org/art/collection/search/471842",
  "tags": null,
  "objectWikidata_URL": "",
  "isTimelineWork": false,
  "GalleryNumber": "",
  "prov": "M. Perez ; [ L.P. Bresset et Fils, Paris (sold 1958)]"
}