{
  "objectID": 471865,
  "isHighlight": false,
  "accessionNumber": "67.155.35",
  "accessionYear": "1967",
  "isPublicDomain": true,
  "primaryImage": "https://images.metmuseum.org/CRDImages/cl/original/cdi67-155-35.jpg",
  "primaryImageSmall": "https://images.metmuseum.org/CRDImages/cl/web-large/cdi67-155-35.jpg",
  "additionalImages": [],
  "constituents": null,
  "department": "The Cloisters",
  "objectName": "Base",
  "title": "Engaged Double Base",
  "culture": "French",
  "period": "",
  "dynasty": "",
  "reign": "",
  "portfolio": "",
  "artistRole": "",
  "artistPrefix": "",
  "artistDisplayName": "",
  "artistDisplayBio": "",
  "artistSuffix": "",
  "artistAlphaSort": "",
  "artistNationality": "",
  "artistBeginDate": "",
  "artistEndDate": "",
  "artistGender": "",
  "artistWikidata_URL": "",
  "artistULAN_URL": "",
  "objectDate": "late 15th century",
  "objectBeginDate": 1471,
  "objectEndDate": 1499,
  "medium": "Marble",
  "dimensions": "Overall: 19 x 12 x 12 in. (48.3 x 30.5 x 30.5 cm)",
  "measurements": [
    {
      "elementName": "Overall",
      "elementDescription": null,
      "elementMeasurements": {
        "Depth": 30.48006,
        "Height": 48.260098,
        "Width": 30.48006
      }
    }
  ],
  "creditLine": "Bequest of Susan Vanderpoel Clark, 1967",
  "geographyType": "Made in",
  "city": "",
  "state": "Pyr\u00e9n\u00e9es",
  "county": "",
  "country": "France",
  "region": "",
  "subregion": "",
  "locale": "",
  "locus": "",
  "excavation": "",
  "river": "",
  "classification": "Sculpture-Architectural",
  "rightsAndReproduction": "",
  "linkResource": "",
  "metadataDate": "2021-07-16T04:41:38.683Z",
  "repository": "Metropolitan Museum of Art, New York, NY",
  "objectURL": "https://www.metmuseum.org/art/collection/search/471865",
  "tags": [
    {
      "term": "Faces",
      "AAT_URL": "http://vocab.getty.edu/page/aat/300251798",
      "Wikidata_URL": "https://www.wikidata.org/wiki/Q37017"
    }
  ],
  "objectWikidata_URL": "",
  "isTimelineWork": false,
  "GalleryNumber": "",
  "prov": "From the Carmelite convent at Trie-en-Bigorre, near Toulouse; Stephen C. Clark 1882\u20131960"
}