{
  "objectID": 471880,
  "isHighlight": false,
  "accessionNumber": "68.224.3",
  "accessionYear": "1968",
  "isPublicDomain": true,
  "primaryImage": "https://images.metmuseum.org/CRDImages/cl/original/cdi68-224-3.jpg",
  "primaryImageSmall": "https://images.metmuseum.org/CRDImages/cl/web-large/cdi68-224-3.jpg",
  "additionalImages": [],
  "constituents": null,
  "department": "The Cloisters",
  "objectName": "Panel",
  "title": "Doubting Thomas",
  "culture": "Austrian",
  "period": "",
  "dynasty": "",
  "reign": "",
  "portfolio": "",
  "artistRole": "",
  "artistPrefix": "",
  "artistDisplayName": "",
  "artistDisplayBio": "",
  "artistSuffix": "",
  "artistAlphaSort": "",
  "artistNationality": "",
  "artistBeginDate": "",
  "artistEndDate": "",
  "artistGender": "",
  "artistWikidata_URL": "",
  "artistULAN_URL": "",
  "objectDate": "1340\u201350",
  "objectBeginDate": 1340,
  "objectEndDate": 1350,
  "medium": "Pot-metal and colorless glass with vitreous paint",
  "dimensions": "35 3/4 x 13 5/8 in. (90.8 x 34.6 cm)\r\nwith modern border: 36 \u00d7 19 \u00d7 5/8 in. (91.4 \u00d7 48.3 \u00d7 1.6 cm)",
  "measurements": [
    {
      "elementName": "Overall",
      "elementDescription": null,
      "elementMeasurements": {
        "Height": 90.80518,
        "Width": 34.60757
      }
    },
    {
      "elementName": "Overall",
      "elementDescription": "with modern border",
      "elementMeasurements": {
        "Depth": 1.5875032,
        "Height": 91.440186,
        "Width": 48.260098
      }
    }
  ],
  "creditLine": "The Cloisters Collection, 1968",
  "geographyType": "Made in",
  "city": "",
  "state": "Carinthia",
  "county": "",
  "country": "Austria",
  "region": "",
  "subregion": "",
  "locale": "",
  "locus": "",
  "excavation": "",
  "river": "",
  "classification": "Glass-Stained",
  "rightsAndReproduction": "",
  "linkResource": "",
  "metadataDate": "2021-09-28T04:36:24.22Z",
  "repository": "Metropolitan Museum of Art, New York, NY",
  "objectURL": "https://www.metmuseum.org/art/collection/search/471880",
  "tags": [
    {
      "term": "Apostles",
      "AAT_URL": "http://vocab.getty.edu/page/aat/300343837",
      "Wikidata_URL": "https://www.wikidata.org/wiki/Q43412"
    },
    {
      "term": "Christ",
      "AAT_URL": "http://vocab.getty.edu/page/ia/901000087",
      "Wikidata_URL": "https://www.wikidata.org/wiki/Q642420"
    },
    {
      "term": "Men",
      "AAT_URL": "http://vocab.getty.edu/page/aat/300025928",
      "Wikidata_URL": "https://www.wikidata.org/wiki/Q8441"
    }
  ],
  "objectWikidata_URL": "https://www.wikidata.org/wiki/Q20201726",
  "isTimelineWork": false,
  "GalleryNumber": "009",
  "prov": "From the church of St. Leonhard, Lavanttal, Austria; Church of St. Leonhard, Lavanttal, Austria (until 19th century) ; Virginia Museum of Fine Arts (sold 1968)"
}