{
  "objectID": 471839,
  "isHighlight": false,
  "accessionNumber": "58.39a, b",
  "accessionYear": "1958",
  "isPublicDomain": true,
  "primaryImage": "https://images.metmuseum.org/CRDImages/cl/original/DP102941.jpg",
  "primaryImageSmall": "https://images.metmuseum.org/CRDImages/cl/web-large/DP102941.jpg",
  "additionalImages": [],
  "constituents": null,
  "department": "The Cloisters",
  "objectName": "Chalice",
  "title": "Covered Chalice",
  "culture": "Spanish",
  "period": "",
  "dynasty": "",
  "reign": "",
  "portfolio": "",
  "artistRole": "",
  "artistPrefix": "",
  "artistDisplayName": "",
  "artistDisplayBio": "",
  "artistSuffix": "",
  "artistAlphaSort": "",
  "artistNationality": "",
  "artistBeginDate": "",
  "artistEndDate": "",
  "artistGender": "",
  "artistWikidata_URL": "",
  "artistULAN_URL": "",
  "objectDate": "late 15th century",
  "objectBeginDate": 1475,
  "objectEndDate": 1499,
  "medium": "Silver, gilded with rubies, sapphires, diamonds, and crystals",
  "dimensions": "Overall: 17 3/16 x 7 3/4 in. (43.7 x 19.7 cm)",
  "measurements": [
    {
      "elementName": "Overall",
      "elementDescription": null,
      "elementMeasurements": {
        "Diameter": 19.7,
        "Height": 43.6563
      }
    }
  ],
  "creditLine": "The Cloisters Collection, 1958",
  "geographyType": "Made in",
  "city": "Toledo",
  "state": "Castile-La Mancha",
  "county": "",
  "country": "Spain",
  "region": "",
  "subregion": "",
  "locale": "",
  "locus": "",
  "excavation": "",
  "river": "",
  "classification": "Metalwork-Silver",
  "rightsAndReproduction": "",
  "linkResource": "",
  "metadataDate": "2021-07-16T04:41:38.683Z",
  "repository": "Metropolitan Museum of Art, New York, NY",
  "objectURL": "https://www.metmuseum.org/art/collection/search/471839",
  "tags": null,
  "objectWikidata_URL": "",
  "isTimelineWork": false,
  "GalleryNumber": "014",
  "prov": "Baroness James de Rothschild (published 1912) ; [ Georges Salmann, Paris (sold 1958)]"
}