{
  "objectID": 471890,
  "isHighlight": false,
  "accessionNumber": "69.236.5",
  "accessionYear": "1969",
  "isPublicDomain": true,
  "primaryImage": "https://images.metmuseum.org/CRDImages/cl/original/sf69-236-5.jpg",
  "primaryImageSmall": "https://images.metmuseum.org/CRDImages/cl/web-large/sf69-236-5.jpg",
  "additionalImages": [
    "https://images.metmuseum.org/CRDImages/cl/original/DP255161.jpg"
  ],
  "constituents": null,
  "department": "The Cloisters",
  "objectName": "Panel",
  "title": "Grisaille Panel",
  "culture": "French",
  "period": "",
  "dynasty": "",
  "reign": "",
  "portfolio": "",
  "artistRole": "",
  "artistPrefix": "",
  "artistDisplayName": "",
  "artistDisplayBio": "",
  "artistSuffix": "",
  "artistAlphaSort": "",
  "artistNationality": "",
  "artistBeginDate": "",
  "artistEndDate": "",
  "artistGender": "",
  "artistWikidata_URL": "",
  "artistULAN_URL": "",
  "objectDate": "ca. 1265",
  "objectBeginDate": 1260,
  "objectEndDate": 1270,
  "medium": "White glass, pot-metal glass, and vitreous paint",
  "dimensions": "Overall: 23 3/8 x 20 1/2 in. (59.4 x 52.1 cm)",
  "measurements": [
    {
      "elementName": "Overall",
      "elementDescription": null,
      "elementMeasurements": {
        "Height": 59.4,
        "Width": 52.1
      }
    }
  ],
  "creditLine": "The Cloisters Collection, 1969",
  "geographyType": "Made in",
  "city": "Rouen",
  "state": "Normandy",
  "county": "",
  "country": "France",
  "region": "",
  "subregion": "",
  "locale": "",
  "locus": "",
  "excavation": "",
  "river": "",
  "classification": "Glass-Stained",
  "rightsAndReproduction": "",
  "linkResource": "",
  "metadataDate": "2021-07-16T04:41:38.683Z",
  "repository": "Metropolitan Museum of Art, New York, NY",
  "objectURL": "https://www.metmuseum.org/art/collection/search/471890",
  "tags": null,
  "objectWikidata_URL": "https://www.wikidata.org/wiki/Q20201741",
  "isTimelineWork": false,
  "GalleryNumber": "008",
  "prov": "From the chapel of Ch\u00e2teau-de-Bouvreuil, Rouen; Chanoine Colette ; Maurice Roquigny, Rouen ; Michel Ac\u00e9zat Paris, Paris (until 1944) ; [ his sale, H\u00f4tel Drouot, Paris (November 24-25, 1969, no. 19 and 25)]"
}