{
  "objectID": 471848,
  "isHighlight": false,
  "accessionNumber": "60.140",
  "accessionYear": "1960",
  "isPublicDomain": true,
  "primaryImage": "https://images.metmuseum.org/CRDImages/cl/original/DP102906.jpg",
  "primaryImageSmall": "https://images.metmuseum.org/CRDImages/cl/web-large/DP102906.jpg",
  "additionalImages": [
    "https://images.metmuseum.org/CRDImages/cl/original/DP167907.jpg",
    "https://images.metmuseum.org/CRDImages/cl/original/DP167908.jpg"
  ],
  "constituents": null,
  "department": "The Cloisters",
  "objectName": "Relief",
  "title": "Relief with the Annunciation",
  "culture": "Italian",
  "period": "",
  "dynasty": "",
  "reign": "",
  "portfolio": "",
  "artistRole": "",
  "artistPrefix": "",
  "artistDisplayName": "",
  "artistDisplayBio": "",
  "artistSuffix": "",
  "artistAlphaSort": "",
  "artistNationality": "",
  "artistBeginDate": "",
  "artistEndDate": "",
  "artistGender": "",
  "artistWikidata_URL": "",
  "artistULAN_URL": "",
  "objectDate": "ca. 1180\u20131200",
  "objectBeginDate": 1177,
  "objectEndDate": 1203,
  "medium": "Carrara marble inlaid with serpentine (verde di Prato)",
  "dimensions": "26 1/2 x 24 x 4 3/4 in. (67.3 x 61 x 12.1 cm)",
  "measurements": [
    {
      "elementName": "Overall",
      "elementDescription": null,
      "elementMeasurements": {
        "Depth": 12.065,
        "Height": 67.3101,
        "Width": 60.9601
      }
    }
  ],
  "creditLine": "The Cloisters Collection, 1960",
  "geographyType": "Made in",
  "city": "Florence",
  "state": "",
  "county": "",
  "country": "Central Italy",
  "region": "",
  "subregion": "",
  "locale": "",
  "locus": "",
  "excavation": "",
  "river": "",
  "classification": "Sculpture",
  "rightsAndReproduction": "",
  "linkResource": "",
  "metadataDate": "2021-07-16T04:41:38.683Z",
  "repository": "Metropolitan Museum of Art, New York, NY",
  "objectURL": "https://www.metmuseum.org/art/collection/search/471848",
  "tags": [
    {
      "term": "Archangel Gabriel",
      "AAT_URL": "http://vocab.getty.edu/page/ia/901000493",
      "Wikidata_URL": "https://www.wikidata.org/wiki/Q81989"
    },
    {
      "term": "Annunciation",
      "AAT_URL": "http://vocab.getty.edu/page/aat/300412102",
      "Wikidata_URL": "https://www.wikidata.org/wiki/Q154326"
    },
    {
      "term": "Virgin Mary",
      "AAT_URL": "http://vocab.getty.edu/page/ia/901000032",
      "Wikidata_URL": "https://www.wikidata.org/wiki/Q345"
    }
  ],
  "objectWikidata_URL": "",
  "isTimelineWork": false,
  "GalleryNumber": "003",
  "prov": "From the church of San Piero Scheraggio, Florence; Baron Joseph van der Elst, Belgian ambassador to Italy (1896\u20131971) ; [ F. Kleinberger Galleries Galleries, New York (sold 1960)]"
}