{
  "objectID": 471853,
  "isHighlight": false,
  "accessionNumber": "67.153",
  "accessionYear": "1967",
  "isPublicDomain": true,
  "primaryImage": "https://images.metmuseum.org/CRDImages/cl/original/DP102902.jpg",
  "primaryImageSmall": "https://images.metmuseum.org/CRDImages/cl/web-large/DP102902.jpg",
  "additionalImages": [],
  "constituents": null,
  "department": "The Cloisters",
  "objectName": "Sculpture",
  "title": "Enthroned Virgin and Child",
  "culture": "French",
  "period": "",
  "dynasty": "",
  "reign": "",
  "portfolio": "",
  "artistRole": "",
  "artistPrefix": "",
  "artistDisplayName": "",
  "artistDisplayBio": "",
  "artistSuffix": "",
  "artistAlphaSort": "",
  "artistNationality": "",
  "artistBeginDate": "",
  "artistEndDate": "",
  "artistGender": "",
  "artistWikidata_URL": "",
  "artistULAN_URL": "",
  "objectDate": "1150\u20131200",
  "objectBeginDate": 1150,
  "objectEndDate": 1200,
  "medium": "Walnut with gesso, paint, tin leaf, and traces of linen",
  "dimensions": "27 \u00d7 11 1/4 \u00d7 11 in. (68.6 \u00d7 28.6 \u00d7 27.9 cm)",
  "measurements": [
    {
      "elementName": "Overall",
      "elementDescription": null,
      "elementMeasurements": {
        "Depth": 27.940056,
        "Height": 68.5801,
        "Width": 28.575058
      }
    }
  ],
  "creditLine": "The Cloisters Collection and James J. Rorimer  Memorial Fund, 1967",
  "geographyType": "Made in",
  "city": "",
  "state": "Auvergne",
  "county": "",
  "country": "France",
  "region": "",
  "subregion": "",
  "locale": "",
  "locus": "",
  "excavation": "",
  "river": "",
  "classification": "Sculpture",
  "rightsAndReproduction": "",
  "linkResource": "",
  "metadataDate": "2021-09-28T04:36:24.22Z",
  "repository": "Metropolitan Museum of Art, New York, NY",
  "objectURL": "https://www.metmuseum.org/art/collection/search/471853",
  "tags": [
    {
      "term": "Madonna and Child",
      "AAT_URL": "http://vocab.getty.edu/page/ia/901000052",
      "Wikidata_URL": "https://www.wikidata.org/wiki/Q9309699"
    }
  ],
  "objectWikidata_URL": "https://www.wikidata.org/wiki/Q20201067",
  "isTimelineWork": false,
  "GalleryNumber": "004",
  "prov": "From the chapel of Saint-Victor at Montvianeix, near Vichy.; M. Gu\u00e9rin, Clermont-Ferrand (by 1933) ; Mme. M. Favery, Paris (sold 1967) ; [ F. Kleinberger & Co., Inc., New York (sold 1967)]"
}