{
  "objectID": 471809,
  "isHighlight": false,
  "accessionNumber": "56.171.156",
  "accessionYear": "1956",
  "isPublicDomain": true,
  "primaryImage": "https://images.metmuseum.org/CRDImages/cl/original/DP267389.jpg",
  "primaryImageSmall": "https://images.metmuseum.org/CRDImages/cl/web-large/DP267389.jpg",
  "additionalImages": [
    "https://images.metmuseum.org/CRDImages/cl/original/cdi56-171-156s2.jpg",
    "https://images.metmuseum.org/CRDImages/cl/original/cdi56-171-156s3.jpg"
  ],
  "constituents": null,
  "department": "The Cloisters",
  "objectName": "Bowl",
  "title": "Bowl",
  "culture": "Spanish",
  "period": "",
  "dynasty": "",
  "reign": "",
  "portfolio": "",
  "artistRole": "",
  "artistPrefix": "",
  "artistDisplayName": "",
  "artistDisplayBio": "",
  "artistSuffix": "",
  "artistAlphaSort": "",
  "artistNationality": "",
  "artistBeginDate": "",
  "artistEndDate": "",
  "artistGender": "",
  "artistWikidata_URL": "",
  "artistULAN_URL": "",
  "objectDate": "1430\u20131460",
  "objectBeginDate": 1430,
  "objectEndDate": 1460,
  "medium": "Tin-glazed earthenware",
  "dimensions": "Diameter: 9\"",
  "measurements": null,
  "creditLine": "The Cloisters Collection, 1956",
  "geographyType": "Made in",
  "city": "probably Manises",
  "state": "Valencia",
  "county": "",
  "country": "Spain",
  "region": "",
  "subregion": "",
  "locale": "",
  "locus": "",
  "excavation": "",
  "river": "",
  "classification": "Ceramics",
  "rightsAndReproduction": "",
  "linkResource": "",
  "metadataDate": "2021-07-16T04:41:38.683Z",
  "repository": "Metropolitan Museum of Art, New York, NY",
  "objectURL": "https://www.metmuseum.org/art/collection/search/471809",
  "tags": [
    {
      "term": "Coat of Arms",
      "AAT_URL": "http://vocab.getty.edu/page/aat/300126352",
      "Wikidata_URL": "https://www.wikidata.org/wiki/Q14659"
    }
  ],
  "objectWikidata_URL": "https://www.wikidata.org/wiki/Q20201169",
  "isTimelineWork": true,
  "GalleryNumber": "",
  "prov": "William Randolph Hearst American, 1863\u20131951, New York and San Simeon (sold 1951) ; William Randolph Hearst Foundation, New York (1951\u20131956)"
}