{
  "objectID": 471833,
  "isHighlight": false,
  "accessionNumber": "57.144.1",
  "accessionYear": "1957",
  "isPublicDomain": true,
  "primaryImage": "https://images.metmuseum.org/CRDImages/cl/original/cdi57-144-1.jpg",
  "primaryImageSmall": "https://images.metmuseum.org/CRDImages/cl/web-large/cdi57-144-1.jpg",
  "additionalImages": [
    "https://images.metmuseum.org/CRDImages/cl/original/cds164252.jpg"
  ],
  "constituents": null,
  "department": "The Cloisters",
  "objectName": "Chair",
  "title": "High-Backed Chair",
  "culture": "French or South Netherlandish",
  "period": "",
  "dynasty": "",
  "reign": "",
  "portfolio": "",
  "artistRole": "",
  "artistPrefix": "",
  "artistDisplayName": "",
  "artistDisplayBio": "",
  "artistSuffix": "",
  "artistAlphaSort": "",
  "artistNationality": "",
  "artistBeginDate": "",
  "artistEndDate": "",
  "artistGender": "",
  "artistWikidata_URL": "",
  "artistULAN_URL": "",
  "objectDate": "15th century",
  "objectBeginDate": 1400,
  "objectEndDate": 1499,
  "medium": "Oak",
  "dimensions": "Overall: 71 3/4 x 26 1/2 x 20 3/4 in. (182.2 x 67.3 x 52.7 cm)",
  "measurements": [
    {
      "elementName": "Overall",
      "elementDescription": null,
      "elementMeasurements": {
        "Depth": 52.7051,
        "Height": 182.2454,
        "Width": 67.3101
      }
    }
  ],
  "creditLine": "The Cloisters Collection, 1957",
  "geographyType": "",
  "city": "",
  "state": "",
  "county": "",
  "country": "",
  "region": "",
  "subregion": "",
  "locale": "",
  "locus": "",
  "excavation": "",
  "river": "",
  "classification": "Woodwork-Furniture",
  "rightsAndReproduction": "",
  "linkResource": "",
  "metadataDate": "2021-03-30T04:40:03.88Z",
  "repository": "Metropolitan Museum of Art, New York, NY",
  "objectURL": "https://www.metmuseum.org/art/collection/search/471833",
  "tags": [
    {
      "term": "Chairs",
      "AAT_URL": "http://vocab.getty.edu/page/aat/300037772",
      "Wikidata_URL": "https://www.wikidata.org/wiki/Q15026"
    }
  ],
  "objectWikidata_URL": "",
  "isTimelineWork": false,
  "GalleryNumber": "",
  "prov": "[ Blumka Gallery (sold 1957)]"
}