{
  "objectID": 471872,
  "isHighlight": false,
  "accessionNumber": "68.224.11",
  "accessionYear": "1968",
  "isPublicDomain": true,
  "primaryImage": "https://images.metmuseum.org/CRDImages/cl/original/cdi68-224-11.jpg",
  "primaryImageSmall": "https://images.metmuseum.org/CRDImages/cl/web-large/cdi68-224-11.jpg",
  "additionalImages": [
    "https://images.metmuseum.org/CRDImages/cl/original/cdi68-224-6-13.jpg"
  ],
  "constituents": null,
  "department": "The Cloisters",
  "objectName": "Tracery light",
  "title": "Triangular-shaped Tracery Light",
  "culture": "Austrian",
  "period": "",
  "dynasty": "",
  "reign": "",
  "portfolio": "",
  "artistRole": "",
  "artistPrefix": "",
  "artistDisplayName": "",
  "artistDisplayBio": "",
  "artistSuffix": "",
  "artistAlphaSort": "",
  "artistNationality": "",
  "artistBeginDate": "",
  "artistEndDate": "",
  "artistGender": "",
  "artistWikidata_URL": "",
  "artistULAN_URL": "",
  "objectDate": "1340\u201350",
  "objectBeginDate": 1340,
  "objectEndDate": 1350,
  "medium": "Pot-metal and colorless glass with vitreous paint",
  "dimensions": "Overall: 10 3/4 x 4 1/2 in. (27.3 x 11.4 cm)",
  "measurements": [
    {
      "elementName": "Overall",
      "elementDescription": null,
      "elementMeasurements": {
        "Height": 27.305054,
        "Width": 11.430023
      }
    }
  ],
  "creditLine": "The Cloisters Collection, 1968",
  "geographyType": "Made in",
  "city": "",
  "state": "Carinthia",
  "county": "",
  "country": "Austria",
  "region": "",
  "subregion": "",
  "locale": "",
  "locus": "",
  "excavation": "",
  "river": "",
  "classification": "Glass-Stained",
  "rightsAndReproduction": "",
  "linkResource": "",
  "metadataDate": "2021-09-28T04:36:24.22Z",
  "repository": "Metropolitan Museum of Art, New York, NY",
  "objectURL": "https://www.metmuseum.org/art/collection/search/471872",
  "tags": null,
  "objectWikidata_URL": "https://www.wikidata.org/wiki/Q20201713",
  "isTimelineWork": false,
  "GalleryNumber": "009",
  "prov": "From the church of St. Leonhard, Lavanttal, Austria; Church of St. Leonhard, Lavanttal, Austria (until 19th century) ; Virginia Museum of Fine Arts (until 1968)"
}