{
  "objectID": 471897,
  "isHighlight": false,
  "accessionNumber": "69.236.11a-c",
  "accessionYear": "1969",
  "isPublicDomain": true,
  "primaryImage": "https://images.metmuseum.org/CRDImages/cl/original/cdi69-236-11abc.jpg",
  "primaryImageSmall": "https://images.metmuseum.org/CRDImages/cl/web-large/cdi69-236-11abc.jpg",
  "additionalImages": [
    "https://images.metmuseum.org/CRDImages/cl/original/cdi69-236-11b.jpg",
    "https://images.metmuseum.org/CRDImages/cl/original/cdi69-236-11a.jpg",
    "https://images.metmuseum.org/CRDImages/cl/original/cdi69-236-11c.jpg"
  ],
  "constituents": null,
  "department": "The Cloisters",
  "objectName": "Panel",
  "title": "Saint Barbara",
  "culture": "French",
  "period": "",
  "dynasty": "",
  "reign": "",
  "portfolio": "",
  "artistRole": "",
  "artistPrefix": "",
  "artistDisplayName": "",
  "artistDisplayBio": "",
  "artistSuffix": "",
  "artistAlphaSort": "",
  "artistNationality": "",
  "artistBeginDate": "",
  "artistEndDate": "",
  "artistGender": "",
  "artistWikidata_URL": "",
  "artistULAN_URL": "",
  "objectDate": "ca. 1450\u201355",
  "objectBeginDate": 1445,
  "objectEndDate": 1455,
  "medium": "Pot metal glass with silver stain",
  "dimensions": "26 3/4 X 16 1/4 inches",
  "measurements": null,
  "creditLine": "The Cloisters Collection, 1969",
  "geographyType": "Made in",
  "city": "",
  "state": "Elbeuf",
  "county": "",
  "country": "France",
  "region": "",
  "subregion": "",
  "locale": "",
  "locus": "",
  "excavation": "",
  "river": "",
  "classification": "Glass-Stained",
  "rightsAndReproduction": "",
  "linkResource": "",
  "metadataDate": "2021-07-16T04:41:38.683Z",
  "repository": "Metropolitan Museum of Art, New York, NY",
  "objectURL": "https://www.metmuseum.org/art/collection/search/471897",
  "tags": [
    {
      "term": "Women",
      "AAT_URL": "http://vocab.getty.edu/page/aat/300025943",
      "Wikidata_URL": "https://www.wikidata.org/wiki/Q467"
    },
    {
      "term": "Saints",
      "AAT_URL": "http://vocab.getty.edu/page/aat/300150555",
      "Wikidata_URL": "https://www.wikidata.org/wiki/Q43115"
    }
  ],
  "objectWikidata_URL": "",
  "isTimelineWork": false,
  "GalleryNumber": "",
  "prov": "From the choir of the Church of Saint-Etienne, Elbeuf; Chanoine Colette ; Maurice Roquigny, Rouen ; Michel Ac\u00e9zat Paris, Paris (until 1944) ; [his sale, H\u00f4tel Drouot, Paris (November 24-25, 1969)]"
}