{
  "objectID": 471844,
  "isHighlight": false,
  "accessionNumber": "59.70",
  "accessionYear": "1959",
  "isPublicDomain": true,
  "primaryImage": "https://images.metmuseum.org/CRDImages/cl/original/LC-59_70-1.jpg",
  "primaryImageSmall": "https://images.metmuseum.org/CRDImages/cl/web-large/LC-59_70-1.jpg",
  "additionalImages": [
    "https://images.metmuseum.org/CRDImages/cl/original/LC-59_70-2.jpg",
    "https://images.metmuseum.org/CRDImages/cl/original/LC-59_70-3.jpg",
    "https://images.metmuseum.org/CRDImages/cl/original/LC-59_70-4.jpg",
    "https://images.metmuseum.org/CRDImages/cl/original/LC-59_70-5.jpg",
    "https://images.metmuseum.org/CRDImages/cl/original/LC-59_70-6.jpg",
    "https://images.metmuseum.org/CRDImages/cl/original/DP225587.jpg",
    "https://images.metmuseum.org/CRDImages/cl/original/sf59-70s6.jpg",
    "https://images.metmuseum.org/CRDImages/cl/original/ES6016.jpg"
  ],
  "constituents": null,
  "department": "The Cloisters",
  "objectName": "Reliquary bust",
  "title": "Reliquary Bust of a Female Saint",
  "culture": "South Netherlandish",
  "period": "",
  "dynasty": "",
  "reign": "",
  "portfolio": "",
  "artistRole": "",
  "artistPrefix": "",
  "artistDisplayName": "",
  "artistDisplayBio": "",
  "artistSuffix": "",
  "artistAlphaSort": "",
  "artistNationality": "",
  "artistBeginDate": "",
  "artistEndDate": "",
  "artistGender": "",
  "artistWikidata_URL": "",
  "artistULAN_URL": "",
  "objectDate": "ca. 1520\u201330",
  "objectBeginDate": 1517,
  "objectEndDate": 1533,
  "medium": "Oak, paint, gilt",
  "dimensions": "Overall: 16 11/16 x 12 3/4 x 6 1/4 in. (42.4 x 32.4 x 15.9 cm)",
  "measurements": [
    {
      "elementName": "Overall",
      "elementDescription": null,
      "elementMeasurements": {
        "Depth": 15.875031,
        "Height": 42.3863,
        "Width": 32.385063
      }
    }
  ],
  "creditLine": "The Cloisters Collection, 1959",
  "geographyType": "Made in",
  "city": "possibly Brussels",
  "state": "",
  "county": "",
  "country": "Belgium",
  "region": "",
  "subregion": "",
  "locale": "",
  "locus": "",
  "excavation": "",
  "river": "",
  "classification": "Sculpture-Wood",
  "rightsAndReproduction": "",
  "linkResource": "",
  "metadataDate": "2021-11-10T04:35:50.447Z",
  "repository": "Metropolitan Museum of Art, New York, NY",
  "objectURL": "https://www.metmuseum.org/art/collection/search/471844",
  "tags": [
    {
      "term": "Women",
      "AAT_URL": "http://vocab.getty.edu/page/aat/300025943",
      "Wikidata_URL": "https://www.wikidata.org/wiki/Q467"
    },
    {
      "term": "Saints",
      "AAT_URL": "http://vocab.getty.edu/page/aat/300150555",
      "Wikidata_URL": "https://www.wikidata.org/wiki/Q43115"
    }
  ],
  "objectWikidata_URL": "https://www.wikidata.org/wiki/Q20201705",
  "isTimelineWork": false,
  "GalleryNumber": "016",
  "prov": "[ Henry Hirsch, London (Sale, Christies, June 10-11, 1931)] ; [ Henri Heilbronner, Lucerne (from at least 1955\u2013sold 1959)]"
}