{
  "objectID": 471834,
  "isHighlight": false,
  "accessionNumber": "57.144.2",
  "accessionYear": "1957",
  "isPublicDomain": true,
  "primaryImage": "https://images.metmuseum.org/CRDImages/cl/original/cds164235.jpg",
  "primaryImageSmall": "https://images.metmuseum.org/CRDImages/cl/web-large/cds164235.jpg",
  "additionalImages": [],
  "constituents": null,
  "department": "The Cloisters",
  "objectName": "Chair",
  "title": "Arm Chair",
  "culture": "North Italian",
  "period": "",
  "dynasty": "",
  "reign": "",
  "portfolio": "",
  "artistRole": "",
  "artistPrefix": "",
  "artistDisplayName": "",
  "artistDisplayBio": "",
  "artistSuffix": "",
  "artistAlphaSort": "",
  "artistNationality": "",
  "artistBeginDate": "",
  "artistEndDate": "",
  "artistGender": "",
  "artistWikidata_URL": "",
  "artistULAN_URL": "",
  "objectDate": "late 15th century",
  "objectBeginDate": 1475,
  "objectEndDate": 1499,
  "medium": "Wood",
  "dimensions": "Overall: 34 x 26 x 20 in. (86.4 x 66 x 50.8 cm)",
  "measurements": [
    {
      "elementName": "Overall",
      "elementDescription": null,
      "elementMeasurements": {
        "Depth": 50.8001,
        "Height": 86.3602,
        "Width": 66.0401
      }
    }
  ],
  "creditLine": "The Cloisters Collection, 1957",
  "geographyType": "Made in",
  "city": "",
  "state": "Etsch River Valley",
  "county": "",
  "country": "Italy",
  "region": "",
  "subregion": "",
  "locale": "",
  "locus": "",
  "excavation": "",
  "river": "",
  "classification": "Woodwork-Furniture",
  "rightsAndReproduction": "",
  "linkResource": "",
  "metadataDate": "2021-07-16T04:41:38.683Z",
  "repository": "Metropolitan Museum of Art, New York, NY",
  "objectURL": "https://www.metmuseum.org/art/collection/search/471834",
  "tags": [
    {
      "term": "Chairs",
      "AAT_URL": "http://vocab.getty.edu/page/aat/300037772",
      "Wikidata_URL": "https://www.wikidata.org/wiki/Q15026"
    }
  ],
  "objectWikidata_URL": "",
  "isTimelineWork": false,
  "GalleryNumber": "",
  "prov": "Edwin M. Berolzheimer, New York (sold 1950) ; [his sale, Parke-Bernet Galleries, New York (March 9, 1950, no. 225)] ; [ Blumka Gallery, New York (sold 1957)]"
}