{
  "objectID": 471825,
  "isHighlight": false,
  "accessionNumber": "57.63",
  "accessionYear": "1957",
  "isPublicDomain": true,
  "primaryImage": "https://images.metmuseum.org/CRDImages/cl/original/DP167906.jpg",
  "primaryImageSmall": "https://images.metmuseum.org/CRDImages/cl/web-large/DP167906.jpg",
  "additionalImages": [],
  "constituents": null,
  "department": "The Cloisters",
  "objectName": "Sculpture",
  "title": "Fragment of a Figure",
  "culture": "Italian",
  "period": "",
  "dynasty": "",
  "reign": "",
  "portfolio": "",
  "artistRole": "",
  "artistPrefix": "",
  "artistDisplayName": "",
  "artistDisplayBio": "",
  "artistSuffix": "",
  "artistAlphaSort": "",
  "artistNationality": "",
  "artistBeginDate": "",
  "artistEndDate": "",
  "artistGender": "",
  "artistWikidata_URL": "",
  "artistULAN_URL": "",
  "objectDate": "ca. 1225",
  "objectBeginDate": 1222,
  "objectEndDate": 1228,
  "medium": "Marble (Carrara marble)",
  "dimensions": "Overall: 31 3/4 x 13 7/8 x 7 5/8 in. (80.6 x 35.2 x 19.4 cm)",
  "measurements": [
    {
      "elementName": "Overall",
      "elementDescription": null,
      "elementMeasurements": {
        "Depth": 19.4,
        "Height": 80.6,
        "Width": 35.2
      }
    }
  ],
  "creditLine": "The Cloisters Collection, 1957",
  "geographyType": "Made in",
  "city": "probably Lucca",
  "state": "Tuscany",
  "county": "",
  "country": "Central Italy",
  "region": "",
  "subregion": "",
  "locale": "",
  "locus": "",
  "excavation": "",
  "river": "",
  "classification": "Sculpture",
  "rightsAndReproduction": "",
  "linkResource": "",
  "metadataDate": "2021-07-16T04:41:38.683Z",
  "repository": "Metropolitan Museum of Art, New York, NY",
  "objectURL": "https://www.metmuseum.org/art/collection/search/471825",
  "tags": [
    {
      "term": "Human Figures",
      "AAT_URL": "http://vocab.getty.edu/page/aat/300404114",
      "Wikidata_URL": "https://www.wikidata.org/wiki/Q5937779"
    }
  ],
  "objectWikidata_URL": "",
  "isTimelineWork": false,
  "GalleryNumber": "003",
  "prov": "[ Antonio Salvadori, Florence (until 1928)] ; [ Amedeo Riccardi and Livio Bruschi, Florence (1928\u2013sold 1957)]"
}