{
  "objectID": 471957,
  "isHighlight": false,
  "accessionNumber": "1972.108",
  "accessionYear": "1972",
  "isPublicDomain": true,
  "primaryImage": "https://images.metmuseum.org/CRDImages/cl/original/LC-1972_108.jpg",
  "primaryImageSmall": "https://images.metmuseum.org/CRDImages/cl/web-large/LC-1972_108.jpg",
  "additionalImages": [
    "https://images.metmuseum.org/CRDImages/cl/original/cds1972-108.jpg"
  ],
  "constituents": null,
  "department": "The Cloisters",
  "objectName": "Bell",
  "title": "Bell",
  "culture": "European",
  "period": "",
  "dynasty": "",
  "reign": "",
  "portfolio": "",
  "artistRole": "",
  "artistPrefix": "",
  "artistDisplayName": "",
  "artistDisplayBio": "",
  "artistSuffix": "",
  "artistAlphaSort": "",
  "artistNationality": "",
  "artistBeginDate": "",
  "artistEndDate": "",
  "artistGender": "",
  "artistWikidata_URL": "",
  "artistULAN_URL": "",
  "objectDate": "late 16th century",
  "objectBeginDate": 1550,
  "objectEndDate": 1600,
  "medium": "Copper alloy,  iron",
  "dimensions": "Overall: 32 1/2 excluding handle  x 4 1/4 x 6 1/2 in. (82.5 x 10.8 x 16.5 cm)",
  "measurements": [
    {
      "elementName": "Overall",
      "elementDescription": null,
      "elementMeasurements": {
        "Diameter": 16.51,
        "Height": 82.5,
        "Width": 10.795
      }
    }
  ],
  "creditLine": "Gift, Mrs. George Matthew Adams, in memory of her late husband, George Matthew Adams, 1972  The Cloisters Collection, 1972",
  "geographyType": "",
  "city": "",
  "state": "",
  "county": "",
  "country": "",
  "region": "",
  "subregion": "",
  "locale": "",
  "locus": "",
  "excavation": "",
  "river": "",
  "classification": "Metalwork-Copper alloy",
  "rightsAndReproduction": "",
  "linkResource": "",
  "metadataDate": "2021-03-30T04:40:03.88Z",
  "repository": "Metropolitan Museum of Art, New York, NY",
  "objectURL": "https://www.metmuseum.org/art/collection/search/471957",
  "tags": [
    {
      "term": "Musical Instruments",
      "AAT_URL": "http://vocab.getty.edu/page/aat/300041620",
      "Wikidata_URL": "https://www.wikidata.org/wiki/Q34379"
    }
  ],
  "objectWikidata_URL": "",
  "isTimelineWork": false,
  "GalleryNumber": "",
  "prov": "George Matthew Adams (until 1972)"
}