{
  "objectID": 471982,
  "isHighlight": false,
  "accessionNumber": "1971.194",
  "accessionYear": "1971",
  "isPublicDomain": true,
  "primaryImage": "https://images.metmuseum.org/CRDImages/cl/original/cdi1971-194s2.jpg",
  "primaryImageSmall": "https://images.metmuseum.org/CRDImages/cl/web-large/cdi1971-194s2.jpg",
  "additionalImages": [
    "https://images.metmuseum.org/CRDImages/cl/original/cdi1971-194s5.jpg",
    "https://images.metmuseum.org/CRDImages/cl/original/cdi1971-194s3.jpg",
    "https://images.metmuseum.org/CRDImages/cl/original/cdi1971-194s4.jpg"
  ],
  "constituents": null,
  "department": "The Cloisters",
  "objectName": "Statue",
  "title": "Man of Sorrows",
  "culture": "German",
  "period": "",
  "dynasty": "",
  "reign": "",
  "portfolio": "",
  "artistRole": "",
  "artistPrefix": "",
  "artistDisplayName": "",
  "artistDisplayBio": "",
  "artistSuffix": "",
  "artistAlphaSort": "",
  "artistNationality": "",
  "artistBeginDate": "",
  "artistEndDate": "",
  "artistGender": "",
  "artistWikidata_URL": "",
  "artistULAN_URL": "",
  "objectDate": "15th century",
  "objectBeginDate": 1400,
  "objectEndDate": 1499,
  "medium": "Wood, paint",
  "dimensions": "Overall: 52 7/8 x 18 1/4 x 13 in. (134.3 x 46.4 x 33 cm)",
  "measurements": [
    {
      "elementName": "Overall",
      "elementDescription": null,
      "elementMeasurements": {
        "Depth": 33.0201,
        "Height": 134.3028,
        "Width": 46.3551
      }
    }
  ],
  "creditLine": "The Cloisters Collection, 1971",
  "geographyType": "",
  "city": "",
  "state": "",
  "county": "",
  "country": "",
  "region": "",
  "subregion": "",
  "locale": "",
  "locus": "",
  "excavation": "",
  "river": "",
  "classification": "Sculpture-Wood",
  "rightsAndReproduction": "",
  "linkResource": "",
  "metadataDate": "2021-03-30T04:40:03.88Z",
  "repository": "Metropolitan Museum of Art, New York, NY",
  "objectURL": "https://www.metmuseum.org/art/collection/search/471982",
  "tags": [
    {
      "term": "Christ",
      "AAT_URL": "http://vocab.getty.edu/page/ia/901000087",
      "Wikidata_URL": "https://www.wikidata.org/wiki/Q642420"
    }
  ],
  "objectWikidata_URL": "https://www.wikidata.org/wiki/Q20201885",
  "isTimelineWork": false,
  "GalleryNumber": "",
  "prov": "[ Ruth and Leopold Blumka, New York (sold 1971)]"
}