{
  "objectID": 471976,
  "isHighlight": false,
  "accessionNumber": "1970.324.8a, b",
  "accessionYear": "1970",
  "isPublicDomain": true,
  "primaryImage": "https://images.metmuseum.org/CRDImages/cl/original/DT11269.jpg",
  "primaryImageSmall": "https://images.metmuseum.org/CRDImages/cl/web-large/DT11269.jpg",
  "additionalImages": [],
  "constituents": null,
  "department": "The Cloisters",
  "objectName": "Diptych",
  "title": "Diptych with Scenes of the Life of Christ and the Virgin, Saint Michael, John the Baptist, Thomas Becket, and the Trinity",
  "culture": "German",
  "period": "",
  "dynasty": "",
  "reign": "",
  "portfolio": "",
  "artistRole": "",
  "artistPrefix": "",
  "artistDisplayName": "",
  "artistDisplayBio": "",
  "artistSuffix": "",
  "artistAlphaSort": "",
  "artistNationality": "",
  "artistBeginDate": "",
  "artistEndDate": "",
  "artistGender": "",
  "artistWikidata_URL": "",
  "artistULAN_URL": "",
  "objectDate": "ca. 1350",
  "objectBeginDate": 1350,
  "objectEndDate": 1350,
  "medium": "Elephant ivory",
  "dimensions": "Overall (open): 10 x 8 5/16 x 3/8 in. (25.5 x 21.1 x 0.9 cm)",
  "measurements": [
    {
      "elementName": "Overall",
      "elementDescription": "open",
      "elementMeasurements": {
        "Depth": 0.9,
        "Height": 25.4794,
        "Width": 21.1138
      }
    }
  ],
  "creditLine": "The Cloisters Collection, 1970",
  "geographyType": "Made in",
  "city": "Cologne",
  "state": "",
  "county": "",
  "country": "Germany",
  "region": "",
  "subregion": "",
  "locale": "",
  "locus": "",
  "excavation": "",
  "river": "",
  "classification": "Ivories-Elephant",
  "rightsAndReproduction": "",
  "linkResource": "",
  "metadataDate": "2021-07-16T04:41:38.683Z",
  "repository": "Metropolitan Museum of Art, New York, NY",
  "objectURL": "https://www.metmuseum.org/art/collection/search/471976",
  "tags": [
    {
      "term": "Annunciation",
      "AAT_URL": "http://vocab.getty.edu/page/aat/300412102",
      "Wikidata_URL": "https://www.wikidata.org/wiki/Q154326"
    },
    {
      "term": "Saint John the Baptist",
      "AAT_URL": "http://vocab.getty.edu/page/ia/901001056",
      "Wikidata_URL": "https://www.wikidata.org/wiki/Q40662"
    },
    {
      "term": "Saint Michael",
      "AAT_URL": null,
      "Wikidata_URL": "https://www.wikidata.org/wiki/Q45581"
    },
    {
      "term": "Resurrection",
      "AAT_URL": "http://vocab.getty.edu/page/aat/300404323",
      "Wikidata_URL": "https://www.wikidata.org/wiki/Q51624"
    },
    {
      "term": "Christ",
      "AAT_URL": "http://vocab.getty.edu/page/ia/901000087",
      "Wikidata_URL": "https://www.wikidata.org/wiki/Q642420"
    },
    {
      "term": "Virgin Mary",
      "AAT_URL": "http://vocab.getty.edu/page/ia/901000032",
      "Wikidata_URL": "https://www.wikidata.org/wiki/Q345"
    },
    {
      "term": "Crucifixion",
      "AAT_URL": "http://vocab.getty.edu/page/aat/300404300",
      "Wikidata_URL": "https://www.wikidata.org/wiki/Q3235597"
    }
  ],
  "objectWikidata_URL": "",
  "isTimelineWork": true,
  "GalleryNumber": "014",
  "prov": "[ Demotte Inc., Paris and New York] ; [ Brimo de Laroussilhe, Paris] ; [ L. Daguerre, Paris ] ; [ Paula de Koenigsberg ] ; Ernst and Marthe Kofler-Truniger, Lucerne (sold 1970)"
}