{
  "objectID": 471936,
  "isHighlight": false,
  "accessionNumber": "65.97.2",
  "accessionYear": "1965",
  "isPublicDomain": true,
  "primaryImage": "https://images.metmuseum.org/CRDImages/cl/original/cdi65-97-2.jpg",
  "primaryImageSmall": "https://images.metmuseum.org/CRDImages/cl/web-large/cdi65-97-2.jpg",
  "additionalImages": [],
  "constituents": null,
  "department": "The Cloisters",
  "objectName": "Panel",
  "title": "Saint Lawrence",
  "culture": "Austrian",
  "period": "",
  "dynasty": "",
  "reign": "",
  "portfolio": "",
  "artistRole": "",
  "artistPrefix": "",
  "artistDisplayName": "",
  "artistDisplayBio": "",
  "artistSuffix": "",
  "artistAlphaSort": "",
  "artistNationality": "",
  "artistBeginDate": "",
  "artistEndDate": "",
  "artistGender": "",
  "artistWikidata_URL": "",
  "artistULAN_URL": "",
  "objectDate": "1340\u201350",
  "objectBeginDate": 1340,
  "objectEndDate": 1350,
  "medium": "Pot-metal glass, colorless glass, and vitreous paint",
  "dimensions": "35 x 13 in. (88.9 x 33 cm)\r\nwith modern border: 35 7/8 \u00d7 19 \u00d7 5/8 in. (91.1 \u00d7 48.3 \u00d7 1.6 cm)",
  "measurements": [
    {
      "elementName": "Overall",
      "elementDescription": null,
      "elementMeasurements": {
        "Height": 88.90018,
        "Width": 33.020065
      }
    },
    {
      "elementName": "Overall",
      "elementDescription": "with modern border",
      "elementMeasurements": {
        "Depth": 1.5875032,
        "Height": 91.12268,
        "Width": 48.260098
      }
    }
  ],
  "creditLine": "The Cloisters Collection, 1965",
  "geographyType": "Made in",
  "city": "",
  "state": "Carinthia",
  "county": "",
  "country": "Austria",
  "region": "",
  "subregion": "",
  "locale": "",
  "locus": "",
  "excavation": "",
  "river": "",
  "classification": "Glass-Stained",
  "rightsAndReproduction": "",
  "linkResource": "",
  "metadataDate": "2021-09-28T04:36:24.22Z",
  "repository": "Metropolitan Museum of Art, New York, NY",
  "objectURL": "https://www.metmuseum.org/art/collection/search/471936",
  "tags": [
    {
      "term": "Men",
      "AAT_URL": "http://vocab.getty.edu/page/aat/300025928",
      "Wikidata_URL": "https://www.wikidata.org/wiki/Q8441"
    },
    {
      "term": "Saint Lawrence",
      "AAT_URL": "http://vocab.getty.edu/page/ia/901001055",
      "Wikidata_URL": "https://www.wikidata.org/wiki/Q17590"
    }
  ],
  "objectWikidata_URL": "https://www.wikidata.org/wiki/Q20201772",
  "isTimelineWork": false,
  "GalleryNumber": "009",
  "prov": "From the Church of St. Leohard in Bad St. Leonhard in Lavanttal, Carinthia; sale, Sotheby & Co. British, London (April 27, 1965, no. 27.5)"
}