{
  "objectID": 471999,
  "isHighlight": false,
  "accessionNumber": "1977.94",
  "accessionYear": "1977",
  "isPublicDomain": true,
  "primaryImage": "https://images.metmuseum.org/CRDImages/cl/original/LC-1977_94-1.jpg",
  "primaryImageSmall": "https://images.metmuseum.org/CRDImages/cl/web-large/LC-1977_94-1.jpg",
  "additionalImages": [
    "https://images.metmuseum.org/CRDImages/cl/original/LC-1977_94-3.jpg",
    "https://images.metmuseum.org/CRDImages/cl/original/LC-1977_94-4.jpg",
    "https://images.metmuseum.org/CRDImages/cl/original/cdi1977-94d1.jpg"
  ],
  "constituents": null,
  "department": "The Cloisters",
  "objectName": "Panel",
  "title": "Scenes from the Life of Christ: Disrobing Youths from the Entry into Jerusalem, Flagellation, and Angel at the Sepulchre",
  "culture": "Spanish",
  "period": "",
  "dynasty": "",
  "reign": "",
  "portfolio": "",
  "artistRole": "",
  "artistPrefix": "",
  "artistDisplayName": "",
  "artistDisplayBio": "",
  "artistSuffix": "",
  "artistAlphaSort": "",
  "artistNationality": "",
  "artistBeginDate": "",
  "artistEndDate": "",
  "artistGender": "",
  "artistWikidata_URL": "",
  "artistULAN_URL": "",
  "objectDate": "13th century",
  "objectBeginDate": 1200,
  "objectEndDate": 1299,
  "medium": "Tempera on wood",
  "dimensions": "59 x 10 1/2 in.  (149.9 x 26.7 cm)",
  "measurements": [
    {
      "elementName": "Overall",
      "elementDescription": null,
      "elementMeasurements": {
        "Height": 149.9,
        "Width": 26.7
      }
    }
  ],
  "creditLine": "Bequest of Carl Otto von Kienbusch, 1976",
  "geographyType": "",
  "city": "",
  "state": "",
  "county": "",
  "country": "",
  "region": "",
  "subregion": "",
  "locale": "",
  "locus": "",
  "excavation": "",
  "river": "",
  "classification": "Paintings-Panels",
  "rightsAndReproduction": "",
  "linkResource": "",
  "metadataDate": "2021-07-16T04:41:38.683Z",
  "repository": "Metropolitan Museum of Art, New York, NY",
  "objectURL": "https://www.metmuseum.org/art/collection/search/471999",
  "tags": [
    {
      "term": "Men",
      "AAT_URL": "http://vocab.getty.edu/page/aat/300025928",
      "Wikidata_URL": "https://www.wikidata.org/wiki/Q8441"
    },
    {
      "term": "Christ",
      "AAT_URL": "http://vocab.getty.edu/page/ia/901000087",
      "Wikidata_URL": "https://www.wikidata.org/wiki/Q642420"
    }
  ],
  "objectWikidata_URL": "https://www.wikidata.org/wiki/Q20201013",
  "isTimelineWork": false,
  "GalleryNumber": "008",
  "prov": "Harriet M. Dean, Riverdale, New York (in 1938) ; Carl Otto von Kienbusch, New York (by 1964\u2013d. 1977)"
}