{
  "objectID": 471917,
  "isHighlight": false,
  "accessionNumber": "63.67",
  "accessionYear": "1963",
  "isPublicDomain": true,
  "primaryImage": "https://images.metmuseum.org/CRDImages/cl/original/DT345348.jpg",
  "primaryImageSmall": "https://images.metmuseum.org/CRDImages/cl/web-large/DT345348.jpg",
  "additionalImages": [
    "https://images.metmuseum.org/CRDImages/cl/original/DT345347.jpg",
    "https://images.metmuseum.org/CRDImages/cl/original/sf63-67d01.jpg",
    "https://images.metmuseum.org/CRDImages/cl/original/sf63-67d02.jpg",
    "https://images.metmuseum.org/CRDImages/cl/original/sf63-67d03.jpg"
  ],
  "constituents": null,
  "department": "The Cloisters",
  "objectName": "Chalice",
  "title": "Chalice",
  "culture": "Catalan",
  "period": "",
  "dynasty": "",
  "reign": "",
  "portfolio": "",
  "artistRole": "",
  "artistPrefix": "",
  "artistDisplayName": "",
  "artistDisplayBio": "",
  "artistSuffix": "",
  "artistAlphaSort": "",
  "artistNationality": "",
  "artistBeginDate": "",
  "artistEndDate": "",
  "artistGender": "",
  "artistWikidata_URL": "",
  "artistULAN_URL": "",
  "objectDate": "ca. 1400",
  "objectBeginDate": 1397,
  "objectEndDate": 1403,
  "medium": "Silver-gilt, silver, and basse taille enamel",
  "dimensions": "Overall: H:8 1/8 x W:6 5/8 in. (20.6 x 16.8 cm)\r\ncup only: 2 15/16 x 4 3/16 in. (7.5 x 10.6 cm)",
  "measurements": [
    {
      "elementName": "Other",
      "elementDescription": "cup only",
      "elementMeasurements": {
        "Diameter": 10.6,
        "Height": 7.5
      }
    },
    {
      "elementName": "Overall",
      "elementDescription": null,
      "elementMeasurements": {
        "Diameter": 16.8275,
        "Height": 20.6375
      }
    }
  ],
  "creditLine": "The Cloisters Collection, 1963",
  "geographyType": "Made in",
  "city": "Barcelona",
  "state": "Catalonia",
  "county": "",
  "country": "Spain",
  "region": "",
  "subregion": "",
  "locale": "",
  "locus": "",
  "excavation": "",
  "river": "",
  "classification": "Metalwork-Silver",
  "rightsAndReproduction": "",
  "linkResource": "",
  "metadataDate": "2021-07-16T04:41:38.683Z",
  "repository": "Metropolitan Museum of Art, New York, NY",
  "objectURL": "https://www.metmuseum.org/art/collection/search/471917",
  "tags": [
    {
      "term": "Annunciation",
      "AAT_URL": "http://vocab.getty.edu/page/aat/300412102",
      "Wikidata_URL": "https://www.wikidata.org/wiki/Q154326"
    },
    {
      "term": "Crucifixion",
      "AAT_URL": "http://vocab.getty.edu/page/aat/300404300",
      "Wikidata_URL": "https://www.wikidata.org/wiki/Q3235597"
    },
    {
      "term": "Coat of Arms",
      "AAT_URL": "http://vocab.getty.edu/page/aat/300126352",
      "Wikidata_URL": "https://www.wikidata.org/wiki/Q14659"
    },
    {
      "term": "Chalices",
      "AAT_URL": "http://vocab.getty.edu/page/aat/300194762",
      "Wikidata_URL": "https://www.wikidata.org/wiki/Q210723"
    }
  ],
  "objectWikidata_URL": "",
  "isTimelineWork": false,
  "GalleryNumber": "014",
  "prov": "Alfred R\u00fctschi, Zurich ; [ Julius B\u00f6hler Kunsthandlung, Munich (sold 1963)]"
}