{
  "objectID": 471930,
  "isHighlight": false,
  "accessionNumber": "65.89",
  "accessionYear": "1965",
  "isPublicDomain": true,
  "primaryImage": "https://images.metmuseum.org/CRDImages/cl/original/DP123792.jpg",
  "primaryImageSmall": "https://images.metmuseum.org/CRDImages/cl/web-large/DP123792.jpg",
  "additionalImages": [
    "https://images.metmuseum.org/CRDImages/cl/original/sf65-89s2.jpg"
  ],
  "constituents": null,
  "department": "The Cloisters",
  "objectName": "Bowl",
  "title": "Engraved Bowl",
  "culture": "Netherlandish",
  "period": "",
  "dynasty": "",
  "reign": "",
  "portfolio": "",
  "artistRole": "",
  "artistPrefix": "",
  "artistDisplayName": "",
  "artistDisplayBio": "",
  "artistSuffix": "",
  "artistAlphaSort": "",
  "artistNationality": "",
  "artistBeginDate": "",
  "artistEndDate": "",
  "artistGender": "",
  "artistWikidata_URL": "",
  "artistULAN_URL": "",
  "objectDate": "ca. 1130",
  "objectBeginDate": 1120,
  "objectEndDate": 1140,
  "medium": "Copper alloy, wrought",
  "dimensions": "Overall: 10 7/16 x 1 7/8 in. (26.5 x 4.8 cm)",
  "measurements": [
    {
      "elementName": "Overall",
      "elementDescription": null,
      "elementMeasurements": {
        "Depth": 4.7625,
        "Diameter": 26.5113
      }
    }
  ],
  "creditLine": "The Cloisters Collection, 1965",
  "geographyType": "",
  "city": "",
  "state": "",
  "county": "",
  "country": "",
  "region": "",
  "subregion": "",
  "locale": "",
  "locus": "",
  "excavation": "",
  "river": "",
  "classification": "Metalwork-Copper alloy",
  "rightsAndReproduction": "",
  "linkResource": "",
  "metadataDate": "2021-07-16T04:41:38.683Z",
  "repository": "Metropolitan Museum of Art, New York, NY",
  "objectURL": "https://www.metmuseum.org/art/collection/search/471930",
  "tags": [
    {
      "term": "Bowls",
      "AAT_URL": "http://vocab.getty.edu/page/aat/300203596",
      "Wikidata_URL": "https://www.wikidata.org/wiki/Q153988"
    }
  ],
  "objectWikidata_URL": "",
  "isTimelineWork": false,
  "GalleryNumber": "",
  "prov": "Georges Salmann"
}