{
  "objectID": 471983,
  "isHighlight": false,
  "accessionNumber": "1972.141",
  "accessionYear": "1972",
  "isPublicDomain": true,
  "primaryImage": "https://images.metmuseum.org/CRDImages/cl/original/cdi1972-141.jpg",
  "primaryImageSmall": "https://images.metmuseum.org/CRDImages/cl/web-large/cdi1972-141.jpg",
  "additionalImages": [
    "https://images.metmuseum.org/CRDImages/cl/original/cdi1972-141s2.jpg"
  ],
  "constituents": null,
  "department": "The Cloisters",
  "objectName": "Jug",
  "title": "Covered Jug",
  "culture": "German or South Netherlandish",
  "period": "",
  "dynasty": "",
  "reign": "",
  "portfolio": "",
  "artistRole": "",
  "artistPrefix": "",
  "artistDisplayName": "",
  "artistDisplayBio": "",
  "artistSuffix": "",
  "artistAlphaSort": "",
  "artistNationality": "",
  "artistBeginDate": "",
  "artistEndDate": "",
  "artistGender": "",
  "artistWikidata_URL": "",
  "artistULAN_URL": "",
  "objectDate": "late 14th century",
  "objectBeginDate": 1350,
  "objectEndDate": 1399,
  "medium": "Copper alloy",
  "dimensions": "Overall: 17 1/8 in. (43.5 cm)",
  "measurements": [
    {
      "elementName": "Overall",
      "elementDescription": null,
      "elementMeasurements": {
        "Height": 43.4976
      }
    }
  ],
  "creditLine": "The Cloisters Collection, 1972",
  "geographyType": "",
  "city": "",
  "state": "",
  "county": "",
  "country": "",
  "region": "",
  "subregion": "",
  "locale": "",
  "locus": "",
  "excavation": "",
  "river": "",
  "classification": "Metalwork-Bronze",
  "rightsAndReproduction": "",
  "linkResource": "",
  "metadataDate": "2021-09-28T04:36:24.22Z",
  "repository": "Metropolitan Museum of Art, New York, NY",
  "objectURL": "https://www.metmuseum.org/art/collection/search/471983",
  "tags": [
    {
      "term": "Faces",
      "AAT_URL": "http://vocab.getty.edu/page/aat/300251798",
      "Wikidata_URL": "https://www.wikidata.org/wiki/Q37017"
    },
    {
      "term": "Jugs",
      "AAT_URL": "http://vocab.getty.edu/page/aat/300045685",
      "Wikidata_URL": "https://www.wikidata.org/wiki/Q2413314"
    }
  ],
  "objectWikidata_URL": "",
  "isTimelineWork": false,
  "GalleryNumber": "",
  "prov": "[ Blumka Gallery, until 1972]"
}