{
  "objectID": 471921,
  "isHighlight": false,
  "accessionNumber": "64.80",
  "accessionYear": "1964",
  "isPublicDomain": true,
  "primaryImage": "https://images.metmuseum.org/CRDImages/cl/original/cdi64-80s1.jpg",
  "primaryImageSmall": "https://images.metmuseum.org/CRDImages/cl/web-large/cdi64-80s1.jpg",
  "additionalImages": [
    "https://images.metmuseum.org/CRDImages/cl/original/cdi64-80s3.jpg",
    "https://images.metmuseum.org/CRDImages/cl/original/cdi64-80s2.jpg",
    "https://images.metmuseum.org/CRDImages/cl/original/cdi64-80s4.jpg"
  ],
  "constituents": null,
  "department": "The Cloisters",
  "objectName": "Statue",
  "title": "Piet\u00e0",
  "culture": "German",
  "period": "",
  "dynasty": "",
  "reign": "",
  "portfolio": "",
  "artistRole": "",
  "artistPrefix": "",
  "artistDisplayName": "",
  "artistDisplayBio": "",
  "artistSuffix": "",
  "artistAlphaSort": "",
  "artistNationality": "",
  "artistBeginDate": "",
  "artistEndDate": "",
  "artistGender": "",
  "artistWikidata_URL": "",
  "artistULAN_URL": "",
  "objectDate": "1435\u201340",
  "objectBeginDate": 1435,
  "objectEndDate": 1440,
  "medium": "Wood, paint, and gilt",
  "dimensions": "Overall: 35 x 38 x 17 in. (88.9 x 96.5 x 43.2 cm)",
  "measurements": [
    {
      "elementName": "Overall",
      "elementDescription": null,
      "elementMeasurements": {
        "Depth": 43.1801,
        "Height": 88.9002,
        "Width": 96.5202
      }
    }
  ],
  "creditLine": "The Cloisters Collection, 1964",
  "geographyType": "Made in",
  "city": "",
  "state": "Swabia, Jagst-Neckar region",
  "county": "",
  "country": "Germany",
  "region": "",
  "subregion": "",
  "locale": "",
  "locus": "",
  "excavation": "",
  "river": "",
  "classification": "Sculpture-Wood",
  "rightsAndReproduction": "",
  "linkResource": "",
  "metadataDate": "2021-07-16T04:41:38.683Z",
  "repository": "Metropolitan Museum of Art, New York, NY",
  "objectURL": "https://www.metmuseum.org/art/collection/search/471921",
  "tags": [
    {
      "term": "Sadness",
      "AAT_URL": "http://vocab.getty.edu/page/aat/300055166",
      "Wikidata_URL": "https://www.wikidata.org/wiki/Q169251"
    },
    {
      "term": "Christ",
      "AAT_URL": "http://vocab.getty.edu/page/ia/901000087",
      "Wikidata_URL": "https://www.wikidata.org/wiki/Q642420"
    },
    {
      "term": "Virgin Mary",
      "AAT_URL": "http://vocab.getty.edu/page/ia/901000032",
      "Wikidata_URL": "https://www.wikidata.org/wiki/Q345"
    }
  ],
  "objectWikidata_URL": "https://www.wikidata.org/wiki/Q20201762",
  "isTimelineWork": false,
  "GalleryNumber": "",
  "prov": "From the Convent of Himmelspforten near W\u00fcrzburg; Georg Hartmann Germany, Frankfurt (sold 1964) ; [ Kunsthaus Lempertz, Cologne (April 15-16, 1964, no. 304) ]"
}