{
  "objectID": 471946,
  "isHighlight": false,
  "accessionNumber": "65.124",
  "accessionYear": "1965",
  "isPublicDomain": true,
  "primaryImage": "https://images.metmuseum.org/CRDImages/cl/original/cdi65-124.jpg",
  "primaryImageSmall": "https://images.metmuseum.org/CRDImages/cl/web-large/cdi65-124.jpg",
  "additionalImages": [],
  "constituents": null,
  "department": "The Cloisters",
  "objectName": "Statuette",
  "title": "Saint Jerome",
  "culture": "Austrian",
  "period": "",
  "dynasty": "",
  "reign": "",
  "portfolio": "",
  "artistRole": "",
  "artistPrefix": "",
  "artistDisplayName": "",
  "artistDisplayBio": "",
  "artistSuffix": "",
  "artistAlphaSort": "",
  "artistNationality": "",
  "artistBeginDate": "",
  "artistEndDate": "",
  "artistGender": "",
  "artistWikidata_URL": "",
  "artistULAN_URL": "",
  "objectDate": "15th century",
  "objectBeginDate": 1400,
  "objectEndDate": 1499,
  "medium": "Limewood with paint",
  "dimensions": "H: 31 1/2\"  (80 cm)",
  "measurements": [
    {
      "elementName": "Overall",
      "elementDescription": null,
      "elementMeasurements": {
        "Height": 80.0102
      }
    }
  ],
  "creditLine": "The Cloisters Collection, 1965",
  "geographyType": "Made in",
  "city": "",
  "state": "Styria",
  "county": "",
  "country": "Austria",
  "region": "",
  "subregion": "",
  "locale": "",
  "locus": "",
  "excavation": "",
  "river": "",
  "classification": "Sculpture-Wood",
  "rightsAndReproduction": "",
  "linkResource": "",
  "metadataDate": "2021-03-30T04:40:03.88Z",
  "repository": "Metropolitan Museum of Art, New York, NY",
  "objectURL": "https://www.metmuseum.org/art/collection/search/471946",
  "tags": [
    {
      "term": "Saint Jerome",
      "AAT_URL": "http://vocab.getty.edu/page/ulan/500060933",
      "Wikidata_URL": "https://www.wikidata.org/wiki/Q44248"
    },
    {
      "term": "Men",
      "AAT_URL": "http://vocab.getty.edu/page/aat/300025928",
      "Wikidata_URL": "https://www.wikidata.org/wiki/Q8441"
    }
  ],
  "objectWikidata_URL": "https://www.wikidata.org/wiki/Q20201789",
  "isTimelineWork": false,
  "GalleryNumber": "",
  "prov": "[ Hermann and Maria Schwartz, M\u00f6nchengladbach-Hardt (sold 1965)]"
}