{
  "objectID": 471984,
  "isHighlight": false,
  "accessionNumber": "1972.142",
  "accessionYear": "1972",
  "isPublicDomain": true,
  "primaryImage": "https://images.metmuseum.org/CRDImages/cl/original/cdi1972-142s1.jpg",
  "primaryImageSmall": "https://images.metmuseum.org/CRDImages/cl/web-large/cdi1972-142s1.jpg",
  "additionalImages": [
    "https://images.metmuseum.org/CRDImages/cl/original/cdi1972-142s2.jpg",
    "https://images.metmuseum.org/CRDImages/cl/original/cdi1972-142s3.jpg"
  ],
  "constituents": null,
  "department": "The Cloisters",
  "objectName": "Corpus",
  "title": "Crucified Christ",
  "culture": "German",
  "period": "",
  "dynasty": "",
  "reign": "",
  "portfolio": "",
  "artistRole": "",
  "artistPrefix": "",
  "artistDisplayName": "",
  "artistDisplayBio": "",
  "artistSuffix": "",
  "artistAlphaSort": "",
  "artistNationality": "",
  "artistBeginDate": "",
  "artistEndDate": "",
  "artistGender": "",
  "artistWikidata_URL": "",
  "artistULAN_URL": "",
  "objectDate": "ca. 1150\u201375",
  "objectBeginDate": 1150,
  "objectEndDate": 1175,
  "medium": "Copper alloy, gilt",
  "dimensions": "Overall: 6 x 5 3/4 in. (15.2 x 14.6 cm)",
  "measurements": [
    {
      "elementName": "Overall",
      "elementDescription": null,
      "elementMeasurements": {
        "Height": 15.24,
        "Width": 14.605
      }
    }
  ],
  "creditLine": "The Cloisters Collection, 1972",
  "geographyType": "Made in",
  "city": "",
  "state": "Rhine valley",
  "county": "",
  "country": "Germany",
  "region": "",
  "subregion": "",
  "locale": "",
  "locus": "",
  "excavation": "",
  "river": "",
  "classification": "Metalwork-Copper alloy",
  "rightsAndReproduction": "",
  "linkResource": "",
  "metadataDate": "2021-07-16T04:41:38.683Z",
  "repository": "Metropolitan Museum of Art, New York, NY",
  "objectURL": "https://www.metmuseum.org/art/collection/search/471984",
  "tags": [
    {
      "term": "Crucifixion",
      "AAT_URL": "http://vocab.getty.edu/page/aat/300404300",
      "Wikidata_URL": "https://www.wikidata.org/wiki/Q3235597"
    },
    {
      "term": "Christ",
      "AAT_URL": "http://vocab.getty.edu/page/ia/901000087",
      "Wikidata_URL": "https://www.wikidata.org/wiki/Q642420"
    }
  ],
  "objectWikidata_URL": "",
  "isTimelineWork": false,
  "GalleryNumber": "",
  "prov": "[ Brummer Gallery, Paris and New York (sold 1949)] ; [Joseph Brummer Collection sale, Parke-Bernet Galleries (May 11\u201314, 1949, no. 376)] ; Andr\u00e9 Tressley, New York (sold 1972)"
}