{
  "objectID": 471988,
  "isHighlight": false,
  "accessionNumber": "1973.262.2",
  "accessionYear": "1973",
  "isPublicDomain": true,
  "primaryImage": "https://images.metmuseum.org/CRDImages/cl/original/DP102834.jpg",
  "primaryImageSmall": "https://images.metmuseum.org/CRDImages/cl/web-large/DP102834.jpg",
  "additionalImages": [],
  "constituents": null,
  "department": "The Cloisters",
  "objectName": "Panel",
  "title": "Woman Dispensing Poison from the Legend of Saint Germain of Paris",
  "culture": "French",
  "period": "",
  "dynasty": "",
  "reign": "",
  "portfolio": "",
  "artistRole": "",
  "artistPrefix": "",
  "artistDisplayName": "",
  "artistDisplayBio": "",
  "artistSuffix": "",
  "artistAlphaSort": "",
  "artistNationality": "",
  "artistBeginDate": "",
  "artistEndDate": "",
  "artistGender": "",
  "artistWikidata_URL": "",
  "artistULAN_URL": "",
  "objectDate": "1245\u201347",
  "objectBeginDate": 1245,
  "objectEndDate": 1247,
  "medium": "Pot-metal glass, vitreous paint",
  "dimensions": "Overall: 25 1/8 x 15 3/4 in. (63.8 x 40 cm)",
  "measurements": [
    {
      "elementName": "Overall",
      "elementDescription": null,
      "elementMeasurements": {
        "Height": 63.8176,
        "Width": 40
      }
    }
  ],
  "creditLine": "The Cloisters Collection, 1973",
  "geographyType": "Made in",
  "city": "Paris",
  "state": "",
  "county": "",
  "country": "France",
  "region": "",
  "subregion": "",
  "locale": "",
  "locus": "",
  "excavation": "",
  "river": "",
  "classification": "Glass-Stained",
  "rightsAndReproduction": "",
  "linkResource": "",
  "metadataDate": "2021-11-09T04:35:24.483Z",
  "repository": "Metropolitan Museum of Art, New York, NY",
  "objectURL": "https://www.metmuseum.org/art/collection/search/471988",
  "tags": [
    {
      "term": "Women",
      "AAT_URL": "http://vocab.getty.edu/page/aat/300025943",
      "Wikidata_URL": "https://www.wikidata.org/wiki/Q467"
    }
  ],
  "objectWikidata_URL": "https://www.wikidata.org/wiki/Q20201101",
  "isTimelineWork": false,
  "GalleryNumber": "008",
  "prov": "From the former Lady Chapel of the Benedictine abbey of Saint-Germain-des-Pr\u00e9s, Paris; [ Jacques Seligmann, Paris and New York (sold 1973)]"
}