{
  "objectID": 471947,
  "isHighlight": false,
  "accessionNumber": "65.215.1",
  "accessionYear": "1965",
  "isPublicDomain": true,
  "primaryImage": "https://images.metmuseum.org/CRDImages/cl/original/cdi65-215-1s1.jpg",
  "primaryImageSmall": "https://images.metmuseum.org/CRDImages/cl/web-large/cdi65-215-1s1.jpg",
  "additionalImages": [
    "https://images.metmuseum.org/CRDImages/cl/original/cdi65-215-1s5.jpg",
    "https://images.metmuseum.org/CRDImages/cl/original/cdi65-215-1s4.jpg",
    "https://images.metmuseum.org/CRDImages/cl/original/cdi65-215-1s3.jpg",
    "https://images.metmuseum.org/CRDImages/cl/original/cdi65-215-1s2.jpg",
    "https://images.metmuseum.org/CRDImages/cl/original/cdi65-215-1s6.jpg",
    "https://images.metmuseum.org/CRDImages/cl/original/cdi65-215-1s7.jpg"
  ],
  "constituents": null,
  "department": "The Cloisters",
  "objectName": "Statuette",
  "title": "Enthroned Virgin and Child",
  "culture": "Bohemian or Moravian",
  "period": "",
  "dynasty": "",
  "reign": "",
  "portfolio": "",
  "artistRole": "",
  "artistPrefix": "",
  "artistDisplayName": "",
  "artistDisplayBio": "",
  "artistSuffix": "",
  "artistAlphaSort": "",
  "artistNationality": "",
  "artistBeginDate": "",
  "artistEndDate": "",
  "artistGender": "",
  "artistWikidata_URL": "",
  "artistULAN_URL": "",
  "objectDate": "ca. 1350",
  "objectBeginDate": 1347,
  "objectEndDate": 1353,
  "medium": "Limewood with paint",
  "dimensions": "Overall: 29 5/8 x 11 3/4 x 8 in. (75.2 x 29.8 x 20.3 cm)",
  "measurements": [
    {
      "elementName": "Overall",
      "elementDescription": null,
      "elementMeasurements": {
        "Depth": 20.32,
        "Height": 75.2477,
        "Width": 29.8451
      }
    }
  ],
  "creditLine": "The Cloisters Collection, 1965",
  "geographyType": "Made in",
  "city": "Brno?",
  "state": "",
  "county": "",
  "country": "Czech Republic",
  "region": "",
  "subregion": "",
  "locale": "",
  "locus": "",
  "excavation": "",
  "river": "",
  "classification": "Sculpture-Wood",
  "rightsAndReproduction": "",
  "linkResource": "",
  "metadataDate": "2021-09-28T04:36:24.22Z",
  "repository": "Metropolitan Museum of Art, New York, NY",
  "objectURL": "https://www.metmuseum.org/art/collection/search/471947",
  "tags": [
    {
      "term": "Madonna and Child",
      "AAT_URL": "http://vocab.getty.edu/page/ia/901000052",
      "Wikidata_URL": "https://www.wikidata.org/wiki/Q9309699"
    }
  ],
  "objectWikidata_URL": "https://www.wikidata.org/wiki/Q20201792",
  "isTimelineWork": false,
  "GalleryNumber": "",
  "prov": "Said to have come from the Convent of Saint Ursula, Vienna; [ Hermann and Maria Schwartz, M\u00f6nchengladbach-Hardt (sold 1965)]"
}