{
  "objectID": 471941,
  "isHighlight": false,
  "accessionNumber": "65.98",
  "accessionYear": "1965",
  "isPublicDomain": true,
  "primaryImage": "https://images.metmuseum.org/CRDImages/cl/original/cdi65-98.jpg",
  "primaryImageSmall": "https://images.metmuseum.org/CRDImages/cl/web-large/cdi65-98.jpg",
  "additionalImages": [],
  "constituents": null,
  "department": "The Cloisters",
  "objectName": "Panel",
  "title": "Saint Agnes",
  "culture": "Austrian",
  "period": "",
  "dynasty": "",
  "reign": "",
  "portfolio": "",
  "artistRole": "",
  "artistPrefix": "",
  "artistDisplayName": "",
  "artistDisplayBio": "",
  "artistSuffix": "",
  "artistAlphaSort": "",
  "artistNationality": "",
  "artistBeginDate": "",
  "artistEndDate": "",
  "artistGender": "",
  "artistWikidata_URL": "",
  "artistULAN_URL": "",
  "objectDate": "1340\u201350",
  "objectBeginDate": 1340,
  "objectEndDate": 1350,
  "medium": "Pot-metal glass, colorless glass, and vitreous paint",
  "dimensions": "35 x 13 in. (88.9 x 33 cm)\r\nwith modern border: 35 7/8 \u00d7 19 \u00d7 7/8 in. (91.1 \u00d7 48.3 \u00d7 2.2 cm)",
  "measurements": [
    {
      "elementName": "Overall",
      "elementDescription": "with modern border",
      "elementMeasurements": {
        "Depth": 2.2225044,
        "Height": 91.12268,
        "Width": 48.260098
      }
    },
    {
      "elementName": "Overall",
      "elementDescription": null,
      "elementMeasurements": {
        "Height": 88.90018,
        "Width": 33.020065
      }
    }
  ],
  "creditLine": "The Cloisters Collection, 1965",
  "geographyType": "Made in",
  "city": "",
  "state": "Carinthia",
  "county": "",
  "country": "Austria",
  "region": "",
  "subregion": "",
  "locale": "",
  "locus": "",
  "excavation": "",
  "river": "",
  "classification": "Glass-Stained",
  "rightsAndReproduction": "",
  "linkResource": "",
  "metadataDate": "2021-09-28T04:36:24.22Z",
  "repository": "Metropolitan Museum of Art, New York, NY",
  "objectURL": "https://www.metmuseum.org/art/collection/search/471941",
  "tags": [
    {
      "term": "Women",
      "AAT_URL": "http://vocab.getty.edu/page/aat/300025943",
      "Wikidata_URL": "https://www.wikidata.org/wiki/Q467"
    },
    {
      "term": "Saints",
      "AAT_URL": "http://vocab.getty.edu/page/aat/300150555",
      "Wikidata_URL": "https://www.wikidata.org/wiki/Q43115"
    }
  ],
  "objectWikidata_URL": "https://www.wikidata.org/wiki/Q20201780",
  "isTimelineWork": false,
  "GalleryNumber": "009",
  "prov": "From the Church of St. Leonhard in Bad St. Leonhard in Lavanttal, Carinthia.; sale, Sotheby & Co. British, London (April 27, 1965, no. 23)"
}