{
  "objectID": 471920,
  "isHighlight": false,
  "accessionNumber": "63.151",
  "accessionYear": "1963",
  "isPublicDomain": true,
  "primaryImage": "https://images.metmuseum.org/CRDImages/cl/original/cdi63-151.jpg",
  "primaryImageSmall": "https://images.metmuseum.org/CRDImages/cl/web-large/cdi63-151.jpg",
  "additionalImages": [],
  "constituents": null,
  "department": "The Cloisters",
  "objectName": "Chest",
  "title": "Chest",
  "culture": "British",
  "period": "",
  "dynasty": "",
  "reign": "",
  "portfolio": "",
  "artistRole": "",
  "artistPrefix": "",
  "artistDisplayName": "",
  "artistDisplayBio": "",
  "artistSuffix": "",
  "artistAlphaSort": "",
  "artistNationality": "",
  "artistBeginDate": "",
  "artistEndDate": "",
  "artistGender": "",
  "artistWikidata_URL": "",
  "artistULAN_URL": "",
  "objectDate": "late 15th century",
  "objectBeginDate": 1475,
  "objectEndDate": 1499,
  "medium": "Oak",
  "dimensions": "Overall: 65 1/4 x 37 3/4 x 18 1/4 in. (165.7 x 95.9 x 46.4 cm)",
  "measurements": [
    {
      "elementName": "Overall",
      "elementDescription": null,
      "elementMeasurements": {
        "Depth": 46.35509,
        "Height": 165.73534,
        "Width": 95.88519
      }
    }
  ],
  "creditLine": "The Cloisters Collection, 1963",
  "geographyType": "",
  "city": "",
  "state": "",
  "county": "",
  "country": "",
  "region": "",
  "subregion": "",
  "locale": "",
  "locus": "",
  "excavation": "",
  "river": "",
  "classification": "Woodwork-Furniture",
  "rightsAndReproduction": "",
  "linkResource": "",
  "metadataDate": "2021-03-30T04:40:03.88Z",
  "repository": "Metropolitan Museum of Art, New York, NY",
  "objectURL": "https://www.metmuseum.org/art/collection/search/471920",
  "tags": [
    {
      "term": "Chests",
      "AAT_URL": "http://vocab.getty.edu/page/aat/300038992",
      "Wikidata_URL": "https://www.wikidata.org/wiki/Q366134"
    }
  ],
  "objectWikidata_URL": "",
  "isTimelineWork": false,
  "GalleryNumber": "019",
  "prov": "[ Parke-Bernet Galleries ]"
}