{
  "objectID": 471992,
  "isHighlight": false,
  "accessionNumber": "1974.266",
  "accessionYear": "1974",
  "isPublicDomain": false,
  "primaryImage": "",
  "primaryImageSmall": "",
  "additionalImages": [],
  "constituents": null,
  "department": "The Cloisters",
  "objectName": "Plaque",
  "title": "Plaque with the Crucifixion and the Holy Women at the Tomb",
  "culture": "Carolingian",
  "period": "",
  "dynasty": "",
  "reign": "",
  "portfolio": "",
  "artistRole": "",
  "artistPrefix": "",
  "artistDisplayName": "",
  "artistDisplayBio": "",
  "artistSuffix": "",
  "artistAlphaSort": "",
  "artistNationality": "",
  "artistBeginDate": "",
  "artistEndDate": "",
  "artistGender": "",
  "artistWikidata_URL": "",
  "artistULAN_URL": "",
  "objectDate": "ca. 870",
  "objectBeginDate": 870,
  "objectEndDate": 870,
  "medium": "Ivory",
  "dimensions": "Overall: 9 3/8 x 4 13/16 x 1/4 in. (23.8 x 12.3 x 0.6 cm)",
  "measurements": [
    {
      "elementName": "Overall",
      "elementDescription": null,
      "elementMeasurements": {
        "Depth": 0.6,
        "Height": 23.8125,
        "Width": 12.3031
      }
    }
  ],
  "creditLine": "Purchased jointly by The Metropolitan Museum of Art (The Cloisters Collection) and the R\u00e9union des Mus\u00e9es Nationaux de France (Palais du Louvre), 1974",
  "geographyType": "Made in",
  "city": "",
  "state": "",
  "county": "",
  "country": "northern France",
  "region": "",
  "subregion": "",
  "locale": "",
  "locus": "",
  "excavation": "",
  "river": "",
  "classification": "Ivories",
  "rightsAndReproduction": "",
  "linkResource": "",
  "metadataDate": "2021-09-28T04:36:24.22Z",
  "repository": "Metropolitan Museum of Art, New York, NY",
  "objectURL": "https://www.metmuseum.org/art/collection/search/471992",
  "tags": [
    {
      "term": "Tombs",
      "AAT_URL": "http://vocab.getty.edu/page/aat/300005926",
      "Wikidata_URL": "https://www.wikidata.org/wiki/Q381885"
    },
    {
      "term": "Women",
      "AAT_URL": "http://vocab.getty.edu/page/aat/300025943",
      "Wikidata_URL": "https://www.wikidata.org/wiki/Q467"
    },
    {
      "term": "Crucifixion",
      "AAT_URL": "http://vocab.getty.edu/page/aat/300404300",
      "Wikidata_URL": "https://www.wikidata.org/wiki/Q3235597"
    },
    {
      "term": "Angels",
      "AAT_URL": "http://vocab.getty.edu/page/aat/300379004",
      "Wikidata_URL": "https://www.wikidata.org/wiki/Q235113"
    },
    {
      "term": "Christ",
      "AAT_URL": "http://vocab.getty.edu/page/ia/901000087",
      "Wikidata_URL": "https://www.wikidata.org/wiki/Q642420"
    }
  ],
  "objectWikidata_URL": "",
  "isTimelineWork": false,
  "GalleryNumber": "014",
  "prov": "Nicholas E. Landau, Paris (sold 1974)"
}