{
  "objectID": 471977,
  "isHighlight": false,
  "accessionNumber": "1970.324.9",
  "accessionYear": "1970",
  "isPublicDomain": true,
  "primaryImage": "https://images.metmuseum.org/CRDImages/cl/original/LC-1970_324_9-1.jpg",
  "primaryImageSmall": "https://images.metmuseum.org/CRDImages/cl/web-large/LC-1970_324_9-1.jpg",
  "additionalImages": [
    "https://images.metmuseum.org/CRDImages/cl/original/LC-1970_324_9-2.jpg",
    "https://images.metmuseum.org/CRDImages/cl/original/LC-1970_324_9-3.jpg"
  ],
  "constituents": null,
  "department": "The Cloisters",
  "objectName": "Pax",
  "title": "Pax with the Crucifixion",
  "culture": "South German",
  "period": "",
  "dynasty": "",
  "reign": "",
  "portfolio": "",
  "artistRole": "",
  "artistPrefix": "",
  "artistDisplayName": "",
  "artistDisplayBio": "",
  "artistSuffix": "",
  "artistAlphaSort": "",
  "artistNationality": "",
  "artistBeginDate": "",
  "artistEndDate": "",
  "artistGender": "",
  "artistWikidata_URL": "",
  "artistULAN_URL": "",
  "objectDate": "ca. 1360\u201370",
  "objectBeginDate": 1360,
  "objectEndDate": 1370,
  "medium": "Ivory and copper gilt",
  "dimensions": "Overall: 3 3/4 x 3 1/8 x 15/16 in. (9.5 x 7.9 x 2.4 cm)",
  "measurements": [
    {
      "elementName": "Overall",
      "elementDescription": null,
      "elementMeasurements": {
        "Depth": 2.4,
        "Height": 9.525019,
        "Width": 7.9375157
      }
    }
  ],
  "creditLine": "The Cloisters Collection, 1970",
  "geographyType": "",
  "city": "",
  "state": "",
  "county": "",
  "country": "",
  "region": "",
  "subregion": "",
  "locale": "",
  "locus": "",
  "excavation": "",
  "river": "",
  "classification": "Ivories",
  "rightsAndReproduction": "",
  "linkResource": "",
  "metadataDate": "2021-07-16T04:41:38.683Z",
  "repository": "Metropolitan Museum of Art, New York, NY",
  "objectURL": "https://www.metmuseum.org/art/collection/search/471977",
  "tags": [
    {
      "term": "Crucifixion",
      "AAT_URL": "http://vocab.getty.edu/page/aat/300404300",
      "Wikidata_URL": "https://www.wikidata.org/wiki/Q3235597"
    },
    {
      "term": "Christ",
      "AAT_URL": "http://vocab.getty.edu/page/ia/901000087",
      "Wikidata_URL": "https://www.wikidata.org/wiki/Q642420"
    },
    {
      "term": "Virgin Mary",
      "AAT_URL": "http://vocab.getty.edu/page/ia/901000032",
      "Wikidata_URL": "https://www.wikidata.org/wiki/Q345"
    }
  ],
  "objectWikidata_URL": "",
  "isTimelineWork": false,
  "GalleryNumber": "014",
  "prov": "Emile Baboin, Lyons ; Ernst and Marthe Kofler-Truniger, Lucerne (sold 1970)"
}