{
  "objectID": 471971,
  "isHighlight": false,
  "accessionNumber": "1970.324.2",
  "accessionYear": "1970",
  "isPublicDomain": true,
  "primaryImage": "https://images.metmuseum.org/CRDImages/cl/original/DP100668.jpg",
  "primaryImageSmall": "https://images.metmuseum.org/CRDImages/cl/web-large/DP100668.jpg",
  "additionalImages": [
    "https://images.metmuseum.org/CRDImages/cl/original/sf1970-324-2d3.jpg",
    "https://images.metmuseum.org/CRDImages/cl/original/sf1970-324-2d5.jpg",
    "https://images.metmuseum.org/CRDImages/cl/original/sf1970-324-2d7.jpg",
    "https://images.metmuseum.org/CRDImages/cl/original/sf1970-324-2d1.jpg",
    "https://images.metmuseum.org/CRDImages/cl/original/sf1970-324-2d2.jpg",
    "https://images.metmuseum.org/CRDImages/cl/original/sf1970-324-2d4.jpg",
    "https://images.metmuseum.org/CRDImages/cl/original/sf1970-324-2d6.jpg",
    "https://images.metmuseum.org/CRDImages/cl/original/sf1970-324-2d8.jpg"
  ],
  "constituents": null,
  "department": "The Cloisters",
  "objectName": "Plaque",
  "title": "Plaque with the Ascension",
  "culture": "German",
  "period": "",
  "dynasty": "",
  "reign": "",
  "portfolio": "",
  "artistRole": "",
  "artistPrefix": "",
  "artistDisplayName": "",
  "artistDisplayBio": "",
  "artistSuffix": "",
  "artistAlphaSort": "",
  "artistNationality": "",
  "artistBeginDate": "",
  "artistEndDate": "",
  "artistGender": "",
  "artistWikidata_URL": "",
  "artistULAN_URL": "",
  "objectDate": "ca. 1050",
  "objectBeginDate": 1050,
  "objectEndDate": 1050,
  "medium": "Ivory",
  "dimensions": "Overall: 4 1/16 x 3 9/16 x 1/4in. (10.3 x 9.1 x 0.7cm)",
  "measurements": [
    {
      "elementName": "Overall",
      "elementDescription": null,
      "elementMeasurements": {
        "Depth": 0.7,
        "Height": 10.3,
        "Width": 9.1
      }
    }
  ],
  "creditLine": "The Cloisters Collection, 1970",
  "geographyType": "Made in",
  "city": "",
  "state": "Rhineland",
  "county": "",
  "country": "Germany",
  "region": "",
  "subregion": "",
  "locale": "",
  "locus": "",
  "excavation": "",
  "river": "",
  "classification": "Ivories",
  "rightsAndReproduction": "",
  "linkResource": "",
  "metadataDate": "2021-07-16T04:41:38.683Z",
  "repository": "Metropolitan Museum of Art, New York, NY",
  "objectURL": "https://www.metmuseum.org/art/collection/search/471971",
  "tags": [
    {
      "term": "Christ",
      "AAT_URL": "http://vocab.getty.edu/page/ia/901000087",
      "Wikidata_URL": "https://www.wikidata.org/wiki/Q642420"
    }
  ],
  "objectWikidata_URL": "",
  "isTimelineWork": true,
  "GalleryNumber": "014",
  "prov": "Ernst and Marthe Kofler-Truniger, Lucerne (sold 1970)"
}