{
  "objectID": 471960,
  "isHighlight": false,
  "accessionNumber": "1972.245.3",
  "accessionYear": "1972",
  "isPublicDomain": true,
  "primaryImage": "https://images.metmuseum.org/CRDImages/cl/original/DP241182.jpg",
  "primaryImageSmall": "https://images.metmuseum.org/CRDImages/cl/web-large/DP241182.jpg",
  "additionalImages": [],
  "constituents": null,
  "department": "The Cloisters",
  "objectName": "Roundel",
  "title": "Roundel with Adoration of the Kings",
  "culture": "North Netherlandish",
  "period": "",
  "dynasty": "",
  "reign": "",
  "portfolio": "",
  "artistRole": "",
  "artistPrefix": "",
  "artistDisplayName": "",
  "artistDisplayBio": "",
  "artistSuffix": "",
  "artistAlphaSort": "",
  "artistNationality": "",
  "artistBeginDate": "",
  "artistEndDate": "",
  "artistGender": "",
  "artistWikidata_URL": "",
  "artistULAN_URL": "",
  "objectDate": "1510\u201320",
  "objectBeginDate": 1510,
  "objectEndDate": 1520,
  "medium": "Colorless glass, vitreous paint and silver stain",
  "dimensions": "Overall: 8 3/4 in. (22.2 cm)",
  "measurements": [
    {
      "elementName": "Overall",
      "elementDescription": null,
      "elementMeasurements": {
        "Diameter": 22.2
      }
    }
  ],
  "creditLine": "The Cloisters Collection, 1972",
  "geographyType": "Made in",
  "city": "",
  "state": "Amsterdam (?)",
  "county": "",
  "country": "North Netherlands",
  "region": "",
  "subregion": "",
  "locale": "",
  "locus": "",
  "excavation": "",
  "river": "",
  "classification": "Glass-Stained",
  "rightsAndReproduction": "",
  "linkResource": "",
  "metadataDate": "2021-07-16T04:41:38.683Z",
  "repository": "Metropolitan Museum of Art, New York, NY",
  "objectURL": "https://www.metmuseum.org/art/collection/search/471960",
  "tags": [
    {
      "term": "Madonna and Child",
      "AAT_URL": "http://vocab.getty.edu/page/ia/901000052",
      "Wikidata_URL": "https://www.wikidata.org/wiki/Q9309699"
    },
    {
      "term": "Adoration of the Magi",
      "AAT_URL": "http://vocab.getty.edu/page/ia/901000083",
      "Wikidata_URL": "https://www.wikidata.org/wiki/Q488841"
    }
  ],
  "objectWikidata_URL": "https://www.wikidata.org/wiki/Q20201793",
  "isTimelineWork": false,
  "GalleryNumber": "010",
  "prov": "[ Sibyll Kummer-Rothenh\u00e4usler, Zurich (sold 1972)]"
}