{
  "objectID": 471995,
  "isHighlight": false,
  "accessionNumber": "1976.88",
  "accessionYear": "1976",
  "isPublicDomain": true,
  "primaryImage": "https://images.metmuseum.org/CRDImages/cl/original/cdi1976-88.jpg",
  "primaryImageSmall": "https://images.metmuseum.org/CRDImages/cl/web-large/cdi1976-88.jpg",
  "additionalImages": [
    "https://images.metmuseum.org/CRDImages/cl/original/cdi1976-88s2.jpg",
    "https://images.metmuseum.org/CRDImages/cl/original/cdi1976-88s4.jpg",
    "https://images.metmuseum.org/CRDImages/cl/original/cdi1976-88s3.jpg"
  ],
  "constituents": null,
  "department": "The Cloisters",
  "objectName": "Statue",
  "title": "Virgin and Child of the Apocalypse",
  "culture": "German",
  "period": "",
  "dynasty": "",
  "reign": "",
  "portfolio": "",
  "artistRole": "",
  "artistPrefix": "",
  "artistDisplayName": "",
  "artistDisplayBio": "",
  "artistSuffix": "",
  "artistAlphaSort": "",
  "artistNationality": "",
  "artistBeginDate": "",
  "artistEndDate": "",
  "artistGender": "",
  "artistWikidata_URL": "",
  "artistULAN_URL": "",
  "objectDate": "1480\u201390",
  "objectBeginDate": 1480,
  "objectEndDate": 1490,
  "medium": "Limewood",
  "dimensions": "H: 46\" (116.8 cm)",
  "measurements": [
    {
      "elementName": "Overall",
      "elementDescription": null,
      "elementMeasurements": {
        "Height": 116.8402
      }
    }
  ],
  "creditLine": "The Cloisters Collection, 1976",
  "geographyType": "",
  "city": "",
  "state": "",
  "county": "",
  "country": "",
  "region": "",
  "subregion": "",
  "locale": "",
  "locus": "",
  "excavation": "",
  "river": "",
  "classification": "Sculpture-Wood",
  "rightsAndReproduction": "",
  "linkResource": "",
  "metadataDate": "2021-07-16T04:41:38.683Z",
  "repository": "Metropolitan Museum of Art, New York, NY",
  "objectURL": "https://www.metmuseum.org/art/collection/search/471995",
  "tags": [
    {
      "term": "Madonna and Child",
      "AAT_URL": "http://vocab.getty.edu/page/ia/901000052",
      "Wikidata_URL": "https://www.wikidata.org/wiki/Q9309699"
    },
    {
      "term": "Apocalypse",
      "AAT_URL": "http://vocab.getty.edu/page/ia/901000632",
      "Wikidata_URL": "https://www.wikidata.org/wiki/Q3199667"
    }
  ],
  "objectWikidata_URL": "",
  "isTimelineWork": false,
  "GalleryNumber": "",
  "prov": "Richard Oertel, Munich (by 1913\u2013at least 1924) ; Private Collection, Southern France ; [ Jacqueline Boccador and Edouard Bresset, Paris (1975\u2013sold 1976)]"
}