{
  "objectID": 472004,
  "isHighlight": false,
  "accessionNumber": "1977.240.103",
  "accessionYear": "1977",
  "isPublicDomain": true,
  "primaryImage": "https://images.metmuseum.org/CRDImages/cl/original/cdi1977-240-103.jpg",
  "primaryImageSmall": "https://images.metmuseum.org/CRDImages/cl/web-large/cdi1977-240-103.jpg",
  "additionalImages": [
    "https://images.metmuseum.org/CRDImages/cl/original/cdi1977-240-103s2.jpg"
  ],
  "constituents": null,
  "department": "The Cloisters",
  "objectName": "Pilgrim's badge",
  "title": "Pilgrim's Badge",
  "culture": "French",
  "period": "",
  "dynasty": "",
  "reign": "",
  "portfolio": "",
  "artistRole": "",
  "artistPrefix": "",
  "artistDisplayName": "",
  "artistDisplayBio": "",
  "artistSuffix": "",
  "artistAlphaSort": "",
  "artistNationality": "",
  "artistBeginDate": "",
  "artistEndDate": "",
  "artistGender": "",
  "artistWikidata_URL": "",
  "artistULAN_URL": "",
  "objectDate": "14th\u201316th century",
  "objectBeginDate": 1300,
  "objectEndDate": 1599,
  "medium": "Lead",
  "dimensions": "Overall: 1 1/4 x 1/2in. (3.1 x 1.3cm)",
  "measurements": [
    {
      "elementName": "Overall",
      "elementDescription": null,
      "elementMeasurements": {
        "Height": 3.1,
        "Width": 1.3
      }
    }
  ],
  "creditLine": "The Cloisters Collection, 1977",
  "geographyType": "",
  "city": "",
  "state": "",
  "county": "",
  "country": "",
  "region": "",
  "subregion": "",
  "locale": "",
  "locus": "",
  "excavation": "",
  "river": "",
  "classification": "Metalwork-Lead",
  "rightsAndReproduction": "",
  "linkResource": "",
  "metadataDate": "2021-06-23T04:38:27.84Z",
  "repository": "Metropolitan Museum of Art, New York, NY",
  "objectURL": "https://www.metmuseum.org/art/collection/search/472004",
  "tags": null,
  "objectWikidata_URL": "",
  "isTimelineWork": false,
  "GalleryNumber": "",
  "prov": "[ Ronald A. Lee Fine Arts, Ltd. (sold 1977) ]"
}