{
  "objectID": 472140,
  "isHighlight": false,
  "accessionNumber": "1982.433.4",
  "accessionYear": "1982",
  "isPublicDomain": true,
  "primaryImage": "https://images.metmuseum.org/CRDImages/cl/original/cdi1982-433-4.jpg",
  "primaryImageSmall": "https://images.metmuseum.org/CRDImages/cl/web-large/cdi1982-433-4.jpg",
  "additionalImages": [
    "https://images.metmuseum.org/CRDImages/cl/original/DT7410.jpg",
    "https://images.metmuseum.org/CRDImages/cl/original/h1_1982.433.3,4.jpg"
  ],
  "constituents": null,
  "department": "The Cloisters",
  "objectName": "Panel",
  "title": "Grisaille Panel with Grotesques",
  "culture": "French",
  "period": "",
  "dynasty": "",
  "reign": "",
  "portfolio": "",
  "artistRole": "",
  "artistPrefix": "",
  "artistDisplayName": "",
  "artistDisplayBio": "",
  "artistSuffix": "",
  "artistAlphaSort": "",
  "artistNationality": "",
  "artistBeginDate": "",
  "artistEndDate": "",
  "artistGender": "",
  "artistWikidata_URL": "",
  "artistULAN_URL": "",
  "objectDate": "ca. 1320\u201324",
  "objectBeginDate": 1320,
  "objectEndDate": 1324,
  "medium": "White and pot-metal glass with vitreous paint",
  "dimensions": "22 13/16 x 17 5/16 in.  (58 x 44 cm)",
  "measurements": null,
  "creditLine": "The Cloisters Collection, 1982",
  "geographyType": "",
  "city": "",
  "state": "",
  "county": "",
  "country": "",
  "region": "",
  "subregion": "",
  "locale": "",
  "locus": "",
  "excavation": "",
  "river": "",
  "classification": "Glass-Stained",
  "rightsAndReproduction": "",
  "linkResource": "",
  "metadataDate": "2021-11-09T04:35:24.483Z",
  "repository": "Metropolitan Museum of Art, New York, NY",
  "objectURL": "https://www.metmuseum.org/art/collection/search/472140",
  "tags": [
    {
      "term": "Heads",
      "AAT_URL": "http://vocab.getty.edu/page/aat/300375054",
      "Wikidata_URL": "https://www.wikidata.org/wiki/Q3409626"
    },
    {
      "term": "Fish",
      "AAT_URL": "http://vocab.getty.edu/page/aat/300266085",
      "Wikidata_URL": "https://www.wikidata.org/wiki/Q152"
    },
    {
      "term": "Vines",
      "AAT_URL": "http://vocab.getty.edu/page/aat/300132406",
      "Wikidata_URL": "https://www.wikidata.org/wiki/Q917284"
    }
  ],
  "objectWikidata_URL": "https://www.wikidata.org/wiki/Q20201894",
  "isTimelineWork": true,
  "GalleryNumber": "",
  "prov": "From the Chapel of Saint-Louis, north aisle, Royal Abbey of Saint-Denis; Bacri Fr\u00e8res, Paris ; Michel Ac\u00e9zat Paris, Paris ; [ H\u00f4tel Drouot, Paris (November 24-25, 1969, lot 39) ] ; [ Galerie f\u00fcr Glasmalerei, Zurich (sold 1982)]"
}