{
  "objectID": 472141,
  "isHighlight": false,
  "accessionNumber": "1984.199.3",
  "accessionYear": "1984",
  "isPublicDomain": true,
  "primaryImage": "https://images.metmuseum.org/CRDImages/cl/original/cdi1984-199-3s1.jpg",
  "primaryImageSmall": "https://images.metmuseum.org/CRDImages/cl/web-large/cdi1984-199-3s1.jpg",
  "additionalImages": [
    "https://images.metmuseum.org/CRDImages/cl/original/DP255156.jpg"
  ],
  "constituents": null,
  "department": "The Cloisters",
  "objectName": "Panel",
  "title": "Grisaille Panel",
  "culture": "French",
  "period": "",
  "dynasty": "",
  "reign": "",
  "portfolio": "",
  "artistRole": "",
  "artistPrefix": "",
  "artistDisplayName": "",
  "artistDisplayBio": "",
  "artistSuffix": "",
  "artistAlphaSort": "",
  "artistNationality": "",
  "artistBeginDate": "",
  "artistEndDate": "",
  "artistGender": "",
  "artistWikidata_URL": "",
  "artistULAN_URL": "",
  "objectDate": "ca. 1320\u201330",
  "objectBeginDate": 1320,
  "objectEndDate": 1330,
  "medium": "Pot-metal glass, colorless glass, silver stain, and vitreous paint",
  "dimensions": "127 1/2 x 36 1/4 in.  (323.8 x 92 cm)",
  "measurements": null,
  "creditLine": "The Cloisters Collection, 1984",
  "geographyType": "Made in",
  "city": "Rouen",
  "state": "Normandy",
  "county": "",
  "country": "France",
  "region": "",
  "subregion": "",
  "locale": "",
  "locus": "",
  "excavation": "",
  "river": "",
  "classification": "Glass-Stained",
  "rightsAndReproduction": "",
  "linkResource": "",
  "metadataDate": "2021-11-09T04:35:24.483Z",
  "repository": "Metropolitan Museum of Art, New York, NY",
  "objectURL": "https://www.metmuseum.org/art/collection/search/472141",
  "tags": [
    {
      "term": "Leaves",
      "AAT_URL": "http://vocab.getty.edu/page/aat/300011892",
      "Wikidata_URL": "https://www.wikidata.org/wiki/Q33971"
    }
  ],
  "objectWikidata_URL": "https://www.wikidata.org/wiki/Q20201107",
  "isTimelineWork": true,
  "GalleryNumber": "008",
  "prov": "From the choir chapels of the abbey church of Saint-Ouen, Rouen; [ Brimo de Laroussilhe, Paris] ; [ Ellin Mitchell, New York (sold 1984)]"
}