{
  "objectID": 472107,
  "isHighlight": false,
  "accessionNumber": "1977.240.82",
  "accessionYear": "1977",
  "isPublicDomain": true,
  "primaryImage": "https://images.metmuseum.org/CRDImages/cl/original/cdi1977-240-82.jpg",
  "primaryImageSmall": "https://images.metmuseum.org/CRDImages/cl/web-large/cdi1977-240-82.jpg",
  "additionalImages": [
    "https://images.metmuseum.org/CRDImages/cl/original/cdi1977-240-82s2.jpg"
  ],
  "constituents": null,
  "department": "The Cloisters",
  "objectName": "Pilgrim's badge",
  "title": "Pilgrim's Badge",
  "culture": "French",
  "period": "",
  "dynasty": "",
  "reign": "",
  "portfolio": "",
  "artistRole": "",
  "artistPrefix": "",
  "artistDisplayName": "",
  "artistDisplayBio": "",
  "artistSuffix": "",
  "artistAlphaSort": "",
  "artistNationality": "",
  "artistBeginDate": "",
  "artistEndDate": "",
  "artistGender": "",
  "artistWikidata_URL": "",
  "artistULAN_URL": "",
  "objectDate": "14th\u201316th century",
  "objectBeginDate": 1300,
  "objectEndDate": 1599,
  "medium": "Lead",
  "dimensions": "Overall (Diameter): 1 1/4 in. (3.2 cm)\r\nOverall (Crown): 1/4 in. (0.6 cm)",
  "measurements": [
    {
      "elementName": "Overall",
      "elementDescription": "Crown",
      "elementMeasurements": {
        "Height": 0.63500124
      }
    },
    {
      "elementName": "Overall",
      "elementDescription": "Diameter",
      "elementMeasurements": {
        "Diameter": 3.1750064
      }
    }
  ],
  "creditLine": "The Cloisters Collection, 1977",
  "geographyType": "",
  "city": "",
  "state": "",
  "county": "",
  "country": "",
  "region": "",
  "subregion": "",
  "locale": "",
  "locus": "",
  "excavation": "",
  "river": "",
  "classification": "Metalwork-Lead",
  "rightsAndReproduction": "",
  "linkResource": "",
  "metadataDate": "2021-06-23T04:38:27.84Z",
  "repository": "Metropolitan Museum of Art, New York, NY",
  "objectURL": "https://www.metmuseum.org/art/collection/search/472107",
  "tags": null,
  "objectWikidata_URL": "",
  "isTimelineWork": false,
  "GalleryNumber": "",
  "prov": "[ Ronald A. Lee Fine Arts, Ltd. ]"
}