{
  "objectID": 472146,
  "isHighlight": false,
  "accessionNumber": "1984.199.8",
  "accessionYear": "1984",
  "isPublicDomain": true,
  "primaryImage": "https://images.metmuseum.org/CRDImages/cl/original/cdi1984-199-8.jpg",
  "primaryImageSmall": "https://images.metmuseum.org/CRDImages/cl/web-large/cdi1984-199-8.jpg",
  "additionalImages": [],
  "constituents": null,
  "department": "The Cloisters",
  "objectName": "Panel",
  "title": "Grisaille Panel",
  "culture": "French",
  "period": "",
  "dynasty": "",
  "reign": "",
  "portfolio": "",
  "artistRole": "",
  "artistPrefix": "",
  "artistDisplayName": "",
  "artistDisplayBio": "",
  "artistSuffix": "",
  "artistAlphaSort": "",
  "artistNationality": "",
  "artistBeginDate": "",
  "artistEndDate": "",
  "artistGender": "",
  "artistWikidata_URL": "",
  "artistULAN_URL": "",
  "objectDate": "ca. 1325",
  "objectBeginDate": 1322,
  "objectEndDate": 1328,
  "medium": "Pot-metal glass and vitreous paint",
  "dimensions": "127 1/2 x 36 1/4 in.  (323.8 x 92 cm)",
  "measurements": null,
  "creditLine": "The Cloisters Collection, 1984",
  "geographyType": "Made in",
  "city": "Rouen",
  "state": "Normandy",
  "county": "",
  "country": "France",
  "region": "",
  "subregion": "",
  "locale": "",
  "locus": "",
  "excavation": "",
  "river": "",
  "classification": "Glass-Stained",
  "rightsAndReproduction": "",
  "linkResource": "",
  "metadataDate": "2021-11-09T04:35:24.483Z",
  "repository": "Metropolitan Museum of Art, New York, NY",
  "objectURL": "https://www.metmuseum.org/art/collection/search/472146",
  "tags": null,
  "objectWikidata_URL": "https://www.wikidata.org/wiki/Q20201950",
  "isTimelineWork": true,
  "GalleryNumber": "",
  "prov": "From the abbey church of Saint-Ouen, Rouen, France; [ Brimo de Laroussilhe, Paris] ; [ Ellin Mitchell, New York (sold 1984)]"
}