{
  "objectID": 472131,
  "isHighlight": false,
  "accessionNumber": "1977.240.7",
  "accessionYear": "1977",
  "isPublicDomain": true,
  "primaryImage": "https://images.metmuseum.org/CRDImages/cl/original/cdi1977-240-7.jpg",
  "primaryImageSmall": "https://images.metmuseum.org/CRDImages/cl/web-large/cdi1977-240-7.jpg",
  "additionalImages": [
    "https://images.metmuseum.org/CRDImages/cl/original/cdi1977-240-7s2.jpg"
  ],
  "constituents": null,
  "department": "The Cloisters",
  "objectName": "Pilgrim's badge",
  "title": "Pilgrim's Badge",
  "culture": "French",
  "period": "",
  "dynasty": "",
  "reign": "",
  "portfolio": "",
  "artistRole": "",
  "artistPrefix": "",
  "artistDisplayName": "",
  "artistDisplayBio": "",
  "artistSuffix": "",
  "artistAlphaSort": "",
  "artistNationality": "",
  "artistBeginDate": "",
  "artistEndDate": "",
  "artistGender": "",
  "artistWikidata_URL": "",
  "artistULAN_URL": "",
  "objectDate": "15th century",
  "objectBeginDate": 1400,
  "objectEndDate": 1499,
  "medium": "Lead",
  "dimensions": "Overall: 1 1/2 x 3/4in. (3.8 x 1.9cm)",
  "measurements": [
    {
      "elementName": "Overall",
      "elementDescription": null,
      "elementMeasurements": {
        "Height": 3.8,
        "Width": 1.9
      }
    }
  ],
  "creditLine": "The Cloisters Collection, 1977",
  "geographyType": "",
  "city": "",
  "state": "",
  "county": "",
  "country": "",
  "region": "",
  "subregion": "",
  "locale": "",
  "locus": "",
  "excavation": "",
  "river": "",
  "classification": "Metalwork-Lead",
  "rightsAndReproduction": "",
  "linkResource": "",
  "metadataDate": "2021-06-23T04:38:27.84Z",
  "repository": "Metropolitan Museum of Art, New York, NY",
  "objectURL": "https://www.metmuseum.org/art/collection/search/472131",
  "tags": [
    {
      "term": "Saint John the Baptist",
      "AAT_URL": "http://vocab.getty.edu/page/ia/901001056",
      "Wikidata_URL": "https://www.wikidata.org/wiki/Q40662"
    }
  ],
  "objectWikidata_URL": "",
  "isTimelineWork": false,
  "GalleryNumber": "",
  "prov": "Ronald A. Lee Fine Arts, Ltd. (sold 1977) ]"
}