{
  "objectID": 472388,
  "isHighlight": false,
  "accessionNumber": "36.39.2",
  "accessionYear": "1936",
  "isPublicDomain": true,
  "primaryImage": "https://images.metmuseum.org/CRDImages/cl/original/36392001.jpg",
  "primaryImageSmall": "https://images.metmuseum.org/CRDImages/cl/web-large/36392001.jpg",
  "additionalImages": [],
  "constituents": null,
  "department": "The Cloisters",
  "objectName": "Roundel",
  "title": "Roundel",
  "culture": "Austrian",
  "period": "",
  "dynasty": "",
  "reign": "",
  "portfolio": "",
  "artistRole": "",
  "artistPrefix": "",
  "artistDisplayName": "",
  "artistDisplayBio": "",
  "artistSuffix": "",
  "artistAlphaSort": "",
  "artistNationality": "",
  "artistBeginDate": "",
  "artistEndDate": "",
  "artistGender": "",
  "artistWikidata_URL": "",
  "artistULAN_URL": "",
  "objectDate": "1390",
  "objectBeginDate": 1390,
  "objectEndDate": 1390,
  "medium": "Pot-metal glass, colorless glass, and vitreous paint",
  "dimensions": "Overall: 15 5/8 x 15 3/4 in. (39.7 x 40 cm)",
  "measurements": [
    {
      "elementName": "Overall",
      "elementDescription": null,
      "elementMeasurements": {
        "Height": 39.68758,
        "Width": 40.00508
      }
    }
  ],
  "creditLine": "The Cloisters Collection, 1936",
  "geographyType": "Made in",
  "city": "",
  "state": "Nieder\u00f6sterreich",
  "county": "",
  "country": "Austria",
  "region": "",
  "subregion": "",
  "locale": "",
  "locus": "",
  "excavation": "",
  "river": "",
  "classification": "Glass-Stained",
  "rightsAndReproduction": "",
  "linkResource": "",
  "metadataDate": "2021-07-16T04:41:38.683Z",
  "repository": "Metropolitan Museum of Art, New York, NY",
  "objectURL": "https://www.metmuseum.org/art/collection/search/472388",
  "tags": [
    {
      "term": "Moon",
      "AAT_URL": "http://vocab.getty.edu/page/aat/300386951",
      "Wikidata_URL": "https://www.wikidata.org/wiki/Q405"
    },
    {
      "term": "Stars",
      "AAT_URL": "http://vocab.getty.edu/page/aat/300387654",
      "Wikidata_URL": "https://www.wikidata.org/wiki/Q25962599"
    },
    {
      "term": "Sun",
      "AAT_URL": "http://vocab.getty.edu/page/aat/300379806",
      "Wikidata_URL": "https://www.wikidata.org/wiki/Q525"
    }
  ],
  "objectWikidata_URL": "https://www.wikidata.org/wiki/Q20201883",
  "isTimelineWork": false,
  "GalleryNumber": "009",
  "prov": "From Ebreichsdorf Schlosskapelle, near Wienerneustadt, Lower Austria.; Roy Grosvenor Thomas, New York (sold 1936)"
}