{
  "objectID": 473008,
  "isHighlight": true,
  "accessionNumber": "35.36a, b",
  "accessionYear": "1935",
  "isPublicDomain": true,
  "primaryImage": "https://images.metmuseum.org/CRDImages/cl/original/DP102847.jpg",
  "primaryImageSmall": "https://images.metmuseum.org/CRDImages/cl/web-large/DP102847.jpg",
  "additionalImages": [
    "https://images.metmuseum.org/CRDImages/cl/original/DP360462.jpg"
  ],
  "constituents": null,
  "department": "The Cloisters",
  "objectName": "Crucifix",
  "title": "Crucifix",
  "culture": "Spanish",
  "period": "",
  "dynasty": "",
  "reign": "",
  "portfolio": "",
  "artistRole": "",
  "artistPrefix": "",
  "artistDisplayName": "",
  "artistDisplayBio": "",
  "artistSuffix": "",
  "artistAlphaSort": "",
  "artistNationality": "",
  "artistBeginDate": "",
  "artistEndDate": "",
  "artistGender": "",
  "artistWikidata_URL": "",
  "artistULAN_URL": "",
  "objectDate": "ca. 1150\u20131200",
  "objectBeginDate": 1147,
  "objectEndDate": 1203,
  "medium": "White oak with paint, gold leaf, and tin leaf (corpus); softwood with paint and tin leaf (cross)",
  "dimensions": "Overall (cross): 102 1/2 x 81 3/4 in. (260.4 x 207.6 cm)\r\nHead: 10 1/4 x 4 in. (26 x 10.2 cm)\r\nSpan of right arm: 25 3/8 in. (64.4 cm)\r\nSpan of left arm: 26 5/16 in. (66.8 cm)\r\nRight foot\u2013heel to small toe: 3 3/4 in. (9.5 cm)\r\nRight foot\u2013heel to big toe: 9 1/8 in. (23.2 cm)\r\nLeft foot\u2013heel to small toe: 3 1/4 in. (8.3 cm)\r\nLeft foot\u2013heel to big toe: 9 in. (22.8 cm)",
  "measurements": [
    {
      "elementName": "Other",
      "elementDescription": "Right foot\u2013heel to big toe",
      "elementMeasurements": {
        "Length": 23.2
      }
    },
    {
      "elementName": "Other",
      "elementDescription": "Right foot\u2013heel to small toe",
      "elementMeasurements": {
        "Length": 9.5
      }
    },
    {
      "elementName": "Other",
      "elementDescription": "Span of left arm",
      "elementMeasurements": {
        "Length": 66.8
      }
    },
    {
      "elementName": "Other",
      "elementDescription": "Span of right arm",
      "elementMeasurements": {
        "Length": 64.4
      }
    },
    {
      "elementName": "Other",
      "elementDescription": "Head",
      "elementMeasurements": {
        "Height": 26,
        "Width": 10.2
      }
    },
    {
      "elementName": "Overall",
      "elementDescription": "cross",
      "elementMeasurements": {
        "Height": 260.35052,
        "Width": 207.6
      }
    },
    {
      "elementName": "Other",
      "elementDescription": "Left foot\u2013heel to big toe",
      "elementMeasurements": {
        "Length": 22.8
      }
    },
    {
      "elementName": "Other",
      "elementDescription": "Left foot\u2013heel to small toe",
      "elementMeasurements": {
        "Length": 8.3
      }
    }
  ],
  "creditLine": "Samuel D. Lee Fund, 1935",
  "geographyType": "Made in",
  "city": "",
  "state": "Castile-Le\u00f3n",
  "county": "",
  "country": "Spain",
  "region": "",
  "subregion": "",
  "locale": "",
  "locus": "",
  "excavation": "",
  "river": "",
  "classification": "Sculpture-Wood",
  "rightsAndReproduction": "",
  "linkResource": "",
  "metadataDate": "2021-09-11T04:36:01.277Z",
  "repository": "Metropolitan Museum of Art, New York, NY",
  "objectURL": "https://www.metmuseum.org/art/collection/search/473008",
  "tags": [
    {
      "term": "Christ",
      "AAT_URL": "http://vocab.getty.edu/page/ia/901000087",
      "Wikidata_URL": "https://www.wikidata.org/wiki/Q642420"
    },
    {
      "term": "Cross",
      "AAT_URL": "http://vocab.getty.edu/page/aat/300235443",
      "Wikidata_URL": "https://www.wikidata.org/wiki/Q40843"
    },
    {
      "term": "Crucifixion",
      "AAT_URL": "http://vocab.getty.edu/page/aat/300404300",
      "Wikidata_URL": "https://www.wikidata.org/wiki/Q3235597"
    }
  ],
  "objectWikidata_URL": "https://www.wikidata.org/wiki/Q20201175",
  "isTimelineWork": true,
  "GalleryNumber": "002",
  "prov": "[ Arthur and Mildred Stapley Byne, Madrid (sold 1935)]"
}