{
  "objectID": 473331,
  "isHighlight": false,
  "accessionNumber": "2001.78",
  "accessionYear": "2001",
  "isPublicDomain": true,
  "primaryImage": "https://images.metmuseum.org/CRDImages/cl/original/DT4945.jpg",
  "primaryImageSmall": "https://images.metmuseum.org/CRDImages/cl/web-large/DT4945.jpg",
  "additionalImages": [
    "https://images.metmuseum.org/CRDImages/cl/original/DT4946.jpg",
    "https://images.metmuseum.org/CRDImages/cl/original/DT4947.jpg"
  ],
  "constituents": null,
  "department": "The Cloisters",
  "objectName": "Statue",
  "title": "Piet\u00e0 (Vesperbild)",
  "culture": "Bohemian",
  "period": "",
  "dynasty": "",
  "reign": "",
  "portfolio": "",
  "artistRole": "",
  "artistPrefix": "",
  "artistDisplayName": "",
  "artistDisplayBio": "",
  "artistSuffix": "",
  "artistAlphaSort": "",
  "artistNationality": "",
  "artistBeginDate": "",
  "artistEndDate": "",
  "artistGender": "",
  "artistWikidata_URL": "",
  "artistULAN_URL": "",
  "objectDate": "ca. 1400",
  "objectBeginDate": 1395,
  "objectEndDate": 1405,
  "medium": "Limestone with polychrome highlight",
  "dimensions": "15 x 15 3/8 x 5 1/2 in.  (38.1 x 39.1 x 14.0 cm)",
  "measurements": [
    {
      "elementName": "Overall",
      "elementDescription": null,
      "elementMeasurements": {
        "Depth": 14,
        "Height": 38.1,
        "Width": 39.1
      }
    }
  ],
  "creditLine": "The Cloisters Collection, 2001",
  "geographyType": "",
  "city": "",
  "state": "",
  "county": "",
  "country": "",
  "region": "",
  "subregion": "",
  "locale": "",
  "locus": "",
  "excavation": "",
  "river": "",
  "classification": "Sculpture-Stone",
  "rightsAndReproduction": "",
  "linkResource": "",
  "metadataDate": "2021-08-28T04:36:25.667Z",
  "repository": "Metropolitan Museum of Art, New York, NY",
  "objectURL": "https://www.metmuseum.org/art/collection/search/473331",
  "tags": [
    {
      "term": "Christ",
      "AAT_URL": "http://vocab.getty.edu/page/ia/901000087",
      "Wikidata_URL": "https://www.wikidata.org/wiki/Q642420"
    },
    {
      "term": "Virgin Mary",
      "AAT_URL": "http://vocab.getty.edu/page/ia/901000032",
      "Wikidata_URL": "https://www.wikidata.org/wiki/Q345"
    }
  ],
  "objectWikidata_URL": "",
  "isTimelineWork": true,
  "GalleryNumber": "016",
  "prov": "Michel Collection, Paris (until 1895) ; [ Julius B\u00f6hler, Munich (from 1895)] ; [ Julius Wilhelm B\u00f6hler, Munich (by 1934, by descent)] ; [ Julius Harry B\u00f6hler, Munich (by 1965, by descent)] ; Marion B\u00f6hler Eitle, Munich (by 1979, by descent) ; Christoph Eitle, Munich (1991, by descent\u2013sold 2001)"
}