{
  "objectID": 473770,
  "isHighlight": false,
  "accessionNumber": "40.51.2",
  "accessionYear": "1940",
  "isPublicDomain": true,
  "primaryImage": "https://images.metmuseum.org/CRDImages/cl/original/DP366875.jpg",
  "primaryImageSmall": "https://images.metmuseum.org/CRDImages/cl/web-large/DP366875.jpg",
  "additionalImages": [
    "https://images.metmuseum.org/CRDImages/cl/original/cdi40-51-2s2.jpg",
    "https://images.metmuseum.org/CRDImages/cl/original/DP255158.jpg"
  ],
  "constituents": null,
  "department": "The Cloisters",
  "objectName": "Statue",
  "title": "King Clothar I",
  "culture": "French",
  "period": "",
  "dynasty": "",
  "reign": "",
  "portfolio": "",
  "artistRole": "",
  "artistPrefix": "",
  "artistDisplayName": "",
  "artistDisplayBio": "",
  "artistSuffix": "",
  "artistAlphaSort": "",
  "artistNationality": "",
  "artistBeginDate": "",
  "artistEndDate": "",
  "artistGender": "",
  "artistWikidata_URL": "",
  "artistULAN_URL": "",
  "objectDate": "ca. 1250",
  "objectBeginDate": 1247,
  "objectEndDate": 1253,
  "medium": "Limestone, originally polychromed.",
  "dimensions": "Overall: 74 1/2 in. (189.2 cm)",
  "measurements": [
    {
      "elementName": "Overall",
      "elementDescription": null,
      "elementMeasurements": {
        "Height": 189.23038
      }
    }
  ],
  "creditLine": "The Cloisters Collection, 1940",
  "geographyType": "",
  "city": "",
  "state": "",
  "county": "",
  "country": "",
  "region": "",
  "subregion": "",
  "locale": "",
  "locus": "",
  "excavation": "",
  "river": "",
  "classification": "Installations",
  "rightsAndReproduction": "",
  "linkResource": "",
  "metadataDate": "2021-07-17T04:40:49.67Z",
  "repository": "Metropolitan Museum of Art, New York, NY",
  "objectURL": "https://www.metmuseum.org/art/collection/search/473770",
  "tags": [
    {
      "term": "Doorways",
      "AAT_URL": "http://vocab.getty.edu/page/aat/300002767",
      "Wikidata_URL": "https://www.wikidata.org/wiki/Q21263223"
    },
    {
      "term": "Kings",
      "AAT_URL": "http://vocab.getty.edu/page/aat/300025481",
      "Wikidata_URL": "https://www.wikidata.org/wiki/Q12097"
    },
    {
      "term": "Men",
      "AAT_URL": "http://vocab.getty.edu/page/aat/300025928",
      "Wikidata_URL": "https://www.wikidata.org/wiki/Q8441"
    }
  ],
  "objectWikidata_URL": "https://www.wikidata.org/wiki/Q82295060",
  "isTimelineWork": false,
  "GalleryNumber": "001",
  "prov": "From the abbey of Moutiers-Saint-Jean, near Dijon; M. Ohresser, Moutier-Saint-Jean, France (until 1909) ; [ Demotte Inc., Paris (sold 1909) (?) ] ; Michel Manzi, Paris (through M. Pagenel, Paris, until 1919) ; [ Demotte Inc., Paris (sold 1919) ] ; [ Duveen Brothers, London, Paris and New York (sold 1919) ]"
}