{
  "objectID": 474354,
  "isHighlight": false,
  "accessionNumber": "2002.369",
  "accessionYear": "2002",
  "isPublicDomain": true,
  "primaryImage": "https://images.metmuseum.org/CRDImages/cl/original/cdi2002-369s1.jpg",
  "primaryImageSmall": "https://images.metmuseum.org/CRDImages/cl/web-large/cdi2002-369s1.jpg",
  "additionalImages": [
    "https://images.metmuseum.org/CRDImages/cl/original/cdi2002-369s2.jpg",
    "https://images.metmuseum.org/CRDImages/cl/original/cdi2002-369s3.jpg",
    "https://images.metmuseum.org/CRDImages/cl/original/cdi2002-369s4.jpg",
    "https://images.metmuseum.org/CRDImages/cl/original/cdi2002-369s5.jpg",
    "https://images.metmuseum.org/CRDImages/cl/original/cdi2002-369s6.jpg"
  ],
  "constituents": null,
  "department": "The Cloisters",
  "objectName": "Bottle",
  "title": "Biconical Bottle",
  "culture": "German",
  "period": "",
  "dynasty": "",
  "reign": "",
  "portfolio": "",
  "artistRole": "",
  "artistPrefix": "",
  "artistDisplayName": "",
  "artistDisplayBio": "",
  "artistSuffix": "",
  "artistAlphaSort": "",
  "artistNationality": "",
  "artistBeginDate": "",
  "artistEndDate": "",
  "artistGender": "",
  "artistWikidata_URL": "",
  "artistULAN_URL": "",
  "objectDate": "late 15th century",
  "objectBeginDate": 1450,
  "objectEndDate": 1499,
  "medium": "Glass",
  "dimensions": "Overall: 4 x 2 9/16 in. (10.2 x 6.5 cm)\r\ndiameter of foot: 1 9/16 in. (3.9 cm)",
  "measurements": [
    {
      "elementName": "Other",
      "elementDescription": "diameter of foot",
      "elementMeasurements": {
        "Diameter": 3.9
      }
    },
    {
      "elementName": "Overall",
      "elementDescription": null,
      "elementMeasurements": {
        "Diameter": 6.5,
        "Height": 10.2
      }
    }
  ],
  "creditLine": "The Cloisters Collection, 2002",
  "geographyType": "Made in",
  "city": "Mainz (?)",
  "state": "",
  "county": "",
  "country": "Germany",
  "region": "",
  "subregion": "",
  "locale": "",
  "locus": "",
  "excavation": "",
  "river": "",
  "classification": "Glass-Vessels",
  "rightsAndReproduction": "",
  "linkResource": "",
  "metadataDate": "2021-03-30T04:40:03.88Z",
  "repository": "Metropolitan Museum of Art, New York, NY",
  "objectURL": "https://www.metmuseum.org/art/collection/search/474354",
  "tags": [
    {
      "term": "Bottles",
      "AAT_URL": "http://vocab.getty.edu/page/aat/300045627",
      "Wikidata_URL": "https://www.wikidata.org/wiki/Q80228"
    }
  ],
  "objectWikidata_URL": "",
  "isTimelineWork": false,
  "GalleryNumber": "",
  "prov": "W. Bastiaan Blok (sold 2002)"
}