{
  "objectID": 474430,
  "isHighlight": false,
  "accessionNumber": "37.52.5",
  "accessionYear": "1937",
  "isPublicDomain": true,
  "primaryImage": "https://images.metmuseum.org/CRDImages/cl/original/DT12118cropped5.jpg",
  "primaryImageSmall": "https://images.metmuseum.org/CRDImages/cl/web-large/DT12118cropped5.jpg",
  "additionalImages": [
    "https://images.metmuseum.org/CRDImages/cl/original/h1_37.52.1-6.jpg",
    "https://images.metmuseum.org/CRDImages/cl/original/DP103031.jpg",
    "https://images.metmuseum.org/CRDImages/cl/original/DP103033.jpg",
    "https://images.metmuseum.org/CRDImages/cl/original/DP103035.jpg",
    "https://images.metmuseum.org/CRDImages/cl/original/DP103037.jpg",
    "https://images.metmuseum.org/CRDImages/cl/original/DP103039.jpg",
    "https://images.metmuseum.org/CRDImages/cl/original/DP103041.jpg",
    "https://images.metmuseum.org/CRDImages/cl/original/DP103029.jpg",
    "https://images.metmuseum.org/CRDImages/cl/original/DT12118.jpg"
  ],
  "constituents": null,
  "department": "The Cloisters",
  "objectName": "Panel",
  "title": "Saint Dorothea with Jesus and a Basket of Roses, and with the Trinity below (from a series with The Virgin Mary and Five Standing Saints)",
  "culture": "German",
  "period": "",
  "dynasty": "",
  "reign": "",
  "portfolio": "",
  "artistRole": "",
  "artistPrefix": "",
  "artistDisplayName": "",
  "artistDisplayBio": "",
  "artistSuffix": "",
  "artistAlphaSort": "",
  "artistNationality": "",
  "artistBeginDate": "",
  "artistEndDate": "",
  "artistGender": "",
  "artistWikidata_URL": "",
  "artistULAN_URL": "",
  "objectDate": "1440\u201346",
  "objectBeginDate": 1440,
  "objectEndDate": 1446,
  "medium": "Pot-metal glass, white glass, vitreous paint, silver stain",
  "dimensions": "Each window 12 ft. 4 1/2 in. x 28 1/4 in. (337.2 x 71.8 cm)",
  "measurements": null,
  "creditLine": "The Cloisters Collection, 1937",
  "geographyType": "Made in",
  "city": "",
  "state": "Middle Rhine Valley",
  "county": "",
  "country": "Germany",
  "region": "",
  "subregion": "",
  "locale": "",
  "locus": "",
  "excavation": "",
  "river": "",
  "classification": "Glass-Stained",
  "rightsAndReproduction": "",
  "linkResource": "",
  "metadataDate": "2021-07-16T04:41:38.683Z",
  "repository": "Metropolitan Museum of Art, New York, NY",
  "objectURL": "https://www.metmuseum.org/art/collection/search/474430",
  "tags": [
    {
      "term": "Saints",
      "AAT_URL": "http://vocab.getty.edu/page/aat/300150555",
      "Wikidata_URL": "https://www.wikidata.org/wiki/Q43115"
    },
    {
      "term": "Women",
      "AAT_URL": "http://vocab.getty.edu/page/aat/300025943",
      "Wikidata_URL": "https://www.wikidata.org/wiki/Q467"
    }
  ],
  "objectWikidata_URL": "https://www.wikidata.org/wiki/Q20201944",
  "isTimelineWork": false,
  "GalleryNumber": "016",
  "prov": "From the north nave of the former Carmelite church at Boppard-am-Rhein in Rheinland-Pflaz (Rhein-Hunsr\u00fcck-Kreis), near Koblenz, Germany.; Count Hermann P\u00fcckler, Muskau (from 1818) ; [ Fr\u00e9d\u00e9ric Spitzer, Paris (from at least 1875\u2013 sold1893)] ; his posthumous sale, Chevallier & Mannheim, Paris (April 17\u2013June 16, 1893, no. 1954) ; [ Frederick Davis & Son, London (from 1893)] ; [ Jacques Seligmann, Paris and New York (from at least 1933\u2013 sold 1937)]"
}