{
  "objectID": 474426,
  "isHighlight": false,
  "accessionNumber": "37.52.1",
  "accessionYear": "1937",
  "isPublicDomain": true,
  "primaryImage": "https://images.metmuseum.org/CRDImages/cl/original/DT12117cropped1.jpg",
  "primaryImageSmall": "https://images.metmuseum.org/CRDImages/cl/web-large/DT12117cropped1.jpg",
  "additionalImages": [
    "https://images.metmuseum.org/CRDImages/cl/original/h1_37.52.1-6.jpg",
    "https://images.metmuseum.org/CRDImages/cl/original/DP102975.jpg",
    "https://images.metmuseum.org/CRDImages/cl/original/DP102977.jpg",
    "https://images.metmuseum.org/CRDImages/cl/original/DP102979.jpg",
    "https://images.metmuseum.org/CRDImages/cl/original/DP102981.jpg",
    "https://images.metmuseum.org/CRDImages/cl/original/DP102983.jpg",
    "https://images.metmuseum.org/CRDImages/cl/original/DP102985.jpg",
    "https://images.metmuseum.org/CRDImages/cl/original/DP102973.jpg",
    "https://images.metmuseum.org/CRDImages/cl/original/DT12117.jpg"
  ],
  "constituents": null,
  "department": "The Cloisters",
  "objectName": "Panel",
  "title": "Saint Servatius Crushing a Dragon, with Saint Michael Weighing Souls below (from a series with The Virgin Mary and Five Standing Saints)",
  "culture": "German",
  "period": "",
  "dynasty": "",
  "reign": "",
  "portfolio": "",
  "artistRole": "",
  "artistPrefix": "",
  "artistDisplayName": "",
  "artistDisplayBio": "",
  "artistSuffix": "",
  "artistAlphaSort": "",
  "artistNationality": "",
  "artistBeginDate": "",
  "artistEndDate": "",
  "artistGender": "",
  "artistWikidata_URL": "",
  "artistULAN_URL": "",
  "objectDate": "1440\u201346",
  "objectBeginDate": 1440,
  "objectEndDate": 1446,
  "medium": "Pot-metal glass, white glass, vitreous paint, silver stain",
  "dimensions": "Each window 12 ft. 4 1/2 in. x 28 1/4 in. (337.2 x 71.8 cm)",
  "measurements": null,
  "creditLine": "The Cloisters Collection, 1937",
  "geographyType": "Made in",
  "city": "",
  "state": "Middle Rhine Valley",
  "county": "",
  "country": "Germany",
  "region": "",
  "subregion": "",
  "locale": "",
  "locus": "",
  "excavation": "",
  "river": "",
  "classification": "Glass-Stained",
  "rightsAndReproduction": "",
  "linkResource": "",
  "metadataDate": "2021-07-16T04:41:38.683Z",
  "repository": "Metropolitan Museum of Art, New York, NY",
  "objectURL": "https://www.metmuseum.org/art/collection/search/474426",
  "tags": [
    {
      "term": "Dragons",
      "AAT_URL": "http://vocab.getty.edu/page/aat/300375726",
      "Wikidata_URL": "https://www.wikidata.org/wiki/Q7559"
    },
    {
      "term": "Bishops",
      "AAT_URL": "http://vocab.getty.edu/page/aat/300025756",
      "Wikidata_URL": "https://www.wikidata.org/wiki/Q29182"
    },
    {
      "term": "Saint Michael",
      "AAT_URL": null,
      "Wikidata_URL": "https://www.wikidata.org/wiki/Q45581"
    },
    {
      "term": "Virgin Mary",
      "AAT_URL": "http://vocab.getty.edu/page/ia/901000032",
      "Wikidata_URL": "https://www.wikidata.org/wiki/Q345"
    }
  ],
  "objectWikidata_URL": "https://www.wikidata.org/wiki/Q20201937",
  "isTimelineWork": false,
  "GalleryNumber": "016",
  "prov": "From the north nave of the former Carmelite church at Boppard-am-Rhein in Rheinland-Pfalz (Rhein-Hunsr\u00fcck-Kreis), near Koblenz, Germany.; Count Hermann P\u00fcckler, Muskau (from 1818) ; [ Fr\u00e9d\u00e9ric Spitzer, Paris (from at least 1875\u2013sold 1893)] ; his posthumous sale, Chevallier & Mannheim, Paris (April 17\u2013June 16, 1893, no. 1959) ; [ Frederick Davis & Son, London (from 1893)] ; [ Jacques Seligmann (from at least 1933-1937)]"
}