{
  "objectID": 475569,
  "isHighlight": false,
  "accessionNumber": "1983.515.44",
  "accessionYear": "1983",
  "isPublicDomain": true,
  "primaryImage": "https://images.metmuseum.org/CRDImages/cl/original/DP354546.jpg",
  "primaryImageSmall": "https://images.metmuseum.org/CRDImages/cl/web-large/DP354546.jpg",
  "additionalImages": [
    "https://images.metmuseum.org/CRDImages/cl/original/DP354598.jpg",
    "https://images.metmuseum.org/CRDImages/cl/original/DP354610.jpg",
    "https://images.metmuseum.org/CRDImages/cl/original/DP354611.jpg"
  ],
  "constituents": null,
  "department": "The Cloisters",
  "objectName": "Playing card",
  "title": "9 of Nooses, from The Cloisters Playing Cards",
  "culture": "South Netherlandish",
  "period": "",
  "dynasty": "",
  "reign": "",
  "portfolio": "",
  "artistRole": "",
  "artistPrefix": "",
  "artistDisplayName": "",
  "artistDisplayBio": "",
  "artistSuffix": "",
  "artistAlphaSort": "",
  "artistNationality": "",
  "artistBeginDate": "",
  "artistEndDate": "",
  "artistGender": "",
  "artistWikidata_URL": "",
  "artistULAN_URL": "",
  "objectDate": "ca. 1475\u201380",
  "objectBeginDate": 1475,
  "objectEndDate": 1480,
  "medium": "Paper (four layers of pasteboard) with pen and ink, opaque paint, glazes, and applied silver and gold",
  "dimensions": "5 3/16 \u00d7 2 3/4 in. (13.2 \u00d7 7 cm)",
  "measurements": [
    {
      "elementName": "Overall",
      "elementDescription": null,
      "elementMeasurements": {
        "Height": 13.2,
        "Width": 7
      }
    }
  ],
  "creditLine": "The Cloisters Collection, 1983",
  "geographyType": "Made in",
  "city": "",
  "state": "Burgundian territories",
  "county": "",
  "country": "",
  "region": "",
  "subregion": "",
  "locale": "",
  "locus": "",
  "excavation": "",
  "river": "",
  "classification": "Miscellaneous-Paper",
  "rightsAndReproduction": "",
  "linkResource": "",
  "metadataDate": "2021-11-09T04:35:24.483Z",
  "repository": "Metropolitan Museum of Art, New York, NY",
  "objectURL": "https://www.metmuseum.org/art/collection/search/475569",
  "tags": [
    {
      "term": "Playing Cards",
      "AAT_URL": "http://vocab.getty.edu/page/aat/300211294",
      "Wikidata_URL": "https://www.wikidata.org/wiki/Q47883"
    },
    {
      "term": "Games",
      "AAT_URL": "http://vocab.getty.edu/page/aat/300069657",
      "Wikidata_URL": "https://www.wikidata.org/wiki/Q11410"
    }
  ],
  "objectWikidata_URL": "",
  "isTimelineWork": false,
  "GalleryNumber": "",
  "prov": "[ H\u00f4tel Drouot, Paris (December 12, 1978, lot 50)] ; [ Sotheby's, London British (December 6, 1983, lot 70)]"
}