{
  "objectID": 475514,
  "isHighlight": false,
  "accessionNumber": "40.130.2",
  "accessionYear": "1940",
  "isPublicDomain": true,
  "primaryImage": "https://images.metmuseum.org/CRDImages/cl/original/cdi40-130-2.jpg",
  "primaryImageSmall": "https://images.metmuseum.org/CRDImages/cl/web-large/cdi40-130-2.jpg",
  "additionalImages": [],
  "constituents": null,
  "department": "The Cloisters",
  "objectName": "Candlestick",
  "title": "Candlestick",
  "culture": "German or South Netherlandish",
  "period": "",
  "dynasty": "",
  "reign": "",
  "portfolio": "",
  "artistRole": "",
  "artistPrefix": "",
  "artistDisplayName": "",
  "artistDisplayBio": "",
  "artistSuffix": "",
  "artistAlphaSort": "",
  "artistNationality": "",
  "artistBeginDate": "",
  "artistEndDate": "",
  "artistGender": "",
  "artistWikidata_URL": "",
  "artistULAN_URL": "",
  "objectDate": "late 15th century",
  "objectBeginDate": 1450,
  "objectEndDate": 1499,
  "medium": "Copper alloy",
  "dimensions": "Overall: 20 1/2 in. (52.1 cm)",
  "measurements": [
    {
      "elementName": "Overall",
      "elementDescription": null,
      "elementMeasurements": {
        "Height": 52.0701
      }
    }
  ],
  "creditLine": "Rogers Fund, 1940",
  "geographyType": "",
  "city": "",
  "state": "",
  "county": "",
  "country": "",
  "region": "",
  "subregion": "",
  "locale": "",
  "locus": "",
  "excavation": "",
  "river": "",
  "classification": "Metalwork-Copper alloy",
  "rightsAndReproduction": "",
  "linkResource": "",
  "metadataDate": "2021-03-25T04:38:15.3Z",
  "repository": "Metropolitan Museum of Art, New York, NY",
  "objectURL": "https://www.metmuseum.org/art/collection/search/475514",
  "tags": [
    {
      "term": "Candlesticks",
      "AAT_URL": "http://vocab.getty.edu/page/aat/300037588",
      "Wikidata_URL": "https://www.wikidata.org/wiki/Q151771"
    }
  ],
  "objectWikidata_URL": "",
  "isTimelineWork": false,
  "GalleryNumber": "",
  "prov": "Louise W. Tripp (sold 1940)"
}