{
  "objectID": 476328,
  "isHighlight": false,
  "accessionNumber": "2004.453",
  "accessionYear": "2004",
  "isPublicDomain": true,
  "primaryImage": "https://images.metmuseum.org/CRDImages/cl/original/DP366927.jpg",
  "primaryImageSmall": "https://images.metmuseum.org/CRDImages/cl/web-large/DP366927.jpg",
  "additionalImages": [
    "https://images.metmuseum.org/CRDImages/cl/original/DP366928.jpg",
    "https://images.metmuseum.org/CRDImages/cl/original/DT11698.jpg",
    "https://images.metmuseum.org/CRDImages/cl/original/MED1196.jpg",
    "https://images.metmuseum.org/CRDImages/cl/original/MED1195.jpg"
  ],
  "constituents": null,
  "department": "The Cloisters",
  "objectName": "Statue head",
  "title": "Head of an Apostle",
  "culture": "German",
  "period": "",
  "dynasty": "",
  "reign": "",
  "portfolio": "",
  "artistRole": "",
  "artistPrefix": "",
  "artistDisplayName": "",
  "artistDisplayBio": "",
  "artistSuffix": "",
  "artistAlphaSort": "",
  "artistNationality": "",
  "artistBeginDate": "",
  "artistEndDate": "",
  "artistGender": "",
  "artistWikidata_URL": "",
  "artistULAN_URL": "",
  "objectDate": "ca. 1280\u20131300",
  "objectBeginDate": 1280,
  "objectEndDate": 1300,
  "medium": "Sandstone",
  "dimensions": "11 13/16 \u00d7 10 1/8 \u00d7 9 3/4 in. (30 \u00d7 25.7 \u00d7 24.8 cm)",
  "measurements": [
    {
      "elementName": "Overall",
      "elementDescription": null,
      "elementMeasurements": {
        "Depth": 24.765,
        "Height": 30,
        "Width": 25.7176
      }
    },
    {
      "elementName": "Base",
      "elementDescription": null,
      "elementMeasurements": {
        "Depth": 13.7,
        "Height": 20,
        "Width": 13.7
      }
    },
    {
      "elementName": "Overall",
      "elementDescription": "with mount",
      "elementMeasurements": {
        "Depth": 24.765,
        "Height": 50.6414,
        "Width": 25.7176
      }
    }
  ],
  "creditLine": "The Cloisters Collection, 2004",
  "geographyType": "Made in",
  "city": "probably Strasbourg",
  "state": "Alsace",
  "county": "",
  "country": "present-day France",
  "region": "",
  "subregion": "",
  "locale": "",
  "locus": "",
  "excavation": "",
  "river": "",
  "classification": "Sculpture-Stone",
  "rightsAndReproduction": "",
  "linkResource": "",
  "metadataDate": "2021-07-16T04:41:38.683Z",
  "repository": "Metropolitan Museum of Art, New York, NY",
  "objectURL": "https://www.metmuseum.org/art/collection/search/476328",
  "tags": [
    {
      "term": "Heads",
      "AAT_URL": "http://vocab.getty.edu/page/aat/300375054",
      "Wikidata_URL": "https://www.wikidata.org/wiki/Q3409626"
    },
    {
      "term": "Apostles",
      "AAT_URL": "http://vocab.getty.edu/page/aat/300343837",
      "Wikidata_URL": "https://www.wikidata.org/wiki/Q43412"
    },
    {
      "term": "Men",
      "AAT_URL": "http://vocab.getty.edu/page/aat/300025928",
      "Wikidata_URL": "https://www.wikidata.org/wiki/Q8441"
    }
  ],
  "objectWikidata_URL": "",
  "isTimelineWork": true,
  "GalleryNumber": "008",
  "prov": "Corinne de Rosorduc, Brussels (by 1993\u20132003) ; [ Privart S.A., Geneva (2003-sold 2004)]"
}