{
  "objectID": 476524,
  "isHighlight": false,
  "accessionNumber": "2005.141",
  "accessionYear": "2005",
  "isPublicDomain": true,
  "primaryImage": "https://images.metmuseum.org/CRDImages/cl/original/DP118428.jpg",
  "primaryImageSmall": "https://images.metmuseum.org/CRDImages/cl/web-large/DP118428.jpg",
  "additionalImages": [],
  "constituents": null,
  "department": "The Cloisters",
  "objectName": "Roundel",
  "title": "Angel Supporting a Heraldic Shield",
  "culture": "South Netherlandish",
  "period": "",
  "dynasty": "",
  "reign": "",
  "portfolio": "",
  "artistRole": "",
  "artistPrefix": "",
  "artistDisplayName": "",
  "artistDisplayBio": "",
  "artistSuffix": "",
  "artistAlphaSort": "",
  "artistNationality": "",
  "artistBeginDate": "",
  "artistEndDate": "",
  "artistGender": "",
  "artistWikidata_URL": "",
  "artistULAN_URL": "",
  "objectDate": "1505\u201315",
  "objectBeginDate": 1505,
  "objectEndDate": 1515,
  "medium": "Glass, vitreous paint, sanguine, enamel, and silver stain",
  "dimensions": "11 3/16 \u00d7 1/4 in. (28.4 \u00d7 0.7 cm)",
  "measurements": [
    {
      "elementName": "Overall",
      "elementDescription": null,
      "elementMeasurements": {
        "Diameter": 28.416307,
        "Thickness": 0.7
      }
    }
  ],
  "creditLine": "The Cloisters Collection, 2005",
  "geographyType": "Made in",
  "city": "",
  "state": "Possibly Brabant",
  "county": "",
  "country": "South Netherlands",
  "region": "",
  "subregion": "",
  "locale": "",
  "locus": "",
  "excavation": "",
  "river": "",
  "classification": "Glass-Stained",
  "rightsAndReproduction": "",
  "linkResource": "",
  "metadataDate": "2021-03-30T04:40:03.88Z",
  "repository": "Metropolitan Museum of Art, New York, NY",
  "objectURL": "https://www.metmuseum.org/art/collection/search/476524",
  "tags": [
    {
      "term": "Angels",
      "AAT_URL": "http://vocab.getty.edu/page/aat/300379004",
      "Wikidata_URL": "https://www.wikidata.org/wiki/Q235113"
    },
    {
      "term": "Birds",
      "AAT_URL": "http://vocab.getty.edu/page/aat/300266506",
      "Wikidata_URL": "https://www.wikidata.org/wiki/Q5113"
    },
    {
      "term": "Coat of Arms",
      "AAT_URL": "http://vocab.getty.edu/page/aat/300126352",
      "Wikidata_URL": "https://www.wikidata.org/wiki/Q14659"
    }
  ],
  "objectWikidata_URL": "https://www.wikidata.org/wiki/Q20201247",
  "isTimelineWork": false,
  "GalleryNumber": "",
  "prov": "[ Gallery Barbara Giesicke German, Badenweiler (until 2005)]"
}