{
  "objectID": 476545,
  "isHighlight": false,
  "accessionNumber": "2005.274",
  "accessionYear": "2005",
  "isPublicDomain": true,
  "primaryImage": "https://images.metmuseum.org/CRDImages/cl/original/DP166638.jpg",
  "primaryImageSmall": "https://images.metmuseum.org/CRDImages/cl/web-large/DP166638.jpg",
  "additionalImages": [
    "https://images.metmuseum.org/CRDImages/cl/original/DP166634.jpg",
    "https://images.metmuseum.org/CRDImages/cl/original/DP166635.jpg",
    "https://images.metmuseum.org/CRDImages/cl/original/DP166636.jpg",
    "https://images.metmuseum.org/CRDImages/cl/original/DP166637.jpg"
  ],
  "constituents": null,
  "department": "The Cloisters",
  "objectName": "Corpus",
  "title": "Crucified Christ",
  "culture": "Northern European",
  "period": "",
  "dynasty": "",
  "reign": "",
  "portfolio": "",
  "artistRole": "",
  "artistPrefix": "",
  "artistDisplayName": "",
  "artistDisplayBio": "",
  "artistSuffix": "",
  "artistAlphaSort": "",
  "artistNationality": "",
  "artistBeginDate": "",
  "artistEndDate": "",
  "artistGender": "",
  "artistWikidata_URL": "",
  "artistULAN_URL": "",
  "objectDate": "ca. 1300",
  "objectBeginDate": 1300,
  "objectEndDate": 1300,
  "medium": "Walrus ivory with traces of paint and gilding",
  "dimensions": "Overall: 7 9/16 x 2 1/16 x 1 3/8 in. (19.2 x 5.3 x 3.5 cm)",
  "measurements": [
    {
      "elementName": "Overall",
      "elementDescription": null,
      "elementMeasurements": {
        "Depth": 3.5,
        "Height": 19.2088,
        "Width": 5.3
      }
    }
  ],
  "creditLine": "The Cloisters Collection, 2005",
  "geographyType": "",
  "city": "",
  "state": "",
  "county": "",
  "country": "",
  "region": "",
  "subregion": "",
  "locale": "",
  "locus": "",
  "excavation": "",
  "river": "",
  "classification": "Ivories",
  "rightsAndReproduction": "",
  "linkResource": "",
  "metadataDate": "2021-07-16T04:41:38.683Z",
  "repository": "Metropolitan Museum of Art, New York, NY",
  "objectURL": "https://www.metmuseum.org/art/collection/search/476545",
  "tags": [
    {
      "term": "Christ",
      "AAT_URL": "http://vocab.getty.edu/page/ia/901000087",
      "Wikidata_URL": "https://www.wikidata.org/wiki/Q642420"
    },
    {
      "term": "Crucifixion",
      "AAT_URL": "http://vocab.getty.edu/page/aat/300404300",
      "Wikidata_URL": "https://www.wikidata.org/wiki/Q3235597"
    }
  ],
  "objectWikidata_URL": "https://www.wikidata.org/wiki/Q20201249",
  "isTimelineWork": true,
  "GalleryNumber": "014",
  "prov": "Private Collection, Argentina (ca. 1964-2004) ; [ Arte y Antiguedates, Buenos Aires (2004)] ; [ Brimo de Laroussilhe, Paris (2004\u201305)]"
}