{
  "objectID": 477237,
  "isHighlight": false,
  "accessionNumber": "2006.255",
  "accessionYear": "2006",
  "isPublicDomain": true,
  "primaryImage": "https://images.metmuseum.org/CRDImages/cl/original/tr110-2006s1.jpg",
  "primaryImageSmall": "https://images.metmuseum.org/CRDImages/cl/web-large/tr110-2006s1.jpg",
  "additionalImages": [
    "https://images.metmuseum.org/CRDImages/cl/original/tr110-2006d1.jpg",
    "https://images.metmuseum.org/CRDImages/cl/original/tr110-2006d2.jpg"
  ],
  "constituents": null,
  "department": "The Cloisters",
  "objectName": "Embroideries",
  "title": "Embroideries with Allegorical Scenes",
  "culture": "German",
  "period": "",
  "dynasty": "",
  "reign": "",
  "portfolio": "",
  "artistRole": "",
  "artistPrefix": "",
  "artistDisplayName": "",
  "artistDisplayBio": "",
  "artistSuffix": "",
  "artistAlphaSort": "",
  "artistNationality": "",
  "artistBeginDate": "",
  "artistEndDate": "",
  "artistGender": "",
  "artistWikidata_URL": "",
  "artistULAN_URL": "",
  "objectDate": "ca. 1450",
  "objectBeginDate": 1450,
  "objectEndDate": 1450,
  "medium": "Silk and linen on woven linen ground with applied red pigment and black under- and overdrawing",
  "dimensions": "Overall: 11 9/16 x 25 in. (29.3 x 63.5 cm)",
  "measurements": [
    {
      "elementName": "Overall",
      "elementDescription": null,
      "elementMeasurements": {
        "Height": 29.3,
        "Width": 63.5001
      }
    }
  ],
  "creditLine": "The Cloisters Collection, 2006",
  "geographyType": "Made in",
  "city": "",
  "state": "Lower Saxony",
  "county": "",
  "country": "Germany",
  "region": "",
  "subregion": "",
  "locale": "",
  "locus": "",
  "excavation": "",
  "river": "",
  "classification": "Textiles-Embroidered",
  "rightsAndReproduction": "",
  "linkResource": "",
  "metadataDate": "2021-03-30T04:40:03.88Z",
  "repository": "Metropolitan Museum of Art, New York, NY",
  "objectURL": "https://www.metmuseum.org/art/collection/search/477237",
  "tags": [
    {
      "term": "Birds",
      "AAT_URL": "http://vocab.getty.edu/page/aat/300266506",
      "Wikidata_URL": "https://www.wikidata.org/wiki/Q5113"
    },
    {
      "term": "Dogs",
      "AAT_URL": "http://vocab.getty.edu/page/aat/300265714",
      "Wikidata_URL": "https://www.wikidata.org/wiki/Q144"
    },
    {
      "term": "Allegory",
      "AAT_URL": "http://vocab.getty.edu/page/aat/300055866",
      "Wikidata_URL": "https://www.wikidata.org/wiki/Q18535"
    },
    {
      "term": "Men",
      "AAT_URL": "http://vocab.getty.edu/page/aat/300025928",
      "Wikidata_URL": "https://www.wikidata.org/wiki/Q8441"
    },
    {
      "term": "Women",
      "AAT_URL": "http://vocab.getty.edu/page/aat/300025943",
      "Wikidata_URL": "https://www.wikidata.org/wiki/Q467"
    }
  ],
  "objectWikidata_URL": "",
  "isTimelineWork": false,
  "GalleryNumber": "",
  "prov": "Cora Ginsburg (sold 2006)"
}