{
  "objectID": 477363,
  "isHighlight": false,
  "accessionNumber": "1993.251.2a, b",
  "accessionYear": "1993",
  "isPublicDomain": true,
  "primaryImage": "https://images.metmuseum.org/CRDImages/cl/original/DP369310.jpg",
  "primaryImageSmall": "https://images.metmuseum.org/CRDImages/cl/web-large/DP369310.jpg",
  "additionalImages": [
    "https://images.metmuseum.org/CRDImages/cl/original/cdiAltenberg-in-situ.jpg"
  ],
  "constituents": null,
  "department": "The Cloisters",
  "objectName": "Panel",
  "title": "Virgin of the Annunciation",
  "culture": "German",
  "period": "",
  "dynasty": "",
  "reign": "",
  "portfolio": "",
  "artistRole": "",
  "artistPrefix": "",
  "artistDisplayName": "",
  "artistDisplayBio": "",
  "artistSuffix": "",
  "artistAlphaSort": "",
  "artistNationality": "",
  "artistBeginDate": "",
  "artistEndDate": "",
  "artistGender": "",
  "artistWikidata_URL": "",
  "artistULAN_URL": "",
  "objectDate": "ca. 1290\u20131300",
  "objectBeginDate": 1290,
  "objectEndDate": 1300,
  "medium": "Pot-metal glass and vitreous paint",
  "dimensions": "29 3/8 in. \u00d7 14 in. (74.6 \u00d7 35.6 cm)",
  "measurements": [
    {
      "elementName": "Overall",
      "elementDescription": null,
      "elementMeasurements": {
        "Height": 74.6,
        "Width": 35.56007
      }
    }
  ],
  "creditLine": "The Cloisters Collection, 1993",
  "geographyType": "Made in",
  "city": "Altenberg-an-der-Lahn",
  "state": "Hesse",
  "county": "",
  "country": "Germany",
  "region": "",
  "subregion": "",
  "locale": "",
  "locus": "",
  "excavation": "",
  "river": "",
  "classification": "Glass-Stained",
  "rightsAndReproduction": "",
  "linkResource": "",
  "metadataDate": "2021-11-09T04:35:24.483Z",
  "repository": "Metropolitan Museum of Art, New York, NY",
  "objectURL": "https://www.metmuseum.org/art/collection/search/477363",
  "tags": [
    {
      "term": "Virgin Mary",
      "AAT_URL": "http://vocab.getty.edu/page/ia/901000032",
      "Wikidata_URL": "https://www.wikidata.org/wiki/Q345"
    }
  ],
  "objectWikidata_URL": "https://www.wikidata.org/wiki/Q20200948",
  "isTimelineWork": false,
  "GalleryNumber": "008",
  "prov": "From the Premonstratensian convent church at Altenberg-an-der-Lahn, near Wetzlar; Count Franz I zu Erbach-Erbach, Schloss Erbach (by 1805) ; by descent to the Counts of Erbach-Erbach, Schloss Erbach (until after World War II) ; Georg Hartmann Germany, Frankfurt (by 1952) ; Private Collection, Frankfurt (sold 1992) ; [ Sotheby's, London British (December 10, 1992, lot 25)]"
}