{
  "objectID": 477362,
  "isHighlight": false,
  "accessionNumber": "2003.478.2a, b",
  "accessionYear": "2003",
  "isPublicDomain": true,
  "primaryImage": "https://images.metmuseum.org/CRDImages/cl/original/DP369312.jpg",
  "primaryImageSmall": "https://images.metmuseum.org/CRDImages/cl/web-large/DP369312.jpg",
  "additionalImages": [
    "https://images.metmuseum.org/CRDImages/cl/original/DT5644.jpg",
    "https://images.metmuseum.org/CRDImages/cl/original/cdiAltenberg-in-situ.jpg"
  ],
  "constituents": null,
  "department": "The Cloisters",
  "objectName": "Stained glass panel",
  "title": "The Adoration of the Magi",
  "culture": "German",
  "period": "",
  "dynasty": "",
  "reign": "",
  "portfolio": "",
  "artistRole": "",
  "artistPrefix": "",
  "artistDisplayName": "",
  "artistDisplayBio": "",
  "artistSuffix": "",
  "artistAlphaSort": "",
  "artistNationality": "",
  "artistBeginDate": "",
  "artistEndDate": "",
  "artistGender": "",
  "artistWikidata_URL": "",
  "artistULAN_URL": "",
  "objectDate": "ca. 1290\u20131300",
  "objectBeginDate": 1290,
  "objectEndDate": 1300,
  "medium": "Pot-metal glass and vitreous paint",
  "dimensions": "30 1/4 \u00d7 14 in. (76.8 \u00d7 35.6 cm)",
  "measurements": [
    {
      "elementName": "Overall",
      "elementDescription": null,
      "elementMeasurements": {
        "Height": 76.83515,
        "Width": 35.56007
      }
    }
  ],
  "creditLine": "The Cloisters Collection, 2003",
  "geographyType": "Made in",
  "city": "Altenberg-an-der-Lahn",
  "state": "Hesse",
  "county": "",
  "country": "Germany",
  "region": "",
  "subregion": "",
  "locale": "",
  "locus": "",
  "excavation": "",
  "river": "",
  "classification": "Glass-Stained",
  "rightsAndReproduction": "",
  "linkResource": "",
  "metadataDate": "2021-07-16T04:41:38.683Z",
  "repository": "Metropolitan Museum of Art, New York, NY",
  "objectURL": "https://www.metmuseum.org/art/collection/search/477362",
  "tags": [
    {
      "term": "Christ",
      "AAT_URL": "http://vocab.getty.edu/page/ia/901000087",
      "Wikidata_URL": "https://www.wikidata.org/wiki/Q642420"
    },
    {
      "term": "Virgin Mary",
      "AAT_URL": "http://vocab.getty.edu/page/ia/901000032",
      "Wikidata_URL": "https://www.wikidata.org/wiki/Q345"
    },
    {
      "term": "Adoration of the Magi",
      "AAT_URL": "http://vocab.getty.edu/page/ia/901000083",
      "Wikidata_URL": "https://www.wikidata.org/wiki/Q488841"
    }
  ],
  "objectWikidata_URL": "https://www.wikidata.org/wiki/Q20201255",
  "isTimelineWork": false,
  "GalleryNumber": "008",
  "prov": "From the Premonstratensian convent church at Altenberg-an-der-Lahn, near Wetzlar; Count Franz I zu Erbach-Erbach, Schloss Erbach (by 1805) ; by descent to the Counts of Erbach, Schloss Erbach (until after World War II) ; Georg Hartmann Germany, Frankfurt (by 1952) ; Private Collection, Frankfurt (until 2003) ; [ Sam Fogg Ltd., London (sold 2003)]"
}