{
  "objectID": 478976,
  "isHighlight": false,
  "accessionNumber": "2010.28",
  "accessionYear": "2010",
  "isPublicDomain": true,
  "primaryImage": "https://images.metmuseum.org/CRDImages/cl/original/DP229438.jpg",
  "primaryImageSmall": "https://images.metmuseum.org/CRDImages/cl/web-large/DP229438.jpg",
  "additionalImages": [
    "https://images.metmuseum.org/CRDImages/cl/original/DP231737.jpg"
  ],
  "constituents": null,
  "department": "The Cloisters",
  "objectName": "Embroidery fragment",
  "title": "Embroidery Fragment",
  "culture": "Swiss",
  "period": "",
  "dynasty": "",
  "reign": "",
  "portfolio": "",
  "artistRole": "",
  "artistPrefix": "",
  "artistDisplayName": "",
  "artistDisplayBio": "",
  "artistSuffix": "",
  "artistAlphaSort": "",
  "artistNationality": "",
  "artistBeginDate": "",
  "artistEndDate": "",
  "artistGender": "",
  "artistWikidata_URL": "",
  "artistULAN_URL": "",
  "objectDate": "14th century",
  "objectBeginDate": 1300,
  "objectEndDate": 1400,
  "medium": "Silk embroidery on linen plain weave",
  "dimensions": "Overall: 13 1/4 x 21 1/16 in. (33.7 x 53.5 cm)",
  "measurements": [
    {
      "elementName": "Overall",
      "elementDescription": null,
      "elementMeasurements": {
        "Height": 33.655067,
        "Width": 53.498856
      }
    },
    {
      "elementName": "Framed",
      "elementDescription": "mount",
      "elementMeasurements": {
        "Depth": 2.8575058,
        "Height": 48.8951,
        "Width": 67.310135
      }
    }
  ],
  "creditLine": "The Cloisters Collection, 2010",
  "geographyType": "",
  "city": "",
  "state": "",
  "county": "",
  "country": "",
  "region": "",
  "subregion": "",
  "locale": "",
  "locus": "",
  "excavation": "",
  "river": "",
  "classification": "Textiles-Embroidered",
  "rightsAndReproduction": "",
  "linkResource": "",
  "metadataDate": "2021-07-16T04:41:38.683Z",
  "repository": "Metropolitan Museum of Art, New York, NY",
  "objectURL": "https://www.metmuseum.org/art/collection/search/478976",
  "tags": [
    {
      "term": "Birds",
      "AAT_URL": "http://vocab.getty.edu/page/aat/300266506",
      "Wikidata_URL": "https://www.wikidata.org/wiki/Q5113"
    }
  ],
  "objectWikidata_URL": "",
  "isTimelineWork": false,
  "GalleryNumber": "",
  "prov": "Leopold Ikl\u00e9, Saint Gall, Switzerland and family by descent ; sale, Christie's, London, December 4, 2007, lot 15) ; [ Sam Fogg Ltd., London (sold 2010)]"
}