{
  "objectID": 478988,
  "isHighlight": false,
  "accessionNumber": "2010.468",
  "accessionYear": "2010",
  "isPublicDomain": true,
  "primaryImage": "https://images.metmuseum.org/CRDImages/cl/original/DP244587.jpg",
  "primaryImageSmall": "https://images.metmuseum.org/CRDImages/cl/web-large/DP244587.jpg",
  "additionalImages": [
    "https://images.metmuseum.org/CRDImages/cl/original/DP244588.jpg",
    "https://images.metmuseum.org/CRDImages/cl/original/DP245676.jpg",
    "https://images.metmuseum.org/CRDImages/cl/original/DP245678.jpg",
    "https://images.metmuseum.org/CRDImages/cl/original/tr16-2-2010s5.jpg",
    "https://images.metmuseum.org/CRDImages/cl/original/tr16-2-2010s6.jpg"
  ],
  "constituents": null,
  "department": "The Cloisters",
  "objectName": "Pitcher",
  "title": "Pitcher",
  "culture": "French",
  "period": "",
  "dynasty": "",
  "reign": "",
  "portfolio": "",
  "artistRole": "",
  "artistPrefix": "",
  "artistDisplayName": "",
  "artistDisplayBio": "",
  "artistSuffix": "",
  "artistAlphaSort": "",
  "artistNationality": "",
  "artistBeginDate": "",
  "artistEndDate": "",
  "artistGender": "",
  "artistWikidata_URL": "",
  "artistULAN_URL": "",
  "objectDate": "13th century",
  "objectBeginDate": 1200,
  "objectEndDate": 1300,
  "medium": "Earthenware, partially covered with a green lead glaze",
  "dimensions": "11 5/16 \u00d7 5 3/8 \u00d7 6 15/16 in. (28.8 \u00d7 13.7 \u00d7 17.7 cm)",
  "measurements": [
    {
      "elementName": "Overall",
      "elementDescription": null,
      "elementMeasurements": {
        "Depth": 17.7,
        "Height": 28.8,
        "Width": 13.7
      }
    }
  ],
  "creditLine": "Purchase, Gift of The Hearst Foundation, by exchange, 2010",
  "geographyType": "",
  "city": "",
  "state": "",
  "county": "",
  "country": "",
  "region": "",
  "subregion": "",
  "locale": "",
  "locus": "",
  "excavation": "",
  "river": "",
  "classification": "Ceramics",
  "rightsAndReproduction": "",
  "linkResource": "",
  "metadataDate": "2021-03-30T04:40:03.88Z",
  "repository": "Metropolitan Museum of Art, New York, NY",
  "objectURL": "https://www.metmuseum.org/art/collection/search/478988",
  "tags": [
    {
      "term": "Pitchers",
      "AAT_URL": "http://vocab.getty.edu/page/aat/300194765",
      "Wikidata_URL": "https://www.wikidata.org/wiki/Q132397"
    }
  ],
  "objectWikidata_URL": "",
  "isTimelineWork": false,
  "GalleryNumber": "010",
  "prov": "Pierre-Richard Royer Paris, Paris ; [ Sam Fogg Ltd., London]"
}