{
  "objectID": 479463,
  "isHighlight": false,
  "accessionNumber": "2010.521",
  "accessionYear": "2010",
  "isPublicDomain": true,
  "primaryImage": "https://images.metmuseum.org/CRDImages/cl/original/DP249708.jpg",
  "primaryImageSmall": "https://images.metmuseum.org/CRDImages/cl/web-large/DP249708.jpg",
  "additionalImages": [
    "https://images.metmuseum.org/CRDImages/cl/original/DP247788.jpg"
  ],
  "constituents": null,
  "department": "The Cloisters",
  "objectName": "Beaker",
  "title": "Beaker",
  "culture": "German or Swiss",
  "period": "",
  "dynasty": "",
  "reign": "",
  "portfolio": "",
  "artistRole": "",
  "artistPrefix": "",
  "artistDisplayName": "",
  "artistDisplayBio": "",
  "artistSuffix": "",
  "artistAlphaSort": "",
  "artistNationality": "",
  "artistBeginDate": "",
  "artistEndDate": "",
  "artistGender": "",
  "artistWikidata_URL": "",
  "artistULAN_URL": "",
  "objectDate": "late 13th\u2013early 14th century",
  "objectBeginDate": 1280,
  "objectEndDate": 1320,
  "medium": "Free-blown glass with applied decoration",
  "dimensions": "3 9/16 \u00d7 3 5/16 in. (9.1 \u00d7 8.4 cm)",
  "measurements": [
    {
      "elementName": "Overall",
      "elementDescription": null,
      "elementMeasurements": {
        "Diameter": 8.4,
        "Height": 9.1
      }
    }
  ],
  "creditLine": "The Cloisters Collection, 2010",
  "geographyType": "",
  "city": "",
  "state": "",
  "county": "",
  "country": "",
  "region": "",
  "subregion": "",
  "locale": "",
  "locus": "",
  "excavation": "",
  "river": "",
  "classification": "Glass-Vessels",
  "rightsAndReproduction": "",
  "linkResource": "",
  "metadataDate": "2021-07-16T04:41:38.683Z",
  "repository": "Metropolitan Museum of Art, New York, NY",
  "objectURL": "https://www.metmuseum.org/art/collection/search/479463",
  "tags": null,
  "objectWikidata_URL": "",
  "isTimelineWork": false,
  "GalleryNumber": "010",
  "prov": "Private Collection, Germany (from 1960s\u20132010) ; [ W. Bastiaan Blok, Noordwijk, The Netherlands (sold 2010)]"
}