{
  "objectID": 479486,
  "isHighlight": false,
  "accessionNumber": "34.115.1\u2013.269",
  "accessionYear": "1934",
  "isPublicDomain": true,
  "primaryImage": "https://images.metmuseum.org/CRDImages/cl/original/DP255163.jpg",
  "primaryImageSmall": "https://images.metmuseum.org/CRDImages/cl/web-large/DP255163.jpg",
  "additionalImages": [
    "https://images.metmuseum.org/CRDImages/cl/original/DP255159.jpg",
    "https://images.metmuseum.org/CRDImages/cl/original/cdi34-115-1a.jpg",
    "https://images.metmuseum.org/CRDImages/cl/original/cdi34-115-1-269.jpg",
    "https://images.metmuseum.org/CRDImages/cl/original/DP132215.jpg",
    "https://images.metmuseum.org/CRDImages/cl/original/cdi34-115-4.jpg"
  ],
  "constituents": null,
  "department": "The Cloisters",
  "objectName": "Chapel",
  "title": "Chapel from Notre-Dame-du-Bourg at Langon",
  "culture": "French",
  "period": "",
  "dynasty": "",
  "reign": "",
  "portfolio": "",
  "artistRole": "",
  "artistPrefix": "",
  "artistDisplayName": "",
  "artistDisplayBio": "",
  "artistSuffix": "",
  "artistAlphaSort": "",
  "artistNationality": "",
  "artistBeginDate": "",
  "artistEndDate": "",
  "artistGender": "",
  "artistWikidata_URL": "",
  "artistULAN_URL": "",
  "objectDate": "after 1126",
  "objectBeginDate": 1126,
  "objectEndDate": 1126,
  "medium": "Limestone",
  "dimensions": "15 ft. 4 in. \u00d7 18 ft. 8 in. \u00d7 23 ft. 10 in. (467.4 \u00d7 569 \u00d7 726.4 cm)",
  "measurements": [
    {
      "elementName": "Overall",
      "elementDescription": "34.115.1b",
      "elementMeasurements": {
        "Height": 16.510033,
        "Width": 66.67513
      }
    },
    {
      "elementName": "Overall",
      "elementDescription": "34.115.8a",
      "elementMeasurements": {
        "Height": 28.575058,
        "Width": 42.545086
      }
    },
    {
      "elementName": "Overall",
      "elementDescription": "34.115.7a",
      "elementMeasurements": {
        "Height": 43.180088,
        "Width": 120.65024
      }
    },
    {
      "elementName": "Overall",
      "elementDescription": "34.115.5b",
      "elementMeasurements": {
        "Height": 17.780035,
        "Width": 38.100075
      }
    },
    {
      "elementName": "Overall",
      "elementDescription": "34.115.4a",
      "elementMeasurements": {
        "Height": 39.37008,
        "Width": 73.66015
      }
    },
    {
      "elementName": "Overall",
      "elementDescription": "34.115.3a",
      "elementMeasurements": {
        "Height": 27.305054,
        "Width": 51.435104
      }
    },
    {
      "elementName": "Overall",
      "elementDescription": null,
      "elementMeasurements": {
        "Height": 467.36093,
        "Length": 726.44147,
        "Width": 568.9611
      }
    },
    {
      "elementName": "Overall",
      "elementDescription": "34.115.1a",
      "elementMeasurements": {
        "Height": 27.940056,
        "Width": 54.610107
      }
    },
    {
      "elementName": "Overall",
      "elementDescription": "34.115.8b",
      "elementMeasurements": {
        "Height": 17.145035,
        "Width": 62.865128
      }
    },
    {
      "elementName": "Overall",
      "elementDescription": "34.115.6a",
      "elementMeasurements": {
        "Height": 42.545086,
        "Width": 121.92024
      }
    },
    {
      "elementName": "Overall",
      "elementDescription": "34.115.2b",
      "elementMeasurements": {
        "Height": 17.145035,
        "Width": 65.40513
      }
    },
    {
      "elementName": "Overall",
      "elementDescription": "34.115.30",
      "elementMeasurements": {
        "Height": 40.64008,
        "Width": 41.910084
      }
    },
    {
      "elementName": "Overall",
      "elementDescription": "34.115.7c",
      "elementMeasurements": {
        "Height": 19.68504,
        "Width": 88.265175
      }
    },
    {
      "elementName": "Overall",
      "elementDescription": "34.115.5c",
      "elementMeasurements": {
        "Height": 17.780035,
        "Width": 59.05512
      }
    },
    {
      "elementName": "Overall",
      "elementDescription": "34.115.2a",
      "elementMeasurements": {
        "Height": 29.210058,
        "Width": 51.435104
      }
    },
    {
      "elementName": "Overall",
      "elementDescription": "34.115.7b",
      "elementMeasurements": {
        "Height": 19.68504,
        "Width": 83.82017
      }
    },
    {
      "elementName": "Overall",
      "elementDescription": "34.115.6b",
      "elementMeasurements": {
        "Height": 17.780035,
        "Width": 53.340107
      }
    },
    {
      "elementName": "Overall",
      "elementDescription": "34.115.5a",
      "elementMeasurements": {
        "Height": 40.64008,
        "Width": 78.74016
      }
    },
    {
      "elementName": "Overall",
      "elementDescription": "34.115.4b",
      "elementMeasurements": {
        "Height": 19.68504,
        "Width": 84.45517
      }
    },
    {
      "elementName": "Overall",
      "elementDescription": "34.115.3b",
      "elementMeasurements": {
        "Height": 17.145035,
        "Width": 67.94514
      }
    }
  ],
  "creditLine": "Rogers Fund,1934",
  "geographyType": "Made in",
  "city": "",
  "state": "Aquitaine",
  "county": "",
  "country": "France",
  "region": "",
  "subregion": "",
  "locale": "",
  "locus": "",
  "excavation": "",
  "river": "",
  "classification": "Installations",
  "rightsAndReproduction": "",
  "linkResource": "",
  "metadataDate": "2021-07-16T04:41:38.683Z",
  "repository": "Metropolitan Museum of Art, New York, NY",
  "objectURL": "https://www.metmuseum.org/art/collection/search/479486",
  "tags": null,
  "objectWikidata_URL": "",
  "isTimelineWork": false,
  "GalleryNumber": "004",
  "prov": "From the choir of the church of Notre-Dame-du-Bourg at Langon, near Bordeaux\r\n; Dubois, Langon ; [ C. Joret, Paris (sold 1934)]"
}