{
  "objectID": 479576,
  "isHighlight": false,
  "accessionNumber": "2011.20.6",
  "accessionYear": "2011",
  "isPublicDomain": true,
  "primaryImage": "https://images.metmuseum.org/CRDImages/cl/original/DP280714.jpg",
  "primaryImageSmall": "https://images.metmuseum.org/CRDImages/cl/web-large/DP280714.jpg",
  "additionalImages": [
    "https://images.metmuseum.org/CRDImages/cl/original/DP280715.jpg"
  ],
  "constituents": null,
  "department": "The Cloisters",
  "objectName": "Manuscript leaf",
  "title": "Initial \"V\" from the commentary of Nehemiah, one of six illustrated leaves from the Postilla Litteralis (Literal Commentary) of Nicholas of Lyra",
  "culture": "French",
  "period": "",
  "dynasty": "",
  "reign": "",
  "portfolio": "",
  "artistRole": "",
  "artistPrefix": "",
  "artistDisplayName": "",
  "artistDisplayBio": "",
  "artistSuffix": "",
  "artistAlphaSort": "",
  "artistNationality": "",
  "artistBeginDate": "",
  "artistEndDate": "",
  "artistGender": "",
  "artistWikidata_URL": "",
  "artistULAN_URL": "",
  "objectDate": "ca. 1360\u20131380",
  "objectBeginDate": 1360,
  "objectEndDate": 1380,
  "medium": "Opaque watercolor, iron-gall ink and gold on vellum",
  "dimensions": "16 1/2 x 9 3/4 in. (41.9 x 24.8 cm)\r\nMat: 22 \u00d7 16 in. (55.9 \u00d7 40.6 cm)",
  "measurements": [
    {
      "elementName": "Overall",
      "elementDescription": null,
      "elementMeasurements": {
        "Height": 41.910084,
        "Width": 24.765049
      }
    },
    {
      "elementName": "Mat",
      "elementDescription": null,
      "elementMeasurements": {
        "Height": 55.88011,
        "Width": 40.64008
      }
    }
  ],
  "creditLine": "The Cloisters Collection, 2011",
  "geographyType": "",
  "city": "",
  "state": "",
  "county": "",
  "country": "",
  "region": "",
  "subregion": "",
  "locale": "",
  "locus": "",
  "excavation": "",
  "river": "",
  "classification": "Manuscripts and Illuminations",
  "rightsAndReproduction": "",
  "linkResource": "",
  "metadataDate": "2021-11-05T04:36:56.68Z",
  "repository": "Metropolitan Museum of Art, New York, NY",
  "objectURL": "https://www.metmuseum.org/art/collection/search/479576",
  "tags": null,
  "objectWikidata_URL": "https://www.wikidata.org/wiki/Q20202003",
  "isTimelineWork": false,
  "GalleryNumber": "",
  "prov": "[ Sotheby's, London British, June 22, 1999, lot 12] ; Sch\u00f8yen collection, Oslo, Norway ; [ Sam Fogg Ltd., London (sold 2011)"
}