{
  "objectID": 479598,
  "isHighlight": false,
  "accessionNumber": "2011.430",
  "accessionYear": "2011",
  "isPublicDomain": true,
  "primaryImage": "https://images.metmuseum.org/CRDImages/cl/original/DP277385.jpg",
  "primaryImageSmall": "https://images.metmuseum.org/CRDImages/cl/web-large/DP277385.jpg",
  "additionalImages": [
    "https://images.metmuseum.org/CRDImages/cl/original/DP277386.jpg",
    "https://images.metmuseum.org/CRDImages/cl/original/DP278224.jpg",
    "https://images.metmuseum.org/CRDImages/cl/original/DP278225.jpg",
    "https://images.metmuseum.org/CRDImages/cl/original/DP278226.jpg",
    "https://images.metmuseum.org/CRDImages/cl/original/DP278227.jpg",
    "https://images.metmuseum.org/CRDImages/cl/original/DP278228.jpg",
    "https://images.metmuseum.org/CRDImages/cl/original/DP278229.jpg",
    "https://images.metmuseum.org/CRDImages/cl/original/DP278231.jpg",
    "https://images.metmuseum.org/CRDImages/cl/original/DP278233.jpg"
  ],
  "constituents": null,
  "department": "The Cloisters",
  "objectName": "Fragment",
  "title": "Textile Fragment with Unicorn, Deer, Centaur and Lion",
  "culture": "Scandinavian",
  "period": "",
  "dynasty": "",
  "reign": "",
  "portfolio": "",
  "artistRole": "",
  "artistPrefix": "",
  "artistDisplayName": "",
  "artistDisplayBio": "",
  "artistSuffix": "",
  "artistAlphaSort": "",
  "artistNationality": "",
  "artistBeginDate": "",
  "artistEndDate": "",
  "artistGender": "",
  "artistWikidata_URL": "",
  "artistULAN_URL": "",
  "objectDate": "ca. 1500",
  "objectBeginDate": 1495,
  "objectEndDate": 1505,
  "medium": "Wool intarsia and applique with gilt leather and linen embroidery",
  "dimensions": "52 3/4 \u00d7 52 3/8 in. (134 \u00d7 133 cm)\r\nFramed: 57 3/4 \u00d7 57 1/4 \u00d7 4 1/8 in. (146.7 \u00d7 145.4 \u00d7 10.5 cm)",
  "measurements": [
    {
      "elementName": "Framed",
      "elementDescription": null,
      "elementMeasurements": {
        "Depth": 10.477521,
        "Height": 146.68529,
        "Width": 145.41528
      }
    },
    {
      "elementName": "Overall",
      "elementDescription": null,
      "elementMeasurements": {
        "Height": 134,
        "Width": 133
      }
    }
  ],
  "creditLine": "The Cloisters Collection, 2011",
  "geographyType": "Made in",
  "city": "",
  "state": "",
  "county": "",
  "country": "Scandinavia (possibly Sweden)",
  "region": "",
  "subregion": "",
  "locale": "",
  "locus": "",
  "excavation": "",
  "river": "",
  "classification": "Textiles-Embroidered",
  "rightsAndReproduction": "",
  "linkResource": "",
  "metadataDate": "2021-08-28T04:36:25.667Z",
  "repository": "Metropolitan Museum of Art, New York, NY",
  "objectURL": "https://www.metmuseum.org/art/collection/search/479598",
  "tags": [
    {
      "term": "Centaurs",
      "AAT_URL": "http://vocab.getty.edu/page/aat/300379740",
      "Wikidata_URL": "https://www.wikidata.org/wiki/Q83203"
    },
    {
      "term": "Unicorns",
      "AAT_URL": "http://vocab.getty.edu/page/aat/300379595",
      "Wikidata_URL": "https://www.wikidata.org/wiki/Q7246"
    },
    {
      "term": "Deer",
      "AAT_URL": "http://vocab.getty.edu/page/aat/300250308",
      "Wikidata_URL": "https://www.wikidata.org/wiki/Q685795"
    },
    {
      "term": "Lions",
      "AAT_URL": "http://vocab.getty.edu/page/aat/300310388",
      "Wikidata_URL": "https://www.wikidata.org/wiki/Q140"
    }
  ],
  "objectWikidata_URL": "",
  "isTimelineWork": false,
  "GalleryNumber": "",
  "prov": "Mrs. Aline J. M. Waller-De Vries died 1983, Delft (from the late 1920s or 30s) ; Mr. Francois G. Waller, Delft (1983\u20132011) ; [ Art Consult B. V., Amsterdam (sold 2011 on behalf of Mr. Waller)]"
}