{
  "objectID": 479662,
  "isHighlight": false,
  "accessionNumber": "2012.114",
  "accessionYear": "2012",
  "isPublicDomain": true,
  "primaryImage": "https://images.metmuseum.org/CRDImages/cl/original/DP267889.jpg",
  "primaryImageSmall": "https://images.metmuseum.org/CRDImages/cl/web-large/DP267889.jpg",
  "additionalImages": [
    "https://images.metmuseum.org/CRDImages/cl/original/DP267881.jpg",
    "https://images.metmuseum.org/CRDImages/cl/original/DP272228.jpg",
    "https://images.metmuseum.org/CRDImages/cl/original/MedCloisFogg316s3.jpg"
  ],
  "constituents": null,
  "department": "The Cloisters",
  "objectName": "Jug",
  "title": "Face Jug",
  "culture": "British",
  "period": "",
  "dynasty": "",
  "reign": "",
  "portfolio": "",
  "artistRole": "",
  "artistPrefix": "",
  "artistDisplayName": "",
  "artistDisplayBio": "",
  "artistSuffix": "",
  "artistAlphaSort": "",
  "artistNationality": "",
  "artistBeginDate": "",
  "artistEndDate": "",
  "artistGender": "",
  "artistWikidata_URL": "",
  "artistULAN_URL": "",
  "objectDate": "14th century",
  "objectBeginDate": 1300,
  "objectEndDate": 1400,
  "medium": "Earthenware, green glaze",
  "dimensions": "3 1/8 \u00d7 1 11/16 \u00d7 2 7/16 in. (8 \u00d7 4.3 \u00d7 6.2 cm)",
  "measurements": [
    {
      "elementName": "Overall",
      "elementDescription": null,
      "elementMeasurements": {
        "Depth": 6.2,
        "Height": 8,
        "Width": 4.3
      }
    }
  ],
  "creditLine": "The Cloisters Collection, 2012",
  "geographyType": "",
  "city": "",
  "state": "",
  "county": "",
  "country": "",
  "region": "",
  "subregion": "",
  "locale": "",
  "locus": "",
  "excavation": "",
  "river": "",
  "classification": "Ceramics-Pottery",
  "rightsAndReproduction": "",
  "linkResource": "",
  "metadataDate": "2021-03-30T04:40:03.88Z",
  "repository": "Metropolitan Museum of Art, New York, NY",
  "objectURL": "https://www.metmuseum.org/art/collection/search/479662",
  "tags": [
    {
      "term": "Faces",
      "AAT_URL": "http://vocab.getty.edu/page/aat/300251798",
      "Wikidata_URL": "https://www.wikidata.org/wiki/Q37017"
    },
    {
      "term": "Jugs",
      "AAT_URL": "http://vocab.getty.edu/page/aat/300045685",
      "Wikidata_URL": "https://www.wikidata.org/wiki/Q2413314"
    }
  ],
  "objectWikidata_URL": "",
  "isTimelineWork": false,
  "GalleryNumber": "010",
  "prov": "Garry Atkins, London ; Jonathan Horne, London ; Syd Levethan, The Longridge Collection, USA ; Christie's, London (November 3, 2011, lot 6) ; [ Sam Fogg Ltd., London (2011\u2013sold 2012)]"
}