{
  "objectID": 479799,
  "isHighlight": false,
  "accessionNumber": "2013.647",
  "accessionYear": "2013",
  "isPublicDomain": true,
  "primaryImage": "https://images.metmuseum.org/CRDImages/cl/original/cdi2013-647s2.jpg",
  "primaryImageSmall": "https://images.metmuseum.org/CRDImages/cl/web-large/cdi2013-647s2.jpg",
  "additionalImages": [
    "https://images.metmuseum.org/CRDImages/cl/original/DP316971.jpg",
    "https://images.metmuseum.org/CRDImages/cl/original/cdi2013-647s1.jpg",
    "https://images.metmuseum.org/CRDImages/cl/original/cdi2013-647s3.jpg",
    "https://images.metmuseum.org/CRDImages/cl/original/cdi2013-647s4.jpg",
    "https://images.metmuseum.org/CRDImages/cl/original/cdi2013-647s5.jpg",
    "https://images.metmuseum.org/CRDImages/cl/original/DP316972.jpg"
  ],
  "constituents": null,
  "department": "The Cloisters",
  "objectName": "Flask",
  "title": "Pilgrim Flask with the Corpus Christi",
  "culture": "German",
  "period": "",
  "dynasty": "",
  "reign": "",
  "portfolio": "",
  "artistRole": "",
  "artistPrefix": "",
  "artistDisplayName": "",
  "artistDisplayBio": "",
  "artistSuffix": "",
  "artistAlphaSort": "",
  "artistNationality": "",
  "artistBeginDate": "",
  "artistEndDate": "",
  "artistGender": "",
  "artistWikidata_URL": "",
  "artistULAN_URL": "",
  "objectDate": "ca. 1490\u20131510",
  "objectBeginDate": 1490,
  "objectEndDate": 1510,
  "medium": "Free-blown glass with applied decoration",
  "dimensions": "7 1/2 \u00d7 4 5/16 \u00d7 3 7/16 in. (19.1 \u00d7 10.9 \u00d7 8.7 cm)\r\nMouth (ID): 11/16 in. (1.7 cm)",
  "measurements": [
    {
      "elementName": "Mouth",
      "elementDescription": "ID",
      "elementMeasurements": {
        "Diameter": 1.7
      }
    },
    {
      "elementName": "Overall",
      "elementDescription": null,
      "elementMeasurements": {
        "Depth": 8.7,
        "Height": 19.1,
        "Width": 10.9
      }
    }
  ],
  "creditLine": "The Cloisters Collection, 2013",
  "geographyType": "Made in",
  "city": "",
  "state": "Lower or Middle Rhine",
  "county": "",
  "country": "Germany",
  "region": "",
  "subregion": "",
  "locale": "",
  "locus": "",
  "excavation": "",
  "river": "",
  "classification": "Glass-Vessels",
  "rightsAndReproduction": "",
  "linkResource": "",
  "metadataDate": "2021-07-20T04:41:37.74Z",
  "repository": "Metropolitan Museum of Art, New York, NY",
  "objectURL": "https://www.metmuseum.org/art/collection/search/479799",
  "tags": [
    {
      "term": "Bottles",
      "AAT_URL": "http://vocab.getty.edu/page/aat/300045627",
      "Wikidata_URL": "https://www.wikidata.org/wiki/Q80228"
    },
    {
      "term": "Christ",
      "AAT_URL": "http://vocab.getty.edu/page/ia/901000087",
      "Wikidata_URL": "https://www.wikidata.org/wiki/Q642420"
    }
  ],
  "objectWikidata_URL": "",
  "isTimelineWork": false,
  "GalleryNumber": "010",
  "prov": "Said to have been found in Cologne in the 1950s; Private collection, Cologne (from the 1950s) ; Private Collection, Germany (in the 1970s) ; Kai Schmidt, Cologne (until 2010) ; [ Rainer Zietz Limited, London (2010\u201313)]"
}