{
  "objectID": 479798,
  "isHighlight": false,
  "accessionNumber": "2013.979",
  "accessionYear": "2013",
  "isPublicDomain": true,
  "primaryImage": "https://images.metmuseum.org/CRDImages/cl/original/DP318029.jpg",
  "primaryImageSmall": "https://images.metmuseum.org/CRDImages/cl/web-large/DP318029.jpg",
  "additionalImages": [],
  "constituents": null,
  "department": "The Cloisters",
  "objectName": "Roundel",
  "title": "Roundel with Saints Barbara and Catherine",
  "culture": "German",
  "period": "",
  "dynasty": "",
  "reign": "",
  "portfolio": "",
  "artistRole": "",
  "artistPrefix": "",
  "artistDisplayName": "",
  "artistDisplayBio": "",
  "artistSuffix": "",
  "artistAlphaSort": "",
  "artistNationality": "",
  "artistBeginDate": "",
  "artistEndDate": "",
  "artistGender": "",
  "artistWikidata_URL": "",
  "artistULAN_URL": "",
  "objectDate": "ca. 1500\u20131510",
  "objectBeginDate": 1495,
  "objectEndDate": 1505,
  "medium": "Colorless glass, vitreous paint, and silver stain",
  "dimensions": "6 1/4 \u00d7 1/16 in. (15.9 \u00d7 0.2 cm)",
  "measurements": [
    {
      "elementName": "Overall",
      "elementDescription": null,
      "elementMeasurements": {
        "Diameter": 15.9,
        "Thickness": 0.15875031
      }
    }
  ],
  "creditLine": "The Cloisters Collection, 2013",
  "geographyType": "Made in",
  "city": "",
  "state": "",
  "county": "",
  "country": "Germany",
  "region": "",
  "subregion": "",
  "locale": "",
  "locus": "",
  "excavation": "",
  "river": "",
  "classification": "Glass-Painted",
  "rightsAndReproduction": "",
  "linkResource": "",
  "metadataDate": "2021-07-16T04:41:38.683Z",
  "repository": "Metropolitan Museum of Art, New York, NY",
  "objectURL": "https://www.metmuseum.org/art/collection/search/479798",
  "tags": [
    {
      "term": "Women",
      "AAT_URL": "http://vocab.getty.edu/page/aat/300025943",
      "Wikidata_URL": "https://www.wikidata.org/wiki/Q467"
    },
    {
      "term": "Saint Catherine",
      "AAT_URL": null,
      "Wikidata_URL": null
    },
    {
      "term": "Saints",
      "AAT_URL": "http://vocab.getty.edu/page/aat/300150555",
      "Wikidata_URL": "https://www.wikidata.org/wiki/Q43115"
    }
  ],
  "objectWikidata_URL": "https://www.wikidata.org/wiki/Q20201033",
  "isTimelineWork": false,
  "GalleryNumber": "",
  "prov": "Nicolas Landau and Jacqueline Goldman (sold 2013) ; Sotheby's, Paris (April 8, 2013, lot 209) ; [ Gallery Barbara Giesicke German, Badenweiler-Lipburg (sold 2013)]"
}