{
  "objectID": 671535,
  "isHighlight": false,
  "accessionNumber": "2014.728",
  "accessionYear": "2014",
  "isPublicDomain": true,
  "primaryImage": "https://images.metmuseum.org/CRDImages/cl/original/DP342089.jpg",
  "primaryImageSmall": "https://images.metmuseum.org/CRDImages/cl/web-large/DP342089.jpg",
  "additionalImages": [
    "https://images.metmuseum.org/CRDImages/cl/original/DP342090.jpg",
    "https://images.metmuseum.org/CRDImages/cl/original/DP342088.jpg"
  ],
  "constituents": null,
  "department": "The Cloisters",
  "objectName": "Jug",
  "title": "Jug",
  "culture": "German",
  "period": "",
  "dynasty": "",
  "reign": "",
  "portfolio": "",
  "artistRole": "",
  "artistPrefix": "",
  "artistDisplayName": "",
  "artistDisplayBio": "",
  "artistSuffix": "",
  "artistAlphaSort": "",
  "artistNationality": "",
  "artistBeginDate": "",
  "artistEndDate": "",
  "artistGender": "",
  "artistWikidata_URL": "",
  "artistULAN_URL": "",
  "objectDate": "late 14th\u2013early 15th century",
  "objectBeginDate": 1370,
  "objectEndDate": 1430,
  "medium": "Stoneware",
  "dimensions": "10 3/8 \u00d7 3 9/16 \u00d7 3 7/16 in. (26.4 \u00d7 9.1 \u00d7 8.7 cm)\r\nMouth: 2 1/16 in. (5.2 cm)\r\nBody diameter: 3 7/16 in. (8.7 cm)\r\nOther (foot diam.): 3 3/8 in. (8.6 cm)",
  "measurements": [
    {
      "elementName": "Overall",
      "elementDescription": null,
      "elementMeasurements": {
        "Depth": 8.7,
        "Height": 26.4,
        "Width": 9.1
      }
    },
    {
      "elementName": "Other",
      "elementDescription": "foot diam.",
      "elementMeasurements": {
        "Diameter": 8.6
      }
    },
    {
      "elementName": "Body diameter",
      "elementDescription": null,
      "elementMeasurements": {
        "Diameter": 8.7
      }
    },
    {
      "elementName": "Mouth",
      "elementDescription": null,
      "elementMeasurements": {
        "Diameter": 5.2
      }
    }
  ],
  "creditLine": "Robert A. Ellison Jr. Collection, Gift of Robert A. Ellison Jr., 2014",
  "geographyType": "Made in",
  "city": "Siegburg",
  "state": "",
  "county": "",
  "country": "Germany",
  "region": "",
  "subregion": "",
  "locale": "",
  "locus": "",
  "excavation": "",
  "river": "",
  "classification": "Ceramics-Pottery",
  "rightsAndReproduction": "",
  "linkResource": "",
  "metadataDate": "2021-07-16T04:41:38.683Z",
  "repository": "Metropolitan Museum of Art, New York, NY",
  "objectURL": "https://www.metmuseum.org/art/collection/search/671535",
  "tags": [
    {
      "term": "Jugs",
      "AAT_URL": "http://vocab.getty.edu/page/aat/300045685",
      "Wikidata_URL": "https://www.wikidata.org/wiki/Q2413314"
    }
  ],
  "objectWikidata_URL": "",
  "isTimelineWork": false,
  "GalleryNumber": "",
  "prov": "Robert A. Ellison Jr. (until 2014; to MMA)"
}